{"type":"FeatureCollection","features":[{"type":"Feature","properties":{"name":null,"highway":"cycleway","surface":"asphalt","osm_id":492834362},"geometry":{"type":"LineString","coordinates":[[-85.798969,43.421653],[-85.798956,43.42173],[-85.799001,43.421875],[-85.799001,43.421934],[-85.798968,43.421987],[-85.798898,43.422072],[-85.798878,43.422161],[-85.798891,43.422252],[-85.798932,43.422324],[-85.798988,43.422371],[-85.799059,43.422396],[-85.79916,43.422408],[-85.799266,43.422395],[-85.799841,43.422302],[-85.799882,43.422295],[-85.799957,43.422311],[-85.80002,43.422356],[-85.800089,43.422379],[-85.80022,43.422386],[-85.800313,43.422375],[-85.800419,43.422346],[-85.800513,43.4223],[-85.800567,43.422269],[-85.800622,43.422268],[-85.80078,43.422261],[-85.800869,43.422252],[-85.800939,43.422241],[-85.801019,43.422216],[-85.80108,43.422177],[-85.801201,43.422076],[-85.801254,43.422035],[-85.801312,43.42201],[-85.801606,43.42195],[-85.801662,43.421949],[-85.801736,43.42197],[-85.801828,43.42201],[-85.801995,43.422109],[-85.802058,43.422131],[-85.802121,43.422143],[-85.802206,43.422138],[-85.802327,43.42211],[-85.802446,43.422083],[-85.802932,43.422005],[-85.803424,43.421909],[-85.803599,43.421888],[-85.804155,43.421835],[-85.804425,43.421803],[-85.804645,43.421761],[-85.804893,43.421741],[-85.805169,43.421711],[-85.805659,43.421643],[-85.806147,43.421577],[-85.806282,43.421552],[-85.806484,43.421483],[-85.806654,43.421455],[-85.806701,43.421437],[-85.806781,43.421385],[-85.806902,43.421269],[-85.807216,43.421089],[-85.807473,43.420814],[-85.80772,43.420438],[-85.807823,43.420143],[-85.807885,43.41979],[-85.807905,43.419541],[-85.807805,43.419514],[-85.807639,43.419483]]}},{"type":"Feature","properties":{"name":null,"highway":"cycleway","surface":"paved","osm_id":599459466},"geometry":{"type":"LineString","coordinates":[[-85.961131,43.456783],[-85.96112,43.456643],[-85.961214,43.45663],[-85.961564,43.456735],[-85.96165,43.456785],[-85.96171,43.456833],[-85.961746,43.456893],[-85.961782,43.45695],[-85.96178,43.457003],[-85.961749,43.457082],[-85.961666,43.457134]]}},{"type":"Feature","properties":{"name":"Town and Country Path","highway":"cycleway","surface":"paved","osm_id":599459468},"geometry":{"type":"LineString","coordinates":[[-85.961666,43.457134],[-85.961615,43.457157],[-85.961706,43.45727],[-85.961706,43.457287],[-85.961632,43.45733],[-85.961607,43.457355],[-85.961598,43.457382],[-85.961597,43.457409],[-85.961615,43.457442],[-85.961699,43.45756],[-85.961804,43.457692],[-85.961822,43.45775],[-85.96182,43.457804],[-85.961804,43.457888],[-85.961741,43.458078],[-85.961697,43.458316],[-85.961725,43.45832],[-85.962262,43.458539]]}},{"type":"Feature","properties":{"name":"Town and Country Path","highway":"cycleway","surface":null,"osm_id":599459470},"geometry":{"type":"LineString","coordinates":[[-85.969153,43.462424],[-85.969251,43.462498],[-85.969519,43.462364],[-85.969804,43.462262],[-85.96988,43.462236],[-85.969958,43.462182],[-85.97037,43.461995],[-85.970755,43.461868],[-85.970828,43.46184],[-85.971407,43.461572],[-85.971841,43.461396],[-85.972084,43.46152],[-85.972259,43.461733],[-85.972448,43.462134],[-85.972684,43.462215],[-85.973292,43.462109],[-85.97336,43.462098],[-85.973817,43.462024],[-85.97416,43.461779],[-85.975739,43.46172],[-85.977154,43.461699],[-85.977216,43.461679],[-85.977332,43.461563],[-85.977403,43.461525],[-85.977537,43.461492],[-85.977606,43.4615],[-85.978507,43.461506],[-85.978591,43.46149],[-85.979249,43.461448],[-85.979321,43.461429],[-85.979373,43.461378],[-85.979401,43.461318],[-85.97941,43.46056],[-85.979281,43.460425],[-85.979262,43.460365],[-85.979289,43.460344],[-85.979427,43.46026],[-85.979431,43.460188]]}},{"type":"Feature","properties":{"name":"Town and Country Path","highway":"cycleway","surface":null,"osm_id":599459471},"geometry":{"type":"LineString","coordinates":[[-85.97336,43.462098],[-85.973661,43.463067],[-85.973454,43.463277],[-85.973573,43.463761],[-85.973529,43.463989],[-85.973429,43.464117],[-85.973322,43.464245],[-85.972612,43.46447],[-85.972509,43.464576],[-85.972475,43.464702],[-85.972488,43.464831],[-85.97248,43.464937],[-85.972399,43.465039],[-85.97227,43.465148],[-85.972103,43.465239],[-85.97163,43.465445],[-85.971459,43.465476],[-85.971237,43.465494],[-85.971057,43.465518],[-85.971007,43.465585],[-85.970965,43.465673],[-85.970974,43.465794],[-85.970999,43.465888],[-85.97095,43.466212],[-85.970885,43.466301],[-85.970887,43.466456],[-85.970891,43.466842],[-85.970893,43.467024]]}},{"type":"Feature","properties":{"name":"Town and Country Path","highway":"cycleway","surface":null,"osm_id":599460673},"geometry":{"type":"LineString","coordinates":[[-85.970893,43.467024],[-85.970827,43.467111],[-85.970318,43.467109],[-85.969122,43.467105],[-85.968782,43.467101],[-85.967968,43.467097],[-85.967773,43.467096],[-85.967615,43.467093],[-85.967608,43.467212],[-85.967601,43.467337],[-85.967674,43.467336],[-85.967656,43.468183],[-85.967637,43.468269],[-85.967625,43.468325],[-85.967619,43.468353],[-85.967437,43.468653],[-85.96738,43.468749],[-85.967215,43.469004],[-85.967177,43.469127],[-85.967166,43.469279],[-85.967151,43.470075],[-85.967135,43.470905],[-85.967073,43.471131],[-85.96706,43.471152],[-85.967016,43.471245],[-85.96695,43.471297],[-85.966935,43.471352],[-85.966655,43.471735],[-85.966592,43.471859],[-85.966562,43.471962],[-85.966549,43.472057],[-85.966546,43.472131],[-85.96652,43.474285],[-85.966483,43.474339],[-85.966444,43.474341],[-85.966237,43.474374],[-85.959897,43.474372],[-85.9599,43.474416],[-85.959908,43.474527],[-85.959865,43.474525],[-85.959765,43.474518],[-85.959595,43.474505],[-85.959432,43.474509],[-85.9591,43.474511],[-85.957219,43.474525],[-85.956419,43.47453],[-85.956366,43.474536],[-85.956015,43.474538],[-85.955905,43.474536],[-85.955784,43.474534],[-85.955193,43.47454],[-85.955086,43.474556],[-85.954351,43.474549],[-85.954258,43.47455],[-85.954138,43.474551],[-85.953905,43.474552],[-85.953672,43.474552],[-85.953644,43.474545],[-85.952846,43.474548],[-85.952757,43.474555],[-85.9525,43.474566],[-85.951943,43.474567],[-85.951225,43.474569],[-85.951167,43.474552],[-85.950952,43.474566],[-85.950514,43.474574],[-85.950427,43.47456],[-85.949926,43.474561],[-85.949817,43.474572],[-85.949736,43.47458],[-85.949665,43.474626],[-85.949652,43.474634],[-85.948853,43.47462],[-85.94864,43.47455],[-85.948585,43.474535],[-85.948536,43.474521],[-85.948485,43.474507],[-85.948038,43.474381],[-85.947936,43.474393]]}},{"type":"Feature","properties":{"name":"Town and Country Path","highway":"cycleway","surface":null,"osm_id":599463914},"geometry":{"type":"LineString","coordinates":[[-85.947936,43.474393],[-85.947745,43.474678],[-85.947682,43.474719],[-85.947524,43.475042],[-85.947459,43.475173],[-85.947347,43.475402],[-85.94732,43.475578],[-85.947304,43.475682],[-85.946885,43.475654],[-85.946864,43.475715],[-85.946823,43.475745],[-85.946778,43.475765],[-85.946723,43.475766],[-85.946549,43.475718],[-85.946419,43.475704],[-85.946002,43.475775],[-85.945904,43.475777],[-85.945655,43.475767],[-85.945671,43.475982],[-85.945658,43.476058],[-85.945629,43.476244],[-85.945584,43.476369],[-85.945545,43.476904],[-85.945409,43.477077],[-85.945348,43.477201],[-85.945345,43.477389],[-85.945441,43.477537],[-85.94559,43.477639],[-85.945835,43.477821],[-85.945877,43.477893],[-85.945858,43.477966],[-85.945775,43.478022],[-85.945548,43.478068],[-85.94547,43.478056],[-85.94539,43.478023],[-85.945215,43.477891],[-85.945082,43.477879],[-85.944759,43.47793],[-85.944578,43.47801],[-85.94438,43.478122],[-85.944296,43.478133],[-85.944063,43.478086],[-85.943667,43.478],[-85.943509,43.47788],[-85.943487,43.477873],[-85.943368,43.477835],[-85.943305,43.477732],[-85.943207,43.477576],[-85.943,43.477644],[-85.942598,43.477725],[-85.942334,43.477554],[-85.942198,43.477466],[-85.941968,43.477365],[-85.941803,43.477246],[-85.94172,43.477005],[-85.941698,43.476779],[-85.941656,43.476569]]}},{"type":"Feature","properties":{"name":"Town and Country Path","highway":"cycleway","surface":null,"osm_id":599463916},"geometry":{"type":"LineString","coordinates":[[-85.956375,43.464302],[-85.956439,43.46434],[-85.956565,43.464359],[-85.956605,43.464388],[-85.9567,43.464459],[-85.956787,43.464484],[-85.957311,43.46451],[-85.957634,43.464555],[-85.958134,43.464615],[-85.958683,43.464654],[-85.959419,43.464691],[-85.959492,43.464705],[-85.959659,43.464721],[-85.959712,43.464708],[-85.959796,43.464696],[-85.959907,43.464685],[-85.959977,43.464666],[-85.96073,43.464402],[-85.961887,43.463876],[-85.96252,43.463612],[-85.962724,43.463513],[-85.962958,43.463431],[-85.963308,43.46331],[-85.963658,43.463158]]}},{"type":"Feature","properties":{"name":"Town and Country Path","highway":"cycleway","surface":"paved","osm_id":599463917},"geometry":{"type":"LineString","coordinates":[[-85.959072,43.459604],[-85.959156,43.459637],[-85.959225,43.459646],[-85.95929,43.459668],[-85.959743,43.459881],[-85.959809,43.459911],[-85.959892,43.459941],[-85.960301,43.459988],[-85.960506,43.459988],[-85.960909,43.459985],[-85.960958,43.459975]]}},{"type":"Feature","properties":{"name":"Town and Country Path","highway":"cycleway","surface":"paved","osm_id":753331729},"geometry":{"type":"LineString","coordinates":[[-85.961464,43.458637],[-85.961504,43.45865],[-85.961532,43.458527],[-85.961565,43.458449],[-85.961605,43.458363],[-85.961635,43.458327],[-85.961697,43.458316]]}},{"type":"Feature","properties":{"name":"Town and Country Path","highway":"cycleway","surface":"paved","osm_id":753331730},"geometry":{"type":"LineString","coordinates":[[-85.961387,43.458625],[-85.961464,43.458637]]}},{"type":"Feature","properties":{"name":null,"highway":"cycleway","surface":"paved","osm_id":809960248},"geometry":{"type":"LineString","coordinates":[[-85.799167,43.42398],[-85.798687,43.423832],[-85.798474,43.423784],[-85.798239,43.423741],[-85.798117,43.423706],[-85.798075,43.423676]]}},{"type":"Feature","properties":{"name":null,"highway":"cycleway","surface":"paved","osm_id":809960249},"geometry":{"type":"LineString","coordinates":[[-85.800353,43.424138],[-85.799167,43.42398]]}},{"type":"Feature","properties":{"name":null,"highway":"cycleway","surface":"paved","osm_id":809960250},"geometry":{"type":"LineString","coordinates":[[-85.802031,43.424197],[-85.801914,43.424205],[-85.801603,43.424214],[-85.801261,43.424201],[-85.801217,43.424198],[-85.800676,43.424161],[-85.800353,43.424138]]}},{"type":"Feature","properties":{"name":null,"highway":"cycleway","surface":"asphalt","osm_id":855370019},"geometry":{"type":"LineString","coordinates":[[-85.972161,43.461124],[-85.972229,43.461235],[-85.972159,43.461438],[-85.972084,43.46152]]}},{"type":"Feature","properties":{"name":"Hungerford Lake Mountain Bike Trail","highway":"cycleway","surface":"unpaved","osm_id":892006061},"geometry":{"type":"LineString","coordinates":[[-85.639642,43.714819],[-85.639082,43.714496],[-85.638519,43.714476],[-85.63846,43.714302],[-85.638181,43.714077],[-85.638009,43.713542],[-85.637151,43.71329],[-85.636749,43.712708],[-85.636534,43.712507],[-85.635826,43.71232],[-85.635563,43.712309],[-85.635182,43.712477],[-85.634933,43.712479],[-85.634699,43.712435],[-85.634557,43.712346],[-85.634426,43.712295],[-85.634032,43.712249],[-85.633922,43.712198],[-85.63378,43.712167],[-85.633551,43.712138],[-85.633264,43.712026],[-85.633074,43.711983],[-85.632841,43.711845],[-85.632639,43.711787],[-85.632307,43.711871],[-85.631867,43.711824],[-85.631711,43.711754],[-85.631588,43.711758],[-85.631406,43.711774],[-85.631084,43.711715],[-85.630896,43.711723],[-85.630569,43.711564],[-85.630145,43.71075],[-85.629598,43.710327],[-85.628863,43.710083],[-85.628587,43.709972],[-85.628536,43.709767],[-85.628178,43.709849],[-85.627474,43.710106],[-85.62514,43.710335],[-85.625077,43.710377],[-85.62433,43.710417],[-85.623136,43.710631],[-85.62264,43.710979],[-85.622438,43.711089],[-85.621138,43.711231],[-85.618161,43.711634],[-85.617641,43.711615],[-85.616997,43.711859],[-85.613467,43.712518],[-85.610865,43.713092],[-85.610045,43.71284],[-85.609723,43.712956],[-85.609294,43.713301],[-85.609041,43.713327],[-85.608087,43.713515],[-85.606633,43.713767],[-85.605769,43.71386]]}},{"type":"Feature","properties":{"name":"Hungerford Lake Mountain Bike Trail","highway":"cycleway","surface":"unpaved","osm_id":892006062},"geometry":{"type":"LineString","coordinates":[[-85.642354,43.713619],[-85.642124,43.7136],[-85.641679,43.71341],[-85.641444,43.713326],[-85.641218,43.713331],[-85.641055,43.7134],[-85.640891,43.713497],[-85.640706,43.713546],[-85.640531,43.713681],[-85.640385,43.713827],[-85.640315,43.71401],[-85.640238,43.714097],[-85.640054,43.714154],[-85.639821,43.714175],[-85.639695,43.714245],[-85.639614,43.714344],[-85.639657,43.714642],[-85.639642,43.714819],[-85.639812,43.715054],[-85.640252,43.715411],[-85.641508,43.716166],[-85.641576,43.716296],[-85.641562,43.716429],[-85.641422,43.716527],[-85.641265,43.716645],[-85.640986,43.717152],[-85.640788,43.717259],[-85.640663,43.717377],[-85.640641,43.717523],[-85.6408,43.717698],[-85.640855,43.717792],[-85.640852,43.717954],[-85.640824,43.718123],[-85.640612,43.718346],[-85.640345,43.718578],[-85.640303,43.71881],[-85.640198,43.718993],[-85.640133,43.71919],[-85.640208,43.71945],[-85.640186,43.719566],[-85.640248,43.719742],[-85.640408,43.720044],[-85.640325,43.72021],[-85.640213,43.720368],[-85.640169,43.720593],[-85.640231,43.72084],[-85.639908,43.721265],[-85.639844,43.721428],[-85.639382,43.72185],[-85.639114,43.722095],[-85.635767,43.72377],[-85.634286,43.724747],[-85.632162,43.724902],[-85.631347,43.7247],[-85.630424,43.724607],[-85.628879,43.724219],[-85.628487,43.724397],[-85.62843,43.724607],[-85.628557,43.724669],[-85.628841,43.724644],[-85.628868,43.724727],[-85.628557,43.725284],[-85.628593,43.725563],[-85.628836,43.725723],[-85.629432,43.725676],[-85.629557,43.725763],[-85.629405,43.725964],[-85.628793,43.726429],[-85.628702,43.727035],[-85.628396,43.727258],[-85.625435,43.727282],[-85.624899,43.727134],[-85.624191,43.727251],[-85.623021,43.727476],[-85.622549,43.727408],[-85.62183,43.727431],[-85.621487,43.72739],[-85.620983,43.727088],[-85.61873,43.727065],[-85.618494,43.726863],[-85.617936,43.725499],[-85.617517,43.724684],[-85.616648,43.724188],[-85.615696,43.723369]]}},{"type":"Feature","properties":{"name":"The Dragon Trail - Segment #1","highway":"path","surface":"unpaved","osm_id":892015891},"geometry":{"type":"LineString","coordinates":[[-85.60545,43.504509],[-85.605349,43.504459],[-85.605294,43.504425],[-85.605259,43.504385],[-85.605238,43.504338],[-85.605205,43.504298],[-85.605149,43.504259],[-85.605102,43.504242],[-85.605054,43.504208],[-85.605003,43.504161],[-85.604943,43.504107],[-85.604868,43.504061],[-85.604817,43.504014],[-85.604768,43.503965],[-85.604704,43.503902],[-85.604693,43.50386],[-85.604676,43.503816],[-85.604665,43.503764],[-85.604619,43.503714],[-85.604564,43.503679],[-85.6045,43.503653],[-85.604444,43.503628],[-85.60439,43.503593],[-85.604353,43.50355],[-85.604328,43.503484],[-85.604318,43.503425],[-85.604309,43.503362],[-85.604297,43.503297],[-85.604277,43.503234],[-85.60423,43.503184],[-85.604154,43.503135],[-85.60409,43.503095],[-85.604025,43.503032],[-85.604002,43.503001],[-85.603984,43.502968],[-85.603969,43.50293],[-85.60396,43.502885],[-85.603956,43.502809],[-85.603967,43.502745],[-85.60401,43.502678],[-85.604067,43.502623],[-85.604107,43.502558],[-85.604114,43.502476],[-85.604093,43.50239],[-85.6041,43.502347],[-85.604123,43.502296],[-85.604167,43.502227],[-85.604197,43.502194],[-85.604235,43.502139],[-85.604258,43.502102],[-85.604262,43.502044],[-85.604216,43.501874],[-85.604179,43.501726],[-85.604143,43.501607],[-85.604106,43.501478],[-85.604086,43.501401],[-85.604083,43.50098],[-85.604093,43.500884],[-85.604097,43.500813],[-85.60409,43.500731],[-85.604063,43.500659],[-85.604028,43.50055],[-85.603983,43.5004],[-85.603925,43.500258],[-85.603872,43.50016],[-85.603849,43.500091],[-85.603838,43.500022],[-85.60385,43.499965],[-85.603888,43.499833],[-85.603906,43.499676],[-85.603922,43.499506],[-85.603936,43.499402],[-85.603988,43.499289],[-85.604043,43.499169],[-85.604042,43.499058],[-85.603921,43.49895],[-85.603832,43.498809],[-85.603762,43.498702],[-85.603709,43.498612],[-85.603695,43.498522],[-85.60372,43.498438],[-85.603718,43.498348],[-85.603696,43.498267],[-85.603598,43.498128],[-85.603504,43.498029],[-85.603454,43.497941],[-85.603466,43.497875],[-85.603611,43.497783],[-85.603762,43.497705],[-85.603914,43.497644],[-85.60404,43.497623],[-85.604122,43.497669],[-85.604184,43.497752],[-85.604238,43.49786],[-85.604241,43.497946],[-85.604284,43.498029],[-85.604367,43.498109],[-85.604441,43.498169],[-85.604498,43.498307],[-85.604607,43.498377],[-85.604713,43.498395],[-85.604854,43.498332],[-85.604951,43.498257],[-85.604998,43.498176],[-85.605074,43.49808],[-85.605168,43.498009],[-85.605257,43.497952],[-85.605292,43.497889],[-85.605278,43.497814],[-85.605172,43.497778],[-85.605095,43.497722],[-85.605032,43.497653],[-85.604996,43.497525],[-85.60503,43.497464],[-85.60511,43.497418],[-85.605238,43.497423],[-85.60541,43.497486],[-85.605535,43.497526],[-85.605671,43.497531],[-85.605819,43.497499],[-85.60592,43.497449],[-85.605994,43.497381],[-85.606027,43.49729],[-85.606075,43.497224],[-85.606139,43.497152],[-85.606239,43.49709],[-85.606349,43.497038],[-85.606529,43.497008],[-85.606673,43.496988],[-85.606856,43.49697],[-85.607045,43.496976],[-85.607218,43.497002],[-85.607388,43.497024],[-85.607524,43.497],[-85.607643,43.496964],[-85.60776,43.496943],[-85.607902,43.496953],[-85.608032,43.496968],[-85.60818,43.496949],[-85.608378,43.496899],[-85.608528,43.496871],[-85.608717,43.496878],[-85.60886,43.496885],[-85.609022,43.496888],[-85.609107,43.496895],[-85.609292,43.496939],[-85.609483,43.496966],[-85.609642,43.496983],[-85.609774,43.496977],[-85.609868,43.496934],[-85.609903,43.496837],[-85.609904,43.496694],[-85.609864,43.496551],[-85.609759,43.49649],[-85.609667,43.49648],[-85.609577,43.496484],[-85.609481,43.496473],[-85.609457,43.496418],[-85.609494,43.496359],[-85.609624,43.496297],[-85.60978,43.496274],[-85.609914,43.496238],[-85.610046,43.496199],[-85.610142,43.49619],[-85.610272,43.496218],[-85.610379,43.49622],[-85.610483,43.496157],[-85.610549,43.496072],[-85.610644,43.495992],[-85.610661,43.495895],[-85.610652,43.495809],[-85.610628,43.495733],[-85.610538,43.495669],[-85.610487,43.495608],[-85.610511,43.495544],[-85.61065,43.495488],[-85.610785,43.495449],[-85.610919,43.495446],[-85.611011,43.495438],[-85.611113,43.495412],[-85.611335,43.495319],[-85.611438,43.49526],[-85.611587,43.4952],[-85.611781,43.495143],[-85.611926,43.495056],[-85.612073,43.49494],[-85.612156,43.494895],[-85.612267,43.49485],[-85.612378,43.494799],[-85.612439,43.494753],[-85.612512,43.494718],[-85.612624,43.494687],[-85.612748,43.494648],[-85.612855,43.494621],[-85.612953,43.494618],[-85.613039,43.494613],[-85.613118,43.494599],[-85.613451,43.494495],[-85.613665,43.49443],[-85.613776,43.494414],[-85.613858,43.494378],[-85.613911,43.494338],[-85.613989,43.494279],[-85.614076,43.494192],[-85.6142,43.494122],[-85.614317,43.494052],[-85.614451,43.493946],[-85.614632,43.493881],[-85.614786,43.493798],[-85.61495,43.493697],[-85.615172,43.493597],[-85.615386,43.493507],[-85.615535,43.493455],[-85.615633,43.493426],[-85.615754,43.493426],[-85.615877,43.493433],[-85.61597,43.493406],[-85.616063,43.49338],[-85.616139,43.493351],[-85.616214,43.493338],[-85.616357,43.493279],[-85.616473,43.493203],[-85.616589,43.493131],[-85.616703,43.493043],[-85.616755,43.492977],[-85.616781,43.492888],[-85.616843,43.492783],[-85.61691,43.492697],[-85.616995,43.492581],[-85.617047,43.492493],[-85.617091,43.49239],[-85.617102,43.492296],[-85.61713,43.492204],[-85.617236,43.492102],[-85.617356,43.491974],[-85.617431,43.491881],[-85.617489,43.491827],[-85.617595,43.491768],[-85.617688,43.49168],[-85.617762,43.491597],[-85.617826,43.491485],[-85.617832,43.491373],[-85.617833,43.491295],[-85.617857,43.491199]]}},{"type":"Feature","properties":{"name":"The Dragon Trail - Segment #3","highway":"path","surface":"dirt","osm_id":892015892},"geometry":{"type":"LineString","coordinates":[[-85.55876,43.506841],[-85.558827,43.506924],[-85.559087,43.507361],[-85.559661,43.507591],[-85.559769,43.507578],[-85.55999,43.507483],[-85.560141,43.507491],[-85.560395,43.507618],[-85.560586,43.507632],[-85.560781,43.50756],[-85.560992,43.507606],[-85.561232,43.507619],[-85.561534,43.50775],[-85.561713,43.507802],[-85.562251,43.507911],[-85.5624,43.507992],[-85.562511,43.508171],[-85.562645,43.508335],[-85.562999,43.508389],[-85.563393,43.508538],[-85.563853,43.508645],[-85.563976,43.508609],[-85.564046,43.508458],[-85.564029,43.508155],[-85.56407,43.507895],[-85.564198,43.507656],[-85.564024,43.507523],[-85.563753,43.507488],[-85.563661,43.507439],[-85.563648,43.50737],[-85.563694,43.507306],[-85.563795,43.507299],[-85.564748,43.507448],[-85.564946,43.507418],[-85.565693,43.506601],[-85.566121,43.506387],[-85.566548,43.505946],[-85.566819,43.505907],[-85.567296,43.505648],[-85.567601,43.505737],[-85.567757,43.505679],[-85.567792,43.505455],[-85.56815,43.505398],[-85.568643,43.505493],[-85.568807,43.505594],[-85.569054,43.505642],[-85.570138,43.505696],[-85.570993,43.505493],[-85.571461,43.505523],[-85.572299,43.505129],[-85.573959,43.504623],[-85.574189,43.504402],[-85.574345,43.504438],[-85.574534,43.504259],[-85.574846,43.504331],[-85.575364,43.504236],[-85.57547,43.504116],[-85.575766,43.504128],[-85.577935,43.504152],[-85.578593,43.504087],[-85.579036,43.504063],[-85.579636,43.504146],[-85.580441,43.504218],[-85.581357,43.504462],[-85.581758,43.50455],[-85.582057,43.504531],[-85.582356,43.504604],[-85.583203,43.504811],[-85.583265,43.504826],[-85.583544,43.504873],[-85.58397,43.504945],[-85.584258,43.504994],[-85.584725,43.505119],[-85.585388,43.505316],[-85.585589,43.505332],[-85.585665,43.50536],[-85.585777,43.505369],[-85.585921,43.505338],[-85.586017,43.505246],[-85.58605,43.505215],[-85.586113,43.505103],[-85.586107,43.505005],[-85.585892,43.504865],[-85.58591,43.504483],[-85.586001,43.504158],[-85.58613,43.503998],[-85.586364,43.503851],[-85.586607,43.503737],[-85.586827,43.503721],[-85.586901,43.50369],[-85.586955,43.503628],[-85.58707,43.503297],[-85.587132,43.50326],[-85.587181,43.503256]]}},{"type":"Feature","properties":{"name":"The Dragon Trail - Segment #8","highway":"path","surface":"unpaved","osm_id":892015894},"geometry":{"type":"LineString","coordinates":[[-85.602233,43.522744],[-85.602065,43.522389],[-85.601939,43.522294],[-85.601853,43.522205],[-85.601842,43.522119],[-85.601775,43.521993],[-85.601778,43.521827],[-85.601743,43.521759],[-85.601649,43.521662],[-85.601502,43.521603],[-85.601301,43.5216],[-85.601075,43.521584],[-85.600901,43.521559],[-85.600641,43.521557],[-85.600375,43.521541],[-85.600257,43.521582],[-85.600217,43.521664],[-85.60026,43.521985],[-85.600233,43.522086],[-85.60015,43.52214],[-85.600013,43.521989],[-85.599922,43.521862],[-85.599863,43.521714],[-85.599804,43.521607],[-85.599715,43.52153],[-85.599624,43.521462],[-85.599498,43.521423],[-85.599364,43.521407],[-85.59919,43.521415],[-85.599034,43.521456],[-85.598903,43.521438],[-85.598814,43.521405],[-85.598739,43.521294],[-85.598693,43.521191],[-85.598613,43.521104],[-85.598522,43.52103],[-85.598326,43.52094],[-85.598138,43.520849],[-85.598031,43.520814],[-85.597905,43.520814],[-85.597857,43.520707],[-85.597717,43.520606],[-85.597487,43.520495],[-85.597224,43.520306],[-85.597154,43.520244],[-85.597025,43.520213],[-85.596915,43.520139],[-85.596902,43.520038],[-85.596835,43.519966],[-85.596695,43.519906],[-85.596556,43.519911],[-85.59647,43.519822],[-85.59639,43.519659],[-85.596266,43.519563],[-85.596076,43.519417],[-85.595931,43.519388],[-85.595754,43.519425],[-85.595609,43.519486],[-85.595435,43.51952],[-85.595303,43.519462],[-85.595199,43.519328],[-85.595169,43.519172],[-85.595193,43.519048],[-85.595282,43.518986],[-85.595325,43.518884],[-85.595309,43.518809],[-85.59514,43.518503],[-85.594756,43.518066],[-85.594472,43.517791],[-85.594265,43.517581],[-85.593973,43.517439],[-85.5939,43.517418],[-85.593817,43.517455],[-85.593761,43.517503],[-85.593758,43.517572],[-85.593742,43.517611],[-85.59367,43.517634],[-85.593603,43.517577],[-85.59357,43.51749],[-85.593595,43.517391],[-85.593522,43.517323],[-85.593496,43.517233],[-85.593519,43.517187],[-85.593544,43.517122],[-85.593519,43.517023],[-85.59342,43.516988],[-85.593329,43.517006],[-85.593211,43.517029],[-85.593109,43.517048],[-85.593029,43.517006],[-85.593072,43.516949],[-85.593174,43.516916],[-85.593286,43.516846],[-85.59338,43.516737],[-85.593369,43.516667],[-85.593334,43.516572],[-85.593227,43.516535],[-85.59309,43.516506],[-85.592972,43.516498],[-85.592827,43.516453],[-85.592734,43.516354],[-85.59268,43.516282],[-85.592498,43.516274],[-85.592366,43.516286],[-85.592138,43.516214],[-85.591956,43.516144],[-85.591642,43.516023],[-85.591315,43.515903],[-85.59098,43.515794],[-85.590808,43.515805],[-85.590642,43.515815],[-85.590473,43.515769],[-85.590357,43.515665],[-85.590218,43.51556],[-85.590089,43.515457],[-85.590121,43.515401],[-85.590207,43.515368],[-85.590432,43.515352],[-85.590652,43.515329],[-85.590792,43.515296],[-85.590776,43.515222],[-85.590644,43.515181],[-85.590381,43.515142],[-85.589931,43.515051],[-85.589494,43.514959],[-85.589153,43.514864],[-85.58885,43.514743],[-85.588619,43.514691],[-85.588431,43.514705],[-85.588177,43.514666],[-85.587884,43.514522],[-85.587514,43.514308],[-85.587305,43.514135],[-85.587112,43.51388],[-85.586768,43.513602],[-85.586535,43.513382],[-85.586202,43.513049],[-85.585905,43.512796],[-85.585591,43.512429],[-85.585385,43.512216],[-85.585229,43.512129],[-85.585033,43.512073],[-85.584872,43.512088],[-85.584695,43.512042],[-85.584475,43.511938],[-85.584188,43.511841],[-85.583872,43.511734],[-85.583692,43.511709],[-85.583507,43.51167],[-85.583394,43.511691],[-85.5833,43.511752],[-85.583308,43.511845],[-85.58333,43.511927],[-85.583298,43.512003],[-85.583198,43.512077],[-85.583123,43.512104],[-85.58311,43.512143],[-85.583142,43.512215],[-85.583228,43.512287],[-85.583252,43.512368],[-85.583166,43.512425],[-85.583027,43.512421],[-85.582952,43.512368],[-85.582869,43.512366],[-85.582772,43.512398],[-85.58267,43.512491],[-85.582506,43.512639],[-85.582396,43.512754],[-85.582297,43.51281],[-85.582206,43.512828],[-85.582096,43.51285]]}},{"type":"Feature","properties":{"name":"The Dragon Trail - Segment #9","highway":"path","surface":"unpaved","osm_id":892015895},"geometry":{"type":"LineString","coordinates":[[-85.631843,43.500418],[-85.63161,43.500513],[-85.631489,43.500542],[-85.631255,43.500501],[-85.631019,43.50048],[-85.630792,43.500554],[-85.63059,43.500741],[-85.630539,43.500852],[-85.630555,43.500965],[-85.630641,43.501023],[-85.630781,43.501068],[-85.630869,43.50111],[-85.630901,43.501217],[-85.630901,43.501373],[-85.630915,43.501575],[-85.630942,43.501673],[-85.631019,43.50176],[-85.631202,43.501861],[-85.631347,43.501887],[-85.631459,43.501931],[-85.631518,43.502062],[-85.631542,43.502138],[-85.631618,43.502184],[-85.631738,43.502245],[-85.631854,43.502258],[-85.631982,43.502291],[-85.632044,43.502371],[-85.632074,43.50247],[-85.632004,43.502566],[-85.631846,43.502577],[-85.631679,43.502536],[-85.631489,43.502517],[-85.63128,43.502443],[-85.631105,43.502408],[-85.630741,43.502307],[-85.630403,43.502219],[-85.630035,43.502122],[-85.629882,43.502114],[-85.629765,43.502149],[-85.629651,43.50219],[-85.62963,43.502305],[-85.629585,43.502371],[-85.629464,43.502371],[-85.629383,43.502313],[-85.629257,43.502243],[-85.629097,43.502228],[-85.628914,43.502262],[-85.628721,43.502427],[-85.628614,43.502482],[-85.628488,43.502505],[-85.628351,43.502554],[-85.628327,43.502603],[-85.628375,43.502692],[-85.628461,43.502743],[-85.62874,43.502762],[-85.629126,43.502854],[-85.629493,43.502961],[-85.629923,43.503114],[-85.630355,43.503326],[-85.630684,43.503418],[-85.630982,43.503494],[-85.631242,43.503533],[-85.631653,43.503624],[-85.631855,43.503635],[-85.63191,43.503649],[-85.631925,43.503653],[-85.631962,43.503684],[-85.631918,43.503713],[-85.631869,43.50373],[-85.631647,43.503773],[-85.630681,43.503931],[-85.630462,43.504055],[-85.630468,43.504317],[-85.630439,43.504423],[-85.630322,43.504402],[-85.629807,43.504205],[-85.629507,43.504227],[-85.629252,43.504253],[-85.629182,43.504288],[-85.629143,43.504311],[-85.629154,43.504358],[-85.629191,43.504394],[-85.629261,43.504433],[-85.62964,43.504541],[-85.629965,43.504765],[-85.630098,43.505007],[-85.63008,43.505185],[-85.630062,43.505367],[-85.630212,43.505534],[-85.630413,43.50569],[-85.63054,43.505911],[-85.6308,43.506071],[-85.630971,43.506344],[-85.631262,43.506514],[-85.631354,43.50653],[-85.63151,43.506472],[-85.631597,43.506445],[-85.631657,43.50645],[-85.631704,43.506491],[-85.631759,43.506545],[-85.631945,43.506591],[-85.632161,43.50664],[-85.632216,43.506721],[-85.632182,43.506832],[-85.631998,43.506933],[-85.631823,43.507101],[-85.631659,43.507216],[-85.631599,43.50735],[-85.631514,43.507525],[-85.631359,43.507704],[-85.631249,43.507745],[-85.63087,43.507843],[-85.63079,43.507863],[-85.630743,43.50791],[-85.630772,43.507963],[-85.630848,43.507985],[-85.631143,43.508149],[-85.631304,43.508184],[-85.631556,43.508052],[-85.631623,43.508052],[-85.631634,43.50811],[-85.631519,43.508181],[-85.631388,43.508271],[-85.631197,43.508337],[-85.630834,43.508327],[-85.630738,43.508341],[-85.630698,43.508385],[-85.630693,43.508452],[-85.630722,43.508491],[-85.630856,43.50849],[-85.631003,43.508523],[-85.631213,43.508532],[-85.631366,43.508523],[-85.631481,43.508435],[-85.631588,43.508443],[-85.631537,43.508554],[-85.631435,43.508651],[-85.63135,43.508665],[-85.630856,43.508886],[-85.630837,43.508945],[-85.630882,43.509001],[-85.631017,43.508994],[-85.631265,43.50893],[-85.631575,43.508925],[-85.631679,43.508995],[-85.631685,43.509082],[-85.631551,43.509141],[-85.631454,43.509223],[-85.63139,43.509312],[-85.631382,43.509417],[-85.631304,43.50947],[-85.631162,43.509478],[-85.631019,43.509542],[-85.630974,43.509635],[-85.630958,43.509754],[-85.630912,43.509863],[-85.63084,43.509947],[-85.630703,43.510046],[-85.630588,43.510235],[-85.630483,43.510408],[-85.630357,43.510575],[-85.630209,43.510707],[-85.630175,43.51081],[-85.630223,43.510906],[-85.630368,43.510933],[-85.630531,43.510902],[-85.630732,43.510828],[-85.630912,43.510797],[-85.631116,43.510727],[-85.631371,43.510588],[-85.631484,43.510561],[-85.631632,43.510546],[-85.631756,43.510558],[-85.631733,43.51062],[-85.631628,43.510735],[-85.631438,43.511024],[-85.63121,43.511232],[-85.631036,43.51145],[-85.630877,43.511588],[-85.630617,43.511713],[-85.630456,43.511923],[-85.630317,43.512063],[-85.630239,43.51218],[-85.630279,43.512306],[-85.630403,43.512456],[-85.630593,43.512606],[-85.630736,43.512713],[-85.630845,43.512744],[-85.630979,43.512707],[-85.631146,43.512744],[-85.631341,43.512804],[-85.631504,43.512806],[-85.631682,43.512812],[-85.631875,43.512773],[-85.632135,43.512763],[-85.632331,43.51282],[-85.632564,43.512899],[-85.632792,43.512958],[-85.633026,43.512936],[-85.63327,43.512886],[-85.6336,43.51275],[-85.6339,43.512582],[-85.634104,43.512431],[-85.634372,43.512281],[-85.634447,43.512201],[-85.634434,43.512051],[-85.634469,43.511999],[-85.634541,43.512034],[-85.634565,43.512137],[-85.634638,43.512213],[-85.634716,43.512261]]}},{"type":"Feature","properties":{"name":"Hungerford Lake Mountain Bike Trail","highway":"cycleway","surface":"unpaved","osm_id":905603297},"geometry":{"type":"LineString","coordinates":[[-85.628997,43.700536],[-85.630467,43.702987]]}},{"type":"Feature","properties":{"name":"Hungerford Lake Mountain Bike Trail","highway":"cycleway","surface":"unpaved","osm_id":905603298},"geometry":{"type":"LineString","coordinates":[[-85.612036,43.696298],[-85.612271,43.69682],[-85.612164,43.697704],[-85.612314,43.69796],[-85.612393,43.698022],[-85.612455,43.69807],[-85.613065,43.69848],[-85.613365,43.698976],[-85.615039,43.69924],[-85.615243,43.699411],[-85.615972,43.700753],[-85.616648,43.700481],[-85.617034,43.699899],[-85.617485,43.699791],[-85.617946,43.699349],[-85.61859,43.699062],[-85.619727,43.699077],[-85.620296,43.698922],[-85.620918,43.699054],[-85.621229,43.699752],[-85.621498,43.699876],[-85.622774,43.699923],[-85.623225,43.699931],[-85.624663,43.699868],[-85.625746,43.700179],[-85.628107,43.699915],[-85.628686,43.70038],[-85.628997,43.700536]]}},{"type":"Feature","properties":{"name":"Hungerford Lake Mountain Bike Trail","highway":"cycleway","surface":"unpaved","osm_id":936111646},"geometry":{"type":"LineString","coordinates":[[-85.615696,43.723369],[-85.614486,43.723282]]}},{"type":"Feature","properties":{"name":"Hungerford Lake Mountain Bike Trail","highway":"cycleway","surface":"unpaved","osm_id":936111647},"geometry":{"type":"LineString","coordinates":[[-85.614486,43.723282],[-85.613494,43.723227],[-85.611713,43.723266],[-85.6116,43.723184],[-85.610908,43.722444],[-85.60888,43.722242],[-85.60873,43.721699],[-85.60843,43.721451],[-85.607293,43.721133],[-85.607046,43.72087],[-85.605984,43.720466],[-85.605844,43.720156],[-85.606188,43.720056],[-85.608355,43.720536],[-85.608773,43.720769],[-85.610865,43.720932],[-85.611631,43.72099]]}},{"type":"Feature","properties":{"name":"Hungerford Lake Mountain Bike Trail","highway":"cycleway","surface":"unpaved","osm_id":936111650},"geometry":{"type":"LineString","coordinates":[[-85.61077,43.719835],[-85.610549,43.719688]]}},{"type":"Feature","properties":{"name":"Hungerford Lake Mountain Bike Trail","highway":"cycleway","surface":"unpaved","osm_id":936111651},"geometry":{"type":"LineString","coordinates":[[-85.610549,43.719688],[-85.608537,43.718164],[-85.606273,43.716985],[-85.605716,43.71631],[-85.605319,43.715449],[-85.605207,43.714901],[-85.605286,43.714496],[-85.605769,43.71386],[-85.60578,43.713138],[-85.605379,43.712759],[-85.605275,43.712517],[-85.605387,43.712226],[-85.605608,43.712138],[-85.606327,43.711952],[-85.608312,43.712169],[-85.608795,43.712037],[-85.609396,43.712022],[-85.609718,43.711664],[-85.609814,43.710913],[-85.610501,43.710153],[-85.610436,43.709594],[-85.610983,43.709036],[-85.610683,43.708423],[-85.61079,43.707787],[-85.611305,43.707058],[-85.61196,43.706415],[-85.612485,43.706081],[-85.612882,43.704832],[-85.612505,43.704325],[-85.612205,43.703923],[-85.611906,43.703522],[-85.611423,43.703351],[-85.60946,43.70187],[-85.608773,43.701474],[-85.608494,43.70076],[-85.609385,43.700039],[-85.611391,43.699775],[-85.611949,43.69862],[-85.612048,43.69844],[-85.612177,43.698205],[-85.612393,43.698022]]}},{"type":"Feature","properties":{"name":"Gerber Foundation Kids Trail","highway":"cycleway","surface":"compacted","osm_id":970507285},"geometry":{"type":"LineString","coordinates":[[-86.046353,43.292427],[-86.046202,43.292324],[-86.046183,43.292197],[-86.046004,43.291941],[-86.045973,43.291638],[-86.045684,43.291311],[-86.045356,43.291275],[-86.045179,43.291174],[-86.044782,43.290807],[-86.044745,43.290635],[-86.04438,43.290346],[-86.044279,43.290296],[-86.044205,43.290288],[-86.043983,43.290295],[-86.043774,43.290299],[-86.043493,43.290488],[-86.043441,43.290549],[-86.042926,43.290733],[-86.042875,43.290791],[-86.042875,43.290853],[-86.042992,43.290979],[-86.04321,43.291005],[-86.043363,43.290983],[-86.043431,43.29099],[-86.043478,43.29103],[-86.043565,43.291229],[-86.043774,43.291443],[-86.044038,43.29156],[-86.044339,43.291815],[-86.044687,43.292055],[-86.044793,43.292213],[-86.04489,43.292212],[-86.045281,43.292072],[-86.045507,43.292052],[-86.045635,43.29213],[-86.045721,43.292259],[-86.046075,43.292408],[-86.046353,43.292427]]}},{"type":"Feature","properties":{"name":"The Faz Track","highway":"cycleway","surface":"compacted","osm_id":970507286},"geometry":{"type":"LineString","coordinates":[[-86.035867,43.292381],[-86.036012,43.292525],[-86.036038,43.292689],[-86.036178,43.292931],[-86.036333,43.293056],[-86.036927,43.293145],[-86.037117,43.293173],[-86.03719,43.293178],[-86.037347,43.293189],[-86.037447,43.293208],[-86.037552,43.293203],[-86.038338,43.29281],[-86.038493,43.292648],[-86.038681,43.292653],[-86.03895,43.292608],[-86.039305,43.292572],[-86.039488,43.292553],[-86.039611,43.292455],[-86.039676,43.292392],[-86.039606,43.292084],[-86.039638,43.291857],[-86.039698,43.291797],[-86.03981,43.291745],[-86.04001,43.291708],[-86.040193,43.291737],[-86.040877,43.292193],[-86.041236,43.292212],[-86.041483,43.292126],[-86.041692,43.292166],[-86.041773,43.29222],[-86.04181,43.292384],[-86.041929,43.292544],[-86.042033,43.292652],[-86.04206,43.292714],[-86.042026,43.292766],[-86.04195,43.292789],[-86.041795,43.292764],[-86.041647,43.292804],[-86.041474,43.292913],[-86.041342,43.293017],[-86.04133,43.293093],[-86.041399,43.293133],[-86.041482,43.293154],[-86.041676,43.293134],[-86.0418,43.293165],[-86.042111,43.29329],[-86.042234,43.293298],[-86.042336,43.293278],[-86.042444,43.293239],[-86.042513,43.293177],[-86.042471,43.292958],[-86.042542,43.292906],[-86.042839,43.292883],[-86.043139,43.292842],[-86.043307,43.292677],[-86.043462,43.292251],[-86.043216,43.292064],[-86.043087,43.291838],[-86.0431,43.291726],[-86.0432,43.291657],[-86.043309,43.291634],[-86.04344,43.291665],[-86.043613,43.291693],[-86.043878,43.291763],[-86.043921,43.291953],[-86.044139,43.292109],[-86.044159,43.292184],[-86.0441,43.292435],[-86.044166,43.292497],[-86.044197,43.292557],[-86.044215,43.29263],[-86.044337,43.292689],[-86.044717,43.292797],[-86.044878,43.292887],[-86.045042,43.29289],[-86.045212,43.292939],[-86.045284,43.292944],[-86.045463,43.292928],[-86.045617,43.292969],[-86.045695,43.292978],[-86.045813,43.292908],[-86.045961,43.292873],[-86.04606,43.292875],[-86.046185,43.292861],[-86.046375,43.292764],[-86.046537,43.292708],[-86.04659,43.29263],[-86.046642,43.292488],[-86.046637,43.292426],[-86.046583,43.292391],[-86.046501,43.29238],[-86.046433,43.292349],[-86.046354,43.292283],[-86.046295,43.292225],[-86.046276,43.292105],[-86.046368,43.291867],[-86.046397,43.291757],[-86.046382,43.291664],[-86.046331,43.291568],[-86.046037,43.291316],[-86.045925,43.291121],[-86.045877,43.290948],[-86.045952,43.290762],[-86.046061,43.290595],[-86.046299,43.290376],[-86.046376,43.290225],[-86.046359,43.290057],[-86.046144,43.289861],[-86.046113,43.289768],[-86.046058,43.28964],[-86.046175,43.289164],[-86.046262,43.289006],[-86.046177,43.288848],[-86.04634,43.288744],[-86.046313,43.288701],[-86.046257,43.288648],[-86.045963,43.288573],[-86.045703,43.288453],[-86.045625,43.288328],[-86.045614,43.288089],[-86.04582,43.28781],[-86.045781,43.287688],[-86.045656,43.287576],[-86.045553,43.287447],[-86.0456,43.287327],[-86.045673,43.287296],[-86.046032,43.286972],[-86.046129,43.286828],[-86.046123,43.286722],[-86.046001,43.286543],[-86.046048,43.286437],[-86.046145,43.286289],[-86.046177,43.286051],[-86.046164,43.285918],[-86.046113,43.285812],[-86.045851,43.285604],[-86.04581,43.285415],[-86.045667,43.285313],[-86.045556,43.285297],[-86.045453,43.28532],[-86.045146,43.285413],[-86.045013,43.285547],[-86.0449,43.285688],[-86.044842,43.285955],[-86.044384,43.286078],[-86.044236,43.286196],[-86.044224,43.286394],[-86.044294,43.286741],[-86.044284,43.286824],[-86.044186,43.28692],[-86.044079,43.286878],[-86.044021,43.286847],[-86.043878,43.286752],[-86.043768,43.286652],[-86.043599,43.286662],[-86.043517,43.286738],[-86.043495,43.286823],[-86.043527,43.286921],[-86.043607,43.287032],[-86.043722,43.287109],[-86.043819,43.287178],[-86.043907,43.287239],[-86.043909,43.287291],[-86.04387,43.287343],[-86.043693,43.287423],[-86.043538,43.287558],[-86.043441,43.287708],[-86.043328,43.287824],[-86.042996,43.288058],[-86.042855,43.288119],[-86.042637,43.288323],[-86.042543,43.288371],[-86.042338,43.288406],[-86.041864,43.288648],[-86.04165,43.288858],[-86.041397,43.288936],[-86.041279,43.288911],[-86.041154,43.288819],[-86.04094,43.288673],[-86.040801,43.288508],[-86.040792,43.288419],[-86.040907,43.288312],[-86.040899,43.288195],[-86.0409,43.2881],[-86.040866,43.28803],[-86.040642,43.287918]]}},{"type":"Feature","properties":{"name":"Saints' Loop","highway":"cycleway","surface":"compacted","osm_id":970508054},"geometry":{"type":"LineString","coordinates":[[-86.016657,43.290596],[-86.01678,43.290947],[-86.016909,43.291178],[-86.017081,43.291268],[-86.017408,43.29133],[-86.017832,43.291357],[-86.018583,43.291299],[-86.018659,43.291288],[-86.018762,43.291295],[-86.018917,43.291346],[-86.019026,43.291459],[-86.019155,43.291499],[-86.019302,43.291498],[-86.019428,43.291416],[-86.0195,43.291282],[-86.019528,43.291122],[-86.019597,43.291084],[-86.019833,43.290904],[-86.020111,43.290756],[-86.020355,43.290685],[-86.020569,43.290679],[-86.020884,43.290748],[-86.02104,43.290877],[-86.021259,43.291064],[-86.021345,43.291104],[-86.02156,43.291082],[-86.02179,43.291135],[-86.021958,43.291193],[-86.022046,43.29132],[-86.022139,43.291335],[-86.022297,43.29128],[-86.022463,43.291293],[-86.022535,43.29136],[-86.022609,43.2914],[-86.022669,43.291379],[-86.022771,43.291279],[-86.022979,43.291115],[-86.022955,43.290729],[-86.023173,43.290396],[-86.02313,43.290305],[-86.022971,43.290186],[-86.022926,43.290019],[-86.022976,43.289854],[-86.023056,43.289799],[-86.023395,43.289689],[-86.023436,43.28974],[-86.02345,43.289804],[-86.023434,43.289928],[-86.02348,43.289967],[-86.023572,43.289991],[-86.023819,43.289916],[-86.024044,43.28994],[-86.024182,43.289926],[-86.024139,43.289852],[-86.024138,43.2898],[-86.024525,43.289775],[-86.024848,43.28987],[-86.025546,43.290268],[-86.025653,43.290506],[-86.025713,43.29078],[-86.025639,43.290888],[-86.025653,43.290983],[-86.025744,43.291064],[-86.026105,43.291285],[-86.026414,43.291342],[-86.026731,43.291304],[-86.026971,43.291141],[-86.026973,43.29099],[-86.027015,43.290831],[-86.026994,43.290659],[-86.027069,43.290569],[-86.027171,43.29042],[-86.028002,43.289631],[-86.028163,43.289526],[-86.029145,43.289171],[-86.029306,43.289061],[-86.029602,43.288823],[-86.029955,43.288616],[-86.030593,43.28848],[-86.031351,43.288264],[-86.031429,43.287996],[-86.031615,43.287765],[-86.031649,43.287568],[-86.031827,43.287336],[-86.031959,43.287241],[-86.032188,43.287219],[-86.032369,43.287109],[-86.032685,43.28705],[-86.03281,43.286969],[-86.033072,43.286989],[-86.033201,43.28705],[-86.033291,43.287132],[-86.033502,43.287154],[-86.033903,43.287246],[-86.034123,43.287265],[-86.034504,43.287234],[-86.035025,43.28705],[-86.035604,43.286804],[-86.037025,43.286562],[-86.037122,43.286512],[-86.037188,43.286474],[-86.03719,43.286418],[-86.037061,43.286194],[-86.037068,43.286141],[-86.037117,43.286161],[-86.037535,43.286406],[-86.037881,43.286465],[-86.038351,43.28657],[-86.038783,43.286582],[-86.039018,43.286559],[-86.039144,43.28649],[-86.039164,43.286391],[-86.039037,43.286242],[-86.03893,43.286207],[-86.038567,43.286368],[-86.038472,43.286361],[-86.038447,43.286307],[-86.038662,43.286082],[-86.038919,43.285918],[-86.039203,43.28568],[-86.03974,43.285387],[-86.039814,43.285294],[-86.040287,43.28515],[-86.040771,43.284777],[-86.04116,43.284686],[-86.041428,43.28442],[-86.04166,43.284247],[-86.041939,43.284122],[-86.042431,43.283958],[-86.0427,43.283794],[-86.042879,43.283638],[-86.042958,43.283485],[-86.043055,43.283366],[-86.043236,43.283257],[-86.043289,43.283176],[-86.04328,43.283141],[-86.043234,43.283096],[-86.043123,43.283054],[-86.042889,43.282993],[-86.042823,43.282971],[-86.042685,43.282927],[-86.042422,43.282646],[-86.042374,43.282578],[-86.042313,43.28254],[-86.042261,43.282546],[-86.042242,43.282604],[-86.042343,43.282774],[-86.042509,43.283073],[-86.042487,43.283174],[-86.042469,43.283201],[-86.042438,43.283247],[-86.042304,43.283376],[-86.0421,43.283466],[-86.041784,43.283579],[-86.041431,43.283655],[-86.040764,43.28366],[-86.040491,43.283704],[-86.039997,43.283895],[-86.038849,43.284036],[-86.038522,43.284145],[-86.038332,43.284247],[-86.038167,43.284489],[-86.038004,43.284734],[-86.037975,43.284942],[-86.037894,43.285336],[-86.037787,43.285481],[-86.037762,43.285608],[-86.037381,43.285744],[-86.037188,43.285816],[-86.037009,43.285773],[-86.036736,43.285414],[-86.036634,43.285375],[-86.036471,43.285353],[-86.03642,43.285407],[-86.036402,43.285462],[-86.036467,43.285837],[-86.036321,43.28608],[-86.036289,43.286174],[-86.036178,43.286301],[-86.035893,43.286383],[-86.035555,43.286283],[-86.035271,43.286292],[-86.035109,43.286304],[-86.034918,43.286272],[-86.034472,43.286258],[-86.03427,43.286294],[-86.033769,43.286526],[-86.033643,43.286566],[-86.033517,43.286547],[-86.03304,43.286429],[-86.032891,43.28644],[-86.032691,43.286562],[-86.032219,43.286992],[-86.03179,43.287207],[-86.031594,43.287257],[-86.031326,43.287278],[-86.030873,43.287624],[-86.03039,43.287816],[-86.029918,43.288288],[-86.029623,43.28864],[-86.028179,43.289389],[-86.027659,43.289546],[-86.027139,43.289585],[-86.026931,43.289567],[-86.026798,43.289569],[-86.026743,43.2896],[-86.026716,43.289663],[-86.02677,43.289767],[-86.026801,43.289873],[-86.026785,43.289999],[-86.026629,43.290112],[-86.026205,43.290104],[-86.026087,43.290052],[-86.025884,43.289823],[-86.025095,43.289721],[-86.024526,43.289432],[-86.024348,43.2894],[-86.024079,43.289399],[-86.023516,43.289414],[-86.023346,43.28946],[-86.022815,43.289553],[-86.022477,43.289686],[-86.021608,43.290213],[-86.021233,43.29033],[-86.020833,43.290176],[-86.020526,43.290132],[-86.020292,43.290014],[-86.019875,43.289944],[-86.01965,43.290096],[-86.019645,43.29033],[-86.01957,43.290494],[-86.019301,43.290674],[-86.019248,43.290865],[-86.019146,43.290924],[-86.019017,43.29094],[-86.018524,43.290619],[-86.018454,43.290463],[-86.018044,43.290139],[-86.017937,43.290095],[-86.01785,43.290158],[-86.017119,43.290356],[-86.016836,43.290433],[-86.016823,43.290439],[-86.016736,43.290484],[-86.016657,43.290596]]}},{"type":"Feature","properties":{"name":"Infinity","highway":"cycleway","surface":"compacted","osm_id":970508055},"geometry":{"type":"LineString","coordinates":[[-86.024094,43.291868],[-86.023716,43.292177],[-86.023287,43.292314],[-86.023164,43.292333],[-86.022724,43.292345],[-86.022407,43.292333],[-86.021723,43.292185],[-86.021529,43.292189],[-86.021125,43.292088],[-86.021018,43.29208],[-86.020597,43.291923],[-86.020517,43.291828],[-86.020389,43.291787],[-86.020273,43.291849],[-86.020217,43.291959],[-86.020176,43.292021],[-86.019886,43.292287],[-86.019537,43.29249],[-86.019452,43.292533],[-86.01935,43.292568],[-86.019209,43.292648],[-86.019063,43.292671],[-86.018963,43.292675],[-86.018848,43.29269],[-86.018711,43.29265],[-86.018604,43.292611],[-86.018478,43.292499],[-86.018392,43.292451],[-86.018243,43.29241],[-86.018255,43.292316],[-86.018281,43.292217],[-86.018178,43.292175],[-86.018058,43.292219],[-86.017928,43.292266],[-86.017751,43.292283],[-86.017649,43.292259],[-86.017215,43.29222],[-86.016898,43.292162],[-86.016568,43.292123],[-86.01643,43.292133],[-86.016206,43.292135],[-86.016099,43.29219],[-86.015895,43.292294],[-86.015788,43.292302],[-86.01568,43.292279],[-86.015359,43.292064],[-86.015213,43.291939],[-86.015148,43.291834],[-86.015154,43.291783],[-86.015171,43.29173]]}},{"type":"Feature","properties":{"name":"The Matrix","highway":"cycleway","surface":"compacted","osm_id":970508056},"geometry":{"type":"LineString","coordinates":[[-86.040642,43.287918],[-86.040855,43.28773],[-86.041027,43.287613],[-86.041198,43.287453],[-86.041284,43.287442],[-86.041385,43.287446],[-86.041423,43.287428],[-86.041433,43.287377],[-86.04134,43.287248],[-86.041322,43.287183],[-86.041411,43.287083],[-86.041639,43.287047],[-86.041966,43.287043],[-86.04214,43.287023],[-86.042308,43.286929],[-86.042395,43.2868],[-86.042444,43.28673],[-86.042497,43.286492],[-86.042556,43.286414],[-86.042655,43.286311],[-86.043007,43.286183],[-86.043157,43.286066],[-86.043425,43.285699],[-86.043495,43.285543],[-86.043656,43.285328],[-86.043763,43.285102],[-86.043817,43.285032],[-86.044048,43.284852],[-86.044238,43.284794],[-86.044428,43.284692],[-86.044493,43.284622],[-86.044635,43.284506],[-86.044645,43.284465],[-86.044588,43.284416],[-86.04449,43.284401],[-86.044327,43.284433],[-86.044184,43.28442],[-86.044023,43.284479],[-86.043795,43.284633],[-86.043645,43.284758],[-86.043474,43.284977],[-86.043318,43.285293],[-86.043018,43.285816],[-86.042862,43.285934],[-86.042515,43.286077],[-86.042304,43.286207],[-86.042102,43.286734],[-86.042025,43.286768],[-86.041891,43.286805],[-86.041521,43.286789],[-86.041408,43.286769],[-86.041312,43.28673],[-86.041242,43.286664],[-86.04114,43.286629],[-86.041073,43.28658],[-86.040948,43.286572],[-86.040875,43.286668],[-86.040857,43.286842],[-86.04087,43.28701],[-86.040923,43.287153],[-86.040956,43.287222],[-86.040933,43.2873],[-86.040802,43.287429],[-86.040528,43.287554],[-86.039885,43.28773],[-86.039128,43.28773],[-86.038778,43.287705],[-86.038661,43.287726],[-86.038414,43.287895],[-86.038286,43.287956],[-86.037975,43.288038],[-86.037755,43.288105],[-86.037202,43.288282],[-86.036983,43.288373],[-86.036807,43.288338],[-86.036639,43.288359],[-86.036076,43.288312],[-86.035749,43.288222],[-86.03547,43.288074],[-86.035352,43.288054],[-86.035127,43.288062],[-86.035014,43.288081],[-86.034692,43.288191],[-86.03452,43.288292],[-86.034477,43.288366],[-86.034145,43.288655],[-86.033893,43.288819],[-86.033633,43.288998],[-86.033555,43.289152],[-86.033565,43.28974],[-86.033513,43.289936],[-86.033303,43.290229],[-86.033093,43.29042],[-86.033002,43.290569],[-86.032841,43.290686],[-86.032653,43.290779],[-86.032535,43.290807],[-86.032446,43.290847],[-86.032287,43.29084],[-86.032026,43.290792],[-86.031888,43.290802],[-86.031717,43.290708],[-86.031638,43.290616],[-86.03159,43.29042],[-86.03157,43.290293],[-86.031482,43.290039],[-86.031447,43.289965],[-86.031475,43.28987],[-86.031525,43.289753],[-86.031661,43.289792],[-86.031752,43.289842],[-86.031951,43.290022],[-86.032053,43.290038],[-86.03216,43.29003],[-86.03224,43.289971],[-86.03224,43.289893],[-86.032208,43.289815],[-86.032074,43.289686],[-86.031983,43.289611],[-86.031902,43.2895],[-86.031797,43.289471],[-86.03142,43.289444],[-86.031184,43.289425],[-86.030964,43.289436],[-86.030738,43.289647],[-86.030374,43.289866],[-86.030262,43.289929],[-86.030258,43.290109],[-86.030293,43.290219],[-86.030439,43.290335],[-86.030642,43.290389],[-86.030663,43.290428],[-86.030685,43.290545],[-86.030711,43.290702],[-86.03076,43.290928],[-86.030753,43.291065],[-86.030837,43.291187],[-86.030942,43.291307],[-86.030998,43.291385],[-86.031014,43.291423],[-86.03099,43.291463],[-86.030858,43.291562],[-86.030701,43.291571],[-86.030438,43.291478],[-86.030239,43.2914],[-86.029943,43.291442],[-86.029831,43.291385],[-86.029811,43.29127],[-86.029736,43.29124],[-86.02938,43.291177],[-86.029189,43.291317],[-86.029089,43.291513],[-86.02901,43.291586],[-86.028834,43.291629],[-86.028627,43.291782],[-86.028436,43.291959],[-86.02833,43.292072],[-86.02826,43.292138],[-86.028179,43.292291],[-86.028115,43.292357],[-86.028019,43.292415],[-86.027911,43.292447],[-86.027675,43.292447],[-86.027465,43.292427],[-86.027365,43.29235],[-86.027269,43.292242],[-86.027247,43.292172],[-86.027175,43.292101],[-86.02715,43.292052],[-86.027058,43.291998],[-86.026951,43.291978],[-86.026726,43.291963],[-86.026525,43.291959],[-86.026207,43.292072],[-86.026073,43.292085],[-86.0259,43.291947],[-86.025782,43.291943],[-86.025546,43.291967],[-86.025217,43.292091],[-86.024979,43.292128],[-86.024735,43.292148],[-86.024596,43.292105],[-86.024447,43.292014],[-86.024334,43.291935],[-86.02431,43.291827],[-86.024319,43.291738],[-86.024302,43.291698],[-86.024242,43.291632],[-86.024172,43.291622],[-86.024136,43.29164],[-86.024109,43.291647],[-86.024075,43.291688],[-86.024073,43.291754],[-86.024094,43.291868],[-86.024263,43.292044],[-86.024473,43.292237],[-86.024556,43.292305],[-86.02462,43.292352],[-86.024858,43.292368],[-86.025143,43.29233],[-86.02546,43.292251],[-86.025551,43.292201],[-86.025658,43.292193],[-86.025846,43.292271],[-86.025953,43.292287],[-86.026297,43.292291],[-86.026718,43.292225],[-86.02685,43.292212],[-86.027053,43.292443],[-86.027139,43.292569],[-86.027253,43.292604],[-86.027359,43.292669],[-86.027662,43.293024],[-86.027768,43.293074],[-86.02794,43.293052],[-86.028115,43.292865],[-86.028469,43.292646],[-86.028518,43.292572],[-86.028555,43.292423],[-86.028635,43.292263],[-86.028948,43.291998],[-86.029038,43.291974],[-86.02922,43.2919],[-86.029317,43.291873],[-86.029424,43.291869],[-86.029537,43.291872],[-86.029679,43.291903],[-86.030046,43.292009],[-86.030266,43.291978],[-86.030577,43.291927],[-86.030985,43.291799],[-86.031076,43.291744],[-86.031227,43.291615],[-86.031302,43.291443],[-86.031322,43.291309],[-86.031295,43.291221],[-86.031295,43.291126],[-86.031356,43.291035],[-86.031479,43.290973],[-86.031575,43.290967],[-86.031683,43.290971],[-86.031772,43.290985],[-86.031879,43.291043],[-86.03197,43.291071],[-86.032117,43.291053],[-86.032321,43.291057],[-86.032498,43.291135],[-86.032739,43.291303],[-86.032793,43.291377],[-86.032831,43.291459],[-86.032841,43.291615],[-86.032889,43.291689],[-86.033034,43.29181],[-86.033175,43.291966],[-86.033211,43.292006],[-86.033426,43.292091],[-86.034247,43.292074],[-86.034622,43.292201],[-86.034859,43.292185],[-86.034971,43.292255],[-86.035143,43.292459],[-86.035286,43.292659],[-86.0355,43.292852],[-86.035566,43.292948],[-86.035607,43.292972],[-86.035645,43.292981],[-86.035722,43.292865],[-86.035751,43.292454],[-86.035867,43.292381]]}},{"type":"Feature","properties":{"name":"The Dragon Trail - Connector","highway":"path","surface":"unpaved","osm_id":992585051},"geometry":{"type":"LineString","coordinates":[[-85.631974,43.493382],[-85.631756,43.493587],[-85.631669,43.493668],[-85.631661,43.493848],[-85.63166,43.493902],[-85.631658,43.494168],[-85.631361,43.494804]]}},{"type":"Feature","properties":{"name":"Hungerford Lake Mountain Bike Trail","highway":"cycleway","surface":"unpaved","osm_id":996459418},"geometry":{"type":"LineString","coordinates":[[-85.630467,43.702987],[-85.631744,43.703623],[-85.632227,43.704305],[-85.632305,43.704339],[-85.632458,43.704353],[-85.633246,43.704321],[-85.63397,43.704099],[-85.634275,43.704054],[-85.636668,43.703269],[-85.636825,43.703345],[-85.637902,43.70346],[-85.638439,43.704197],[-85.638568,43.704254],[-85.639136,43.704507],[-85.639254,43.705344],[-85.63978,43.70612],[-85.640155,43.706748],[-85.640541,43.707183],[-85.640842,43.707307],[-85.641056,43.707865],[-85.640917,43.708516],[-85.641893,43.709059],[-85.64184,43.709633],[-85.642118,43.709967],[-85.64229,43.710866],[-85.642129,43.711394],[-85.642269,43.71182],[-85.642244,43.712052],[-85.64218,43.712226]]}},{"type":"Feature","properties":{"name":"The Dragon Trail - Segment #9","highway":"path","surface":"unpaved","osm_id":1054942118},"geometry":{"type":"LineString","coordinates":[[-85.604746,43.525789],[-85.604688,43.525765],[-85.604624,43.525756],[-85.604512,43.52576],[-85.604417,43.525849],[-85.604294,43.52589],[-85.604184,43.525859],[-85.604047,43.525834],[-85.603897,43.525871],[-85.603782,43.5259],[-85.603677,43.525921],[-85.603583,43.525908],[-85.6035,43.525828],[-85.603505,43.525765],[-85.603554,43.525692],[-85.60357,43.525585],[-85.603548,43.52552],[-85.603473,43.525501],[-85.603352,43.525474],[-85.603103,43.525487],[-85.602867,43.525472],[-85.60272,43.525489],[-85.602593,43.525485],[-85.60227,43.525391]]}},{"type":"Feature","properties":{"name":"The Dragon Trail - Segment #9","highway":"path","surface":"unpaved","osm_id":1054942119},"geometry":{"type":"LineString","coordinates":[[-85.604814,43.525857],[-85.604746,43.525789]]}},{"type":"Feature","properties":{"name":"The Dragon Trail - Segment #7","highway":"path","surface":"unpaved","osm_id":1074496927},"geometry":{"type":"LineString","coordinates":[[-85.552058,43.568578],[-85.552023,43.568528],[-85.552004,43.56836],[-85.551999,43.568182],[-85.5519,43.567935],[-85.551838,43.567702],[-85.551798,43.567494],[-85.5518,43.567385],[-85.551854,43.567202],[-85.551892,43.567016],[-85.551905,43.566884],[-85.551881,43.566753],[-85.55191,43.566664],[-85.5519,43.566557],[-85.551833,43.566471],[-85.551712,43.566394],[-85.551629,43.566361],[-85.551505,43.566302],[-85.551385,43.566269],[-85.551302,43.566279],[-85.551175,43.56633],[-85.551044,43.566415],[-85.550972,43.566427],[-85.550824,43.566452],[-85.550719,43.566491],[-85.550647,43.566518],[-85.550543,43.566557],[-85.550467,43.566574],[-85.550365,43.566609],[-85.550263,43.56667],[-85.550223,43.566693],[-85.55014,43.566695],[-85.550049,43.56667],[-85.549995,43.566623],[-85.549966,43.566569],[-85.549954,43.566558],[-85.549976,43.566508],[-85.550036,43.566487],[-85.550119,43.566505],[-85.550218,43.566502],[-85.550291,43.566469],[-85.550379,43.566401],[-85.550408,43.566361],[-85.550478,43.566328],[-85.550545,43.566285],[-85.550612,43.566254],[-85.550674,43.566153],[-85.550714,43.566048],[-85.550735,43.565951],[-85.550717,43.565867],[-85.550706,43.565807],[-85.550653,43.565767],[-85.550577,43.565727],[-85.550516,43.565723],[-85.550435,43.565764],[-85.550398,43.565824],[-85.550357,43.565886],[-85.550274,43.5659],[-85.550183,43.565918],[-85.550084,43.565892],[-85.550033,43.565844],[-85.55006,43.565789],[-85.550143,43.565745],[-85.550213,43.565665],[-85.550277,43.565585],[-85.550365,43.5655],[-85.550446,43.565453],[-85.550559,43.565373],[-85.550599,43.5653],[-85.550513,43.565307],[-85.550349,43.565311],[-85.550245,43.565337],[-85.550028,43.565368],[-85.549789,43.565424],[-85.54958,43.565463],[-85.549456,43.5655],[-85.549309,43.56549],[-85.549132,43.565508],[-85.549014,43.565531],[-85.548818,43.56555],[-85.548633,43.565585],[-85.548467,43.565665],[-85.548335,43.565737],[-85.548182,43.565811],[-85.548099,43.565873],[-85.547958,43.565945],[-85.547807,43.565982],[-85.547697,43.566003],[-85.54753,43.565999],[-85.547391,43.565976],[-85.547246,43.565941],[-85.54709,43.565919],[-85.546905,43.565997],[-85.546755,43.566071],[-85.546637,43.566161],[-85.546576,43.566273],[-85.546535,43.56639],[-85.546446,43.566469],[-85.54627,43.566547],[-85.546106,43.566608],[-85.545991,43.566679],[-85.545964,43.566771],[-85.545985,43.566846],[-85.545961,43.566946],[-85.545896,43.56707],[-85.545701,43.567194],[-85.545444,43.56734],[-85.545378,43.567511],[-85.545419,43.567614],[-85.545527,43.567752],[-85.545642,43.567958],[-85.545784,43.568042],[-85.545916,43.568176],[-85.546068,43.56835],[-85.546144,43.568526],[-85.546158,43.568636],[-85.546154,43.568757],[-85.546074,43.568924],[-85.546036,43.569037],[-85.54601,43.569241]]}},{"type":"Feature","properties":{"name":"The Dragon Trail - Segment #4","highway":"path","surface":"unpaved","osm_id":1089962817},"geometry":{"type":"LineString","coordinates":[[-85.56176,43.515719],[-85.561556,43.515717],[-85.561405,43.515753],[-85.561168,43.515763],[-85.561031,43.51571],[-85.560917,43.515674],[-85.560874,43.515691],[-85.560857,43.51574],[-85.560889,43.515899],[-85.560923,43.51607],[-85.56083,43.516167],[-85.560775,43.516257],[-85.560741,43.516376],[-85.560533,43.516435],[-85.560374,43.516548],[-85.560171,43.516706],[-85.560136,43.516787],[-85.559881,43.516889],[-85.559848,43.516936],[-85.559873,43.51701],[-85.560003,43.517058],[-85.560149,43.517101],[-85.560201,43.517172],[-85.560222,43.517244],[-85.560173,43.517324],[-85.560095,43.517373],[-85.559939,43.517465],[-85.559697,43.517532],[-85.559592,43.517697],[-85.559559,43.517807],[-85.559597,43.517949],[-85.559652,43.518088],[-85.559634,43.51817],[-85.559565,43.518233],[-85.559364,43.518439],[-85.559223,43.518541],[-85.559118,43.518773],[-85.559132,43.518985],[-85.559147,43.519148],[-85.559171,43.51946],[-85.5591,43.519558],[-85.558902,43.519654],[-85.558722,43.519866],[-85.558498,43.519881],[-85.558439,43.519921],[-85.558386,43.520016],[-85.558411,43.520113],[-85.558548,43.520301],[-85.558552,43.520414],[-85.558456,43.520547],[-85.558474,43.52072],[-85.558587,43.520879],[-85.55859,43.52103],[-85.558587,43.521196],[-85.55853,43.521305],[-85.558542,43.521384],[-85.558696,43.5215],[-85.55871,43.521627],[-85.558789,43.521676],[-85.558878,43.521696],[-85.559077,43.521632],[-85.559176,43.521634],[-85.559251,43.521652],[-85.55959,43.522145],[-85.559718,43.522247],[-85.560083,43.522219],[-85.560347,43.52237],[-85.560463,43.522389],[-85.560578,43.522393],[-85.560688,43.52237],[-85.561089,43.52214],[-85.561289,43.522108],[-85.561542,43.521853],[-85.561726,43.521793],[-85.561903,43.521861],[-85.56203,43.521858],[-85.562161,43.521879],[-85.562263,43.521975],[-85.562348,43.522103],[-85.562388,43.522627],[-85.562473,43.522776],[-85.562372,43.523012],[-85.562439,43.523145],[-85.562844,43.52346],[-85.563112,43.523449],[-85.563547,43.523853],[-85.564021,43.524164],[-85.564314,43.524521],[-85.56439,43.524884],[-85.564568,43.525189],[-85.564596,43.525243],[-85.564427,43.525266],[-85.564412,43.525304],[-85.564423,43.525334],[-85.564577,43.525377],[-85.564912,43.525542],[-85.565475,43.525636],[-85.565795,43.525504],[-85.56606,43.5255],[-85.566466,43.525739],[-85.566693,43.525992],[-85.566573,43.526071],[-85.567267,43.526515],[-85.567499,43.526803],[-85.56771,43.526952],[-85.568046,43.527122],[-85.568212,43.527121],[-85.56861,43.52715],[-85.56878,43.527208],[-85.5689,43.527406],[-85.568906,43.527573],[-85.56882,43.527626],[-85.568779,43.527697],[-85.568827,43.527795],[-85.568966,43.527882],[-85.569006,43.52801],[-85.568997,43.528263],[-85.568943,43.528362],[-85.568834,43.528409],[-85.568802,43.528499],[-85.56882,43.528713],[-85.568983,43.528925],[-85.568907,43.529049],[-85.568712,43.529147],[-85.568337,43.529253],[-85.568123,43.529264],[-85.566973,43.529593],[-85.566847,43.529635],[-85.566805,43.529685],[-85.566989,43.529864],[-85.566869,43.530076],[-85.567002,43.530178],[-85.566545,43.530404],[-85.565569,43.530405],[-85.565496,43.530405],[-85.565289,43.530481],[-85.565253,43.530557],[-85.56545,43.530716]]}},{"type":"Feature","properties":{"name":"The Dragon Trail - Segment #4","highway":"path","surface":"dirt","osm_id":1089962818},"geometry":{"type":"LineString","coordinates":[[-85.564987,43.546476],[-85.564812,43.546575],[-85.564694,43.546896],[-85.564542,43.547075],[-85.563227,43.547909],[-85.563075,43.548003],[-85.562807,43.548084],[-85.562213,43.548685],[-85.561573,43.548974],[-85.56126,43.548985],[-85.560934,43.549055],[-85.560604,43.548913],[-85.559707,43.548933],[-85.559236,43.548941],[-85.558897,43.548995],[-85.558689,43.548941],[-85.558442,43.548998],[-85.557988,43.548951],[-85.557495,43.549042],[-85.557309,43.548992],[-85.557192,43.548919],[-85.557244,43.548788],[-85.557372,43.548691],[-85.557305,43.548624],[-85.557208,43.548583],[-85.557103,43.548615],[-85.55697,43.548667],[-85.556852,43.548651],[-85.556721,43.548504],[-85.556584,43.548478],[-85.556484,43.548512],[-85.556363,43.548548],[-85.556255,43.548689],[-85.556235,43.548812],[-85.556128,43.548858],[-85.555851,43.548899],[-85.555697,43.548846],[-85.555135,43.54887],[-85.55407,43.549159],[-85.553821,43.549144],[-85.552962,43.549345],[-85.552786,43.549514],[-85.552449,43.549416],[-85.552311,43.549476],[-85.551959,43.549861],[-85.551808,43.549938],[-85.551641,43.550038],[-85.551451,43.549998],[-85.551312,43.550064],[-85.551213,43.550187],[-85.551206,43.550391],[-85.550947,43.55061],[-85.550913,43.550918],[-85.550616,43.551486],[-85.550472,43.55165],[-85.550322,43.551668],[-85.550146,43.551649],[-85.549848,43.551468],[-85.549724,43.551335],[-85.549684,43.551184],[-85.549633,43.550949],[-85.549664,43.550665],[-85.549603,43.550534],[-85.54954,43.550468],[-85.549426,43.550483],[-85.549167,43.55076],[-85.549116,43.550907],[-85.548844,43.551079],[-85.548774,43.551225],[-85.548779,43.551341],[-85.548684,43.551445],[-85.54849,43.551507],[-85.54828,43.551499],[-85.548088,43.551526],[-85.54765,43.551705],[-85.547525,43.551839],[-85.547537,43.551975],[-85.547605,43.552117],[-85.547757,43.552225],[-85.547724,43.552329],[-85.547536,43.552512],[-85.547536,43.552624],[-85.547607,43.552717],[-85.547691,43.552771],[-85.547835,43.552788],[-85.548009,43.552751],[-85.548133,43.552675],[-85.54824,43.552689],[-85.5484,43.552768],[-85.548493,43.552756],[-85.548539,43.552695],[-85.548576,43.552547],[-85.548729,43.552447],[-85.548871,43.55242],[-85.549099,43.552477],[-85.549302,43.552422],[-85.549313,43.552112],[-85.549841,43.552137],[-85.549999,43.552341],[-85.550325,43.552381],[-85.550457,43.552765],[-85.550481,43.552862],[-85.550425,43.552954],[-85.550333,43.552955],[-85.550287,43.552901],[-85.550234,43.552674],[-85.550167,43.552582],[-85.550057,43.552594],[-85.549891,43.552857],[-85.549655,43.552948],[-85.5494,43.55297],[-85.549115,43.553157],[-85.54909,43.553243],[-85.54922,43.553356],[-85.549213,43.553455],[-85.548782,43.553555],[-85.548717,43.553649],[-85.548763,43.553749],[-85.548956,43.553774],[-85.549607,43.553817],[-85.550166,43.553746],[-85.550222,43.55371],[-85.550211,43.553633],[-85.550208,43.553544],[-85.550308,43.55352],[-85.55039,43.55354],[-85.550472,43.553561],[-85.550569,43.55377],[-85.550602,43.554167],[-85.550792,43.554478],[-85.55084,43.554601],[-85.550806,43.554741],[-85.550704,43.554821],[-85.55045,43.554843],[-85.550133,43.554816],[-85.549933,43.554785],[-85.549873,43.55481],[-85.549858,43.554843]]}},{"type":"Feature","properties":{"name":"The Dragon Trail - Segment #4","highway":"path","surface":"wood","osm_id":1089962819},"geometry":{"type":"LineString","coordinates":[[-85.56545,43.530716],[-85.565336,43.5308]]}},{"type":"Feature","properties":{"name":"The Dragon Trail - Segment #2","highway":"path","surface":"unpaved","osm_id":1089982996},"geometry":{"type":"LineString","coordinates":[[-85.587181,43.503256],[-85.58725,43.503266],[-85.587279,43.503328],[-85.587311,43.50383],[-85.587259,43.504035],[-85.587211,43.50407],[-85.587089,43.504164],[-85.58691,43.50422],[-85.586555,43.504509],[-85.586539,43.504597],[-85.586679,43.504729],[-85.586988,43.505242],[-85.5871,43.505271],[-85.587237,43.505224],[-85.587361,43.505251],[-85.58791,43.505172],[-85.587997,43.505154],[-85.588043,43.505171],[-85.588028,43.505204],[-85.587599,43.505505],[-85.587734,43.505734],[-85.58782,43.505881],[-85.588367,43.506192],[-85.588544,43.506398],[-85.588812,43.506581],[-85.58928,43.50672],[-85.589376,43.506748],[-85.589778,43.507067],[-85.59076,43.507534],[-85.591028,43.507593],[-85.591441,43.507962],[-85.592251,43.508351],[-85.593147,43.508359],[-85.593748,43.508289],[-85.59394,43.508339],[-85.594552,43.508499],[-85.59504,43.508523],[-85.595489,43.50881],[-85.595889,43.508876],[-85.596225,43.508978],[-85.596312,43.508942],[-85.596365,43.508891],[-85.596453,43.508832],[-85.596595,43.508828],[-85.596732,43.508873],[-85.596832,43.509047],[-85.597056,43.509201],[-85.597132,43.509166],[-85.59732,43.509033],[-85.597473,43.508983],[-85.597784,43.508964],[-85.598164,43.509071],[-85.598447,43.509177],[-85.598569,43.509246],[-85.598788,43.509276],[-85.598924,43.509223],[-85.599151,43.509252],[-85.599245,43.50921],[-85.599296,43.509022],[-85.599418,43.509005],[-85.599622,43.508947],[-85.599928,43.508956],[-85.600454,43.509132],[-85.600711,43.509135],[-85.600876,43.509209],[-85.601106,43.509209],[-85.601211,43.509244],[-85.601306,43.509379],[-85.601448,43.509429],[-85.601601,43.509449],[-85.601935,43.509457],[-85.602196,43.509392],[-85.602617,43.509416],[-85.602741,43.509493],[-85.602849,43.509599],[-85.603193,43.509689],[-85.603397,43.509635],[-85.603622,43.509628]]}},{"type":"Feature","properties":{"name":"The Dragon Trail - Segment #7","highway":"path","surface":"unpaved","osm_id":1098402991},"geometry":{"type":"LineString","coordinates":[[-85.552328,43.568611],[-85.552334,43.568545],[-85.552385,43.568489],[-85.552463,43.568335],[-85.552484,43.568137],[-85.552525,43.568018],[-85.552498,43.56784],[-85.552519,43.567682],[-85.552715,43.567136],[-85.552836,43.567018],[-85.552868,43.566852],[-85.552999,43.566609],[-85.553085,43.566538],[-85.553273,43.566526],[-85.553445,43.566567],[-85.553597,43.566656],[-85.553793,43.566804],[-85.55397,43.566839],[-85.554067,43.566884],[-85.554145,43.566848],[-85.55415,43.566744],[-85.554115,43.566689],[-85.554086,43.566648],[-85.553973,43.566629],[-85.553887,43.566586],[-85.553858,43.566483],[-85.553785,43.56644],[-85.553686,43.566433],[-85.55359,43.56638],[-85.553504,43.566304],[-85.553305,43.56618],[-85.553141,43.566131],[-85.552903,43.566046],[-85.552694,43.566023],[-85.552543,43.565937],[-85.552404,43.565863],[-85.55227,43.565776],[-85.552071,43.565708],[-85.551951,43.565618],[-85.551943,43.565513],[-85.551975,43.565387],[-85.552082,43.565241],[-85.552278,43.565187],[-85.552632,43.565191],[-85.552973,43.565202],[-85.553238,43.565185],[-85.55349,43.565154],[-85.553608,43.565117],[-85.553775,43.565078],[-85.554043,43.565029],[-85.554265,43.564993],[-85.554579,43.56493],[-85.554909,43.564853],[-85.555081,43.564783],[-85.555252,43.564713],[-85.555459,43.564648],[-85.555719,43.564584],[-85.555927,43.564569],[-85.556069,43.564552],[-85.556202,43.56459],[-85.556294,43.564661],[-85.556322,43.564794],[-85.556387,43.564851],[-85.556464,43.564861],[-85.556539,43.564852],[-85.556579,43.564812],[-85.556571,43.564337],[-85.556583,43.564301],[-85.556615,43.564283],[-85.556664,43.564287],[-85.556737,43.564327],[-85.556811,43.564392],[-85.556897,43.564473],[-85.55706,43.564549],[-85.557201,43.564628],[-85.557319,43.564646],[-85.557481,43.564629],[-85.557615,43.564685],[-85.557693,43.564766],[-85.557774,43.564812],[-85.557778,43.564878],[-85.557793,43.564991],[-85.557827,43.565054],[-85.557899,43.565046],[-85.558003,43.564947],[-85.558064,43.564904],[-85.558182,43.564934],[-85.558316,43.565022],[-85.558536,43.565111],[-85.558645,43.565185],[-85.55886,43.565264],[-85.558959,43.5653],[-85.559029,43.565305],[-85.559044,43.565256]]}},{"type":"Feature","properties":{"name":"The Dragon Trail - Segment #9","highway":"path","surface":"unpaved","osm_id":1099744174},"geometry":{"type":"LineString","coordinates":[[-85.611046,43.52119],[-85.610926,43.52113],[-85.610715,43.521131],[-85.610576,43.521105],[-85.610407,43.521045],[-85.610088,43.521067],[-85.609881,43.521028],[-85.609744,43.521045],[-85.609519,43.521059],[-85.609361,43.521018],[-85.609229,43.521042],[-85.609011,43.521141],[-85.608596,43.521646],[-85.608524,43.521736],[-85.608486,43.521967],[-85.608301,43.522346],[-85.608187,43.522564],[-85.608172,43.522714],[-85.608229,43.522885],[-85.608191,43.523014],[-85.608001,43.523263],[-85.607853,43.523356],[-85.60777,43.523436],[-85.607743,43.523646],[-85.6077,43.523741],[-85.607564,43.523821],[-85.607416,43.523863],[-85.607295,43.523918],[-85.607078,43.52411],[-85.606987,43.524278],[-85.606922,43.524601],[-85.606869,43.524904],[-85.606815,43.525129],[-85.606727,43.52524],[-85.606496,43.525377],[-85.606426,43.525509],[-85.606432,43.525598],[-85.606495,43.525666],[-85.606668,43.525775],[-85.606821,43.525849],[-85.606992,43.525878],[-85.607148,43.52597],[-85.607266,43.526032],[-85.607411,43.525983],[-85.60762,43.525765],[-85.607727,43.525752],[-85.607824,43.525783],[-85.607923,43.525812],[-85.607952,43.525876],[-85.607883,43.525906],[-85.60777,43.525892],[-85.60762,43.525921],[-85.607527,43.525984],[-85.60733,43.526129],[-85.607199,43.526184],[-85.607051,43.526213],[-85.606922,43.526215],[-85.606813,43.526131],[-85.606558,43.526038],[-85.606303,43.525927],[-85.606007,43.52579],[-85.605844,43.525787],[-85.605603,43.525758],[-85.605525,43.525738],[-85.605506,43.52569],[-85.605471,43.525592],[-85.605383,43.525548],[-85.60527,43.525616],[-85.605235,43.525711],[-85.605278,43.525797],[-85.605139,43.525898],[-85.605093,43.52602],[-85.60501,43.526063],[-85.604919,43.526046],[-85.604838,43.525981],[-85.604814,43.525857]]}},{"type":"Feature","properties":{"name":"The Dragon Trail - Segment #9","highway":"path","surface":"unpaved","osm_id":1099744175},"geometry":{"type":"LineString","coordinates":[[-85.611256,43.521247],[-85.611046,43.52119]]}},{"type":"Feature","properties":{"name":"The Dragon Trail - Segment #9","highway":"path","surface":"unpaved","osm_id":1099744176},"geometry":{"type":"LineString","coordinates":[[-85.611659,43.521562],[-85.611716,43.521505],[-85.611724,43.521409],[-85.611678,43.521276],[-85.611623,43.521246],[-85.611512,43.521274],[-85.611339,43.521277],[-85.611256,43.521247]]}},{"type":"Feature","properties":{"name":"The Dragon Trail - Segment #9","highway":"path","surface":"wood","osm_id":1099744177},"geometry":{"type":"LineString","coordinates":[[-85.611608,43.521682],[-85.611659,43.521562]]}},{"type":"Feature","properties":{"name":"The Dragon Trail - Segment #9","highway":"path","surface":"unpaved","osm_id":1099744178},"geometry":{"type":"LineString","coordinates":[[-85.611668,43.521844],[-85.611609,43.521881],[-85.611535,43.521887],[-85.611505,43.521859],[-85.611514,43.521822],[-85.611535,43.521776],[-85.611608,43.521682]]}},{"type":"Feature","properties":{"name":"The Dragon Trail - Segment #9","highway":"path","surface":"wood","osm_id":1099744179},"geometry":{"type":"LineString","coordinates":[[-85.61176,43.521782],[-85.611668,43.521844]]}},{"type":"Feature","properties":{"name":"The Dragon Trail - Segment #9","highway":"path","surface":"unpaved","osm_id":1099744180},"geometry":{"type":"LineString","coordinates":[[-85.625628,43.520383],[-85.625757,43.520452],[-85.625792,43.520544],[-85.62573,43.520625],[-85.625639,43.520699],[-85.625484,43.520741],[-85.625424,43.520785],[-85.625306,43.520798],[-85.625194,43.520765],[-85.625081,43.520674],[-85.624936,43.520575],[-85.62488,43.52047],[-85.624848,43.520357],[-85.624711,43.520265],[-85.624609,43.520164],[-85.624496,43.520046],[-85.624378,43.519966],[-85.624263,43.519902],[-85.624129,43.519789],[-85.623952,43.519715],[-85.623756,43.519711],[-85.623391,43.519703],[-85.623303,43.519709],[-85.623153,43.519783],[-85.623107,43.519888],[-85.623163,43.519976],[-85.623276,43.52009],[-85.623402,43.520184],[-85.623552,43.520291],[-85.623718,43.520392],[-85.623732,43.520488],[-85.623732,43.520557],[-85.623692,43.520647],[-85.623597,43.520681],[-85.623477,43.520697],[-85.623378,43.520672],[-85.623234,43.520663],[-85.623144,43.52062],[-85.623082,43.520569],[-85.623074,43.520515],[-85.6231,43.520457],[-85.623099,43.520359],[-85.623038,43.520252],[-85.622882,43.52017],[-85.622608,43.520118],[-85.622377,43.520075],[-85.622031,43.520016],[-85.621852,43.519946],[-85.621731,43.519876],[-85.621581,43.519851],[-85.621506,43.519808],[-85.6215,43.519701],[-85.621473,43.519624],[-85.621401,43.519571],[-85.621272,43.519464],[-85.621141,43.519416],[-85.620972,43.519433],[-85.620806,43.519443],[-85.620642,43.519435],[-85.620578,43.519388],[-85.620629,43.519312],[-85.62068,43.5192],[-85.620706,43.51903],[-85.620701,43.518894],[-85.620677,43.518698],[-85.620674,43.518573],[-85.620626,43.518496],[-85.620489,43.518398],[-85.620351,43.518314],[-85.620283,43.518229],[-85.620226,43.51812],[-85.62014,43.518042],[-85.620028,43.517964],[-85.619896,43.517966],[-85.61984,43.518038],[-85.619843,43.518145],[-85.61976,43.518215],[-85.619733,43.518313],[-85.619695,43.51847],[-85.619583,43.51863],[-85.619499,43.518711],[-85.619475,43.518795],[-85.619505,43.518859],[-85.619607,43.518923],[-85.61955,43.518999],[-85.619443,43.519023],[-85.619389,43.519069],[-85.6194,43.519147],[-85.619422,43.519235],[-85.619489,43.519258],[-85.619553,43.519312],[-85.619593,43.519396],[-85.619545,43.519499],[-85.61943,43.519629],[-85.619432,43.519721],[-85.619414,43.519847],[-85.619325,43.519908],[-85.61907,43.520026],[-85.619017,43.520086],[-85.619003,43.520166],[-85.619033,43.520258],[-85.619108,43.52032],[-85.61918,43.520367],[-85.619207,43.520411],[-85.619172,43.520495],[-85.619092,43.520555],[-85.619102,43.520643],[-85.619038,43.520765],[-85.618791,43.521003],[-85.618748,43.521073],[-85.618756,43.52117],[-85.618818,43.521283],[-85.618821,43.521448],[-85.618773,43.521732],[-85.618722,43.521808],[-85.618614,43.521862],[-85.618502,43.521878],[-85.618408,43.52182],[-85.618341,43.521744],[-85.618279,43.521586],[-85.618158,43.521485],[-85.618013,43.521384],[-85.617877,43.521232],[-85.617914,43.521139],[-85.618021,43.521096],[-85.618166,43.52108],[-85.618341,43.521024],[-85.618437,43.520913],[-85.618488,43.520787],[-85.618453,43.52061],[-85.618429,43.520448],[-85.61848,43.520261],[-85.61852,43.520141],[-85.618622,43.519991],[-85.618713,43.519838],[-85.618716,43.519625],[-85.618743,43.519456],[-85.618781,43.519306],[-85.618821,43.519209],[-85.618773,43.519149],[-85.618732,43.519121],[-85.618685,43.519139],[-85.618479,43.519292],[-85.618215,43.519529],[-85.618052,43.519764],[-85.61781,43.519913],[-85.617692,43.519956],[-85.617571,43.520096],[-85.617447,43.520207],[-85.617278,43.520312],[-85.617153,43.520442],[-85.617067,43.520511],[-85.617051,43.520598],[-85.617018,43.520682],[-85.616906,43.520728],[-85.616729,43.520761],[-85.616627,43.520779],[-85.616468,43.520734],[-85.616372,43.520701],[-85.616262,43.520693],[-85.616109,43.520652],[-85.616012,43.520594],[-85.615892,43.520581],[-85.615766,43.520614],[-85.615699,43.520643],[-85.615605,43.520639],[-85.615495,43.520592],[-85.615355,43.520569],[-85.615138,43.520559],[-85.614972,43.520582],[-85.614814,43.520629],[-85.614634,43.520709],[-85.614446,43.520843],[-85.614419,43.520929],[-85.614307,43.520979],[-85.614205,43.521069],[-85.614218,43.521147],[-85.614186,43.521236],[-85.614084,43.521312],[-85.614014,43.521364],[-85.613928,43.521374],[-85.61381,43.521343],[-85.613698,43.521306],[-85.613582,43.521333],[-85.613438,43.521357],[-85.613231,43.521337],[-85.613051,43.521324],[-85.612826,43.52132],[-85.612593,43.521279],[-85.612413,43.521197],[-85.612257,43.521137],[-85.612091,43.52108],[-85.61197,43.521031],[-85.611911,43.521065],[-85.611938,43.521121],[-85.611931,43.521398],[-85.611887,43.521555],[-85.611875,43.521657],[-85.61176,43.521782]]}},{"type":"Feature","properties":{"name":"The Dragon Trail - Segment #9","highway":"path","surface":"wood","osm_id":1099744181},"geometry":{"type":"LineString","coordinates":[[-85.625517,43.520326],[-85.625628,43.520383]]}},{"type":"Feature","properties":{"name":"The Dragon Trail - Segment #9","highway":"path","surface":"unpaved","osm_id":1099744182},"geometry":{"type":"LineString","coordinates":[[-85.634832,43.51227],[-85.634954,43.512279],[-85.635043,43.512271],[-85.635075,43.512322],[-85.634984,43.512411],[-85.634783,43.512526],[-85.634632,43.51261],[-85.634555,43.512697],[-85.634504,43.512837],[-85.634404,43.512991],[-85.6343,43.513088],[-85.634134,43.51317],[-85.633938,43.513306],[-85.633908,43.513344],[-85.633919,43.513389],[-85.634017,43.513481],[-85.634152,43.513576],[-85.63425,43.513641],[-85.634411,43.513659],[-85.634517,43.513705],[-85.634552,43.513763],[-85.634521,43.513827],[-85.634458,43.513857],[-85.634223,43.513887],[-85.634018,43.513945],[-85.633883,43.513908],[-85.633778,43.513866],[-85.633707,43.513888],[-85.633754,43.513994],[-85.633743,43.514146],[-85.633676,43.514253],[-85.633517,43.514286],[-85.633372,43.514251],[-85.633288,43.514254],[-85.633206,43.514358],[-85.633168,43.514432],[-85.633071,43.5145],[-85.632929,43.514502],[-85.632774,43.514481],[-85.63261,43.514417],[-85.632591,43.514333],[-85.632677,43.514257],[-85.63269,43.51417],[-85.63265,43.514103],[-85.632546,43.514084],[-85.632452,43.514129],[-85.632319,43.51414],[-85.632149,43.514092],[-85.631974,43.514035],[-85.631765,43.513997],[-85.631577,43.514012],[-85.631408,43.513985],[-85.63121,43.513998],[-85.63103,43.514098],[-85.630915,43.514172],[-85.63088,43.514277],[-85.630875,43.514397],[-85.630915,43.514469],[-85.630928,43.514584],[-85.630861,43.514634],[-85.630741,43.514673],[-85.630561,43.514642],[-85.630451,43.51459],[-85.630306,43.514502],[-85.630172,43.514446],[-85.630049,43.514467],[-85.629931,43.514479],[-85.629815,43.514432],[-85.629719,43.514335],[-85.629684,43.514255],[-85.629684,43.514189],[-85.629737,43.51409],[-85.62981,43.513975],[-85.62985,43.513808],[-85.629861,43.513711],[-85.629815,43.513648],[-85.629657,43.513605],[-85.629507,43.513539],[-85.629373,43.513532],[-85.629166,43.513471],[-85.629035,43.513322],[-85.628959,43.513154],[-85.628874,43.513001],[-85.628758,43.512923],[-85.628568,43.512917],[-85.62837,43.512862],[-85.628251,43.512816],[-85.628136,43.512792],[-85.628099,43.512839],[-85.628152,43.512932],[-85.628192,43.513041],[-85.62816,43.513148],[-85.628112,43.513244],[-85.627943,43.513335],[-85.627903,43.51346],[-85.627964,43.513619],[-85.627981,43.51394],[-85.627948,43.514078],[-85.62776,43.514235],[-85.62771,43.514341],[-85.62753,43.51445],[-85.627374,43.514611],[-85.627254,43.514693],[-85.627157,43.514697],[-85.62705,43.514679],[-85.62694,43.514584],[-85.6268,43.514627],[-85.62654,43.514734],[-85.626406,43.514856],[-85.626272,43.514905],[-85.626151,43.514983],[-85.626084,43.515148],[-85.625956,43.515259],[-85.625835,43.515321],[-85.625754,43.515381],[-85.625607,43.515397],[-85.625443,43.515389],[-85.625204,43.515352],[-85.625001,43.515407],[-85.624738,43.515539],[-85.624483,43.515652],[-85.62422,43.515732],[-85.62396,43.515726],[-85.623735,43.51572],[-85.623482,43.515745],[-85.623268,43.515753],[-85.623035,43.515735],[-85.622895,43.515819],[-85.622748,43.515957],[-85.622568,43.516101],[-85.622399,43.516191],[-85.622247,43.516262],[-85.622168,43.516327],[-85.622233,43.516373],[-85.622243,43.516465],[-85.622176,43.516515],[-85.622029,43.516515],[-85.621895,43.516603],[-85.621833,43.516735],[-85.62186,43.516971],[-85.621895,43.517128],[-85.621916,43.51727],[-85.621935,43.517414],[-85.621926,43.517569],[-85.621812,43.517661],[-85.621793,43.517719],[-85.621825,43.51778],[-85.621895,43.517832],[-85.621991,43.517889],[-85.622104,43.517959],[-85.622194,43.518062],[-85.622249,43.518194],[-85.622244,43.518353],[-85.622171,43.518527],[-85.622021,43.518717],[-85.621994,43.51884],[-85.622062,43.519021],[-85.62242,43.519377],[-85.622551,43.519399],[-85.622687,43.519378],[-85.622871,43.519281],[-85.623112,43.519252],[-85.623356,43.519264],[-85.623512,43.519279],[-85.623684,43.519275],[-85.623901,43.519318],[-85.624046,43.51933],[-85.624204,43.51931],[-85.62437,43.5194],[-85.624483,43.519542],[-85.624628,43.51968],[-85.624797,43.519764],[-85.624923,43.519917],[-85.624931,43.519991],[-85.625092,43.520104],[-85.625293,43.520221],[-85.625449,43.52031],[-85.625517,43.520326]]}},{"type":"Feature","properties":{"name":"The Dragon Trail - Segment #9","highway":"path","surface":"wood","osm_id":1099744183},"geometry":{"type":"LineString","coordinates":[[-85.634716,43.512261],[-85.634832,43.51227]]}},{"type":"Feature","properties":{"name":"The Dragon Trail - Segment #7","highway":"path","surface":"unpaved","osm_id":1099744185},"geometry":{"type":"LineString","coordinates":[[-85.552058,43.568578],[-85.552128,43.5688],[-85.552192,43.568866],[-85.55224,43.568936],[-85.552299,43.568986],[-85.55235,43.568947],[-85.552328,43.568849],[-85.552328,43.568729]]}},{"type":"Feature","properties":{"name":"The Dragon Trail - Segment #7","highway":"path","surface":"wood","osm_id":1099744186},"geometry":{"type":"LineString","coordinates":[[-85.552328,43.568729],[-85.552328,43.568611]]}},{"type":"Feature","properties":{"name":"The Dragon Trail - Segment #4","highway":"path","surface":"dirt","osm_id":1099744190},"geometry":{"type":"LineString","coordinates":[[-85.565336,43.5308],[-85.565296,43.530893],[-85.565364,43.530987],[-85.565546,43.531035],[-85.56606,43.530932],[-85.566485,43.530922],[-85.567422,43.531121],[-85.567635,43.531084],[-85.568149,43.531069],[-85.568449,43.531169],[-85.568493,43.53121],[-85.568557,43.531268],[-85.568554,43.53137],[-85.568889,43.531833],[-85.56913,43.531976],[-85.569215,43.532266],[-85.569256,43.532476],[-85.569172,43.532727],[-85.569246,43.532808],[-85.569232,43.532916],[-85.569004,43.533113],[-85.568316,43.533426],[-85.568163,43.533553],[-85.568129,43.533622],[-85.56822,43.533648],[-85.56836,43.533636],[-85.568549,43.533585],[-85.568649,43.533519],[-85.569594,43.533262],[-85.570055,43.533227],[-85.570876,43.532807],[-85.571567,43.532494],[-85.572018,43.532362],[-85.57263,43.532513],[-85.572724,43.532784],[-85.572735,43.533683],[-85.572636,43.533889],[-85.572461,43.53394],[-85.572212,43.534197],[-85.572096,43.534441],[-85.572041,43.534625],[-85.572099,43.53467],[-85.57217,43.534637],[-85.572406,43.53438],[-85.572467,43.534409],[-85.572467,43.53483],[-85.572367,43.535275],[-85.572268,43.535354],[-85.572161,43.535388],[-85.57193,43.535269],[-85.571536,43.535375],[-85.571415,43.535561],[-85.571408,43.535674],[-85.571417,43.535758],[-85.571491,43.535758],[-85.571591,43.535724],[-85.571777,43.535786],[-85.571937,43.535852],[-85.571964,43.535955],[-85.571486,43.537837],[-85.570841,43.538703],[-85.570717,43.538984],[-85.570573,43.539792],[-85.5703,43.540244],[-85.569837,43.540867],[-85.569582,43.541311],[-85.569439,43.541436],[-85.569198,43.541688],[-85.568802,43.54175],[-85.568738,43.541813],[-85.568848,43.541863],[-85.569151,43.541863],[-85.569365,43.541995],[-85.569397,43.542154],[-85.56933,43.542329],[-85.568521,43.543127],[-85.568262,43.543632],[-85.567948,43.543787],[-85.567779,43.544097],[-85.567049,43.544569],[-85.566206,43.545327],[-85.56597,43.545498],[-85.565778,43.545775],[-85.565464,43.545941],[-85.565406,43.546099],[-85.565334,43.546194],[-85.565086,43.54641]]}},{"type":"Feature","properties":{"name":"The Dragon Trail - Segment #4","highway":"path","surface":"wood","osm_id":1099744191},"geometry":{"type":"LineString","coordinates":[[-85.565086,43.54641],[-85.564987,43.546476]]}},{"type":"Feature","properties":{"name":"The Dragon Trail - Segment #10","highway":"path","surface":"unpaved","osm_id":1099746870},"geometry":{"type":"LineString","coordinates":[[-85.637236,43.490972],[-85.637307,43.491026],[-85.637478,43.491051],[-85.637717,43.491121],[-85.637779,43.491211],[-85.637839,43.49126],[-85.637972,43.491316],[-85.638192,43.49139],[-85.638412,43.491567],[-85.638565,43.491709],[-85.63876,43.491892],[-85.638803,43.491969],[-85.638782,43.492094],[-85.638795,43.492176],[-85.6389,43.492273],[-85.639077,43.492376],[-85.639192,43.492446],[-85.639458,43.492503],[-85.639624,43.492516],[-85.639726,43.492485],[-85.639949,43.492498],[-85.640056,43.492421],[-85.640233,43.492355],[-85.640315,43.49231],[-85.64039,43.492323],[-85.640409,43.492352],[-85.640408,43.492425],[-85.64045,43.492483],[-85.640582,43.492545],[-85.640721,43.492588],[-85.640898,43.492682],[-85.641091,43.492806],[-85.641271,43.49296],[-85.641461,43.493125],[-85.641577,43.493275]]}},{"type":"Feature","properties":{"name":"The Dragon Trail - Segment #10","highway":"path","surface":"wood","osm_id":1099746871},"geometry":{"type":"LineString","coordinates":[[-85.641577,43.493275],[-85.641547,43.493359]]}},{"type":"Feature","properties":{"name":"The Dragon Trail - Segment #2","highway":"path","surface":"unpaved","osm_id":1099755012},"geometry":{"type":"LineString","coordinates":[[-85.603622,43.509628],[-85.603757,43.509618],[-85.604227,43.509381],[-85.605132,43.50916],[-85.60564,43.509095],[-85.606048,43.508741],[-85.606337,43.508578],[-85.606443,43.508494],[-85.606689,43.508457],[-85.606917,43.50837],[-85.607094,43.508432],[-85.607187,43.508435],[-85.607536,43.508114],[-85.607476,43.507829],[-85.607328,43.507534],[-85.607281,43.506767],[-85.607245,43.506538],[-85.607269,43.506227],[-85.607467,43.505662],[-85.607569,43.505358],[-85.607575,43.505186],[-85.607578,43.505099],[-85.607625,43.504915],[-85.6079,43.504483]]}},{"type":"Feature","properties":{"name":"The Dragon Trail - Segment #3","highway":"path","surface":"dirt","osm_id":1099755022},"geometry":{"type":"LineString","coordinates":[[-85.56176,43.515719],[-85.561903,43.515697],[-85.562135,43.515622],[-85.562379,43.515403],[-85.562597,43.514992],[-85.562831,43.514666],[-85.562859,43.514627],[-85.562959,43.51442],[-85.562756,43.514307],[-85.562714,43.514227],[-85.56289,43.513677],[-85.563071,43.513484],[-85.563083,43.513273],[-85.563246,43.513071],[-85.563339,43.513011],[-85.56333,43.512942],[-85.563178,43.512828],[-85.562977,43.512772],[-85.562917,43.512657],[-85.562827,43.51253],[-85.562749,43.512325],[-85.562771,43.512023],[-85.562951,43.511873],[-85.563157,43.511823],[-85.563241,43.511777],[-85.563282,43.511687],[-85.563293,43.511445],[-85.563244,43.511316],[-85.563029,43.511063],[-85.563028,43.510974],[-85.563214,43.510852],[-85.563199,43.51077],[-85.562876,43.510176],[-85.562891,43.510007],[-85.562863,43.509936],[-85.562355,43.509415],[-85.561712,43.508967],[-85.561497,43.5088],[-85.560665,43.508758],[-85.560418,43.508916],[-85.560323,43.508938],[-85.560238,43.508905],[-85.560118,43.508641],[-85.559701,43.508503],[-85.559451,43.508421],[-85.559136,43.50833],[-85.558794,43.508093],[-85.558175,43.507883],[-85.558096,43.507778],[-85.558202,43.507449],[-85.558155,43.506957],[-85.558174,43.50654],[-85.557987,43.506449],[-85.557986,43.506396],[-85.558212,43.506439],[-85.558459,43.506565],[-85.55845,43.506415],[-85.558521,43.506419],[-85.558644,43.506742]]}},{"type":"Feature","properties":{"name":"The Dragon Trail - Segment #3","highway":"path","surface":"wood","osm_id":1099755023},"geometry":{"type":"LineString","coordinates":[[-85.558644,43.506742],[-85.55876,43.506841]]}},{"type":"Feature","properties":{"name":"The Dragon Trail - Segment #7","highway":"path","surface":"unpaved","osm_id":1100858925},"geometry":{"type":"LineString","coordinates":[[-85.558849,43.565068],[-85.558744,43.564917],[-85.55867,43.564772],[-85.55856,43.564549],[-85.558489,43.564461],[-85.558398,43.564393],[-85.558365,43.564326],[-85.558359,43.564228],[-85.558364,43.564104],[-85.558444,43.564008],[-85.558507,43.563929],[-85.558522,43.56384],[-85.558523,43.56375],[-85.558487,43.563657],[-85.558448,43.563553],[-85.558442,43.563486],[-85.558482,43.56342],[-85.558568,43.563316],[-85.558774,43.563173],[-85.558871,43.563105],[-85.558943,43.563074],[-85.558981,43.563078],[-85.559012,43.563087],[-85.559061,43.56313],[-85.55913,43.563178],[-85.559238,43.563214],[-85.559403,43.563258],[-85.559485,43.563247],[-85.559544,43.563208],[-85.559562,43.563145],[-85.559548,43.562951],[-85.559548,43.562782],[-85.559501,43.562479],[-85.559557,43.562361],[-85.559641,43.562312],[-85.559751,43.562283],[-85.559845,43.562248],[-85.559877,43.562198],[-85.559868,43.562091],[-85.559855,43.562034],[-85.559906,43.561988],[-85.559995,43.561955],[-85.560198,43.561976],[-85.560324,43.561982],[-85.560485,43.562017],[-85.560569,43.562123],[-85.560678,43.562279],[-85.560783,43.562371],[-85.560947,43.562499],[-85.561131,43.562619],[-85.561285,43.56266],[-85.561432,43.562699],[-85.56162,43.562769],[-85.561876,43.562897],[-85.562046,43.563051],[-85.562081,43.563117],[-85.562164,43.563232],[-85.562224,43.563313],[-85.562292,43.563338],[-85.562331,43.563333],[-85.562344,43.563304],[-85.562347,43.563239],[-85.562336,43.563057],[-85.562336,43.562771],[-85.562317,43.562489],[-85.562266,43.562396],[-85.562204,43.562332],[-85.562135,43.562275],[-85.562014,43.562229],[-85.561853,43.562159],[-85.561732,43.562074],[-85.561751,43.561997],[-85.561711,43.561941],[-85.561675,43.561846],[-85.561482,43.561742],[-85.561331,43.561653],[-85.561271,43.561583],[-85.561261,43.561467],[-85.561306,43.561333],[-85.561317,43.561208],[-85.561234,43.561132],[-85.561113,43.561088],[-85.561025,43.560997],[-85.560872,43.560878],[-85.560781,43.560802],[-85.560641,43.560744],[-85.56056,43.560678],[-85.560448,43.560631],[-85.560305,43.560558],[-85.560271,43.560524],[-85.560239,43.560415],[-85.560215,43.560347],[-85.560131,43.560314],[-85.559997,43.560322],[-85.559847,43.56033],[-85.559739,43.560298],[-85.559567,43.56016],[-85.559539,43.560087],[-85.559531,43.559986],[-85.559464,43.559918],[-85.559391,43.559809],[-85.559316,43.559753],[-85.559289,43.559644],[-85.559289,43.559578],[-85.559238,43.559455],[-85.559152,43.559381],[-85.559083,43.559259],[-85.559059,43.559201],[-85.559053,43.558994],[-85.559032,43.55887],[-85.559067,43.558738],[-85.559024,43.558637],[-85.559069,43.558542],[-85.55905,43.55845],[-85.558986,43.558349],[-85.558903,43.558258],[-85.558838,43.558069],[-85.558766,43.558005],[-85.558635,43.557795],[-85.558581,43.557698],[-85.558463,43.557494],[-85.558332,43.557352],[-85.558269,43.557289],[-85.558184,43.557202],[-85.558055,43.557082],[-85.557924,43.556967],[-85.557779,43.556862],[-85.557648,43.556718],[-85.557544,43.556646],[-85.55732,43.556532],[-85.557143,43.556508],[-85.556972,43.556436],[-85.556828,43.556394],[-85.556696,43.556363],[-85.556556,43.556262],[-85.556409,43.556232],[-85.556237,43.556242],[-85.556073,43.556193],[-85.555963,43.556196],[-85.555885,43.55611],[-85.555821,43.55592],[-85.555751,43.555832],[-85.555585,43.555783],[-85.555475,43.555793],[-85.555432,43.555727],[-85.555421,43.555634],[-85.555467,43.555515],[-85.555467,43.555377],[-85.555397,43.555282],[-85.555397,43.555183],[-85.555462,43.555054],[-85.555593,43.554782],[-85.555695,43.554677],[-85.555824,43.554607],[-85.555955,43.554504],[-85.555981,43.554403],[-85.556081,43.554244],[-85.556285,43.554093],[-85.556524,43.553996],[-85.556623,43.553911],[-85.556803,43.553904],[-85.556974,43.553917],[-85.557084,43.553884],[-85.557194,43.553795],[-85.5573,43.553649],[-85.557672,43.553475],[-85.558345,43.553109],[-85.559042,43.552783],[-85.559144,43.552761],[-85.559238,43.552734],[-85.559372,43.55277],[-85.559383,43.552842],[-85.559358,43.552921],[-85.559378,43.553023],[-85.559464,43.55312],[-85.55952,43.553218],[-85.559474,43.553276],[-85.55949,43.553361],[-85.559598,43.553416],[-85.559689,43.553393],[-85.559802,43.553344],[-85.559879,43.553404],[-85.559866,43.553486],[-85.559863,43.553589],[-85.559871,43.553717],[-85.559893,43.553838],[-85.559954,43.553939],[-85.560067,43.554015],[-85.560217,43.554063],[-85.560282,43.554139],[-85.560397,43.554174],[-85.560598,43.554181],[-85.560746,43.554246],[-85.560965,43.554363],[-85.561118,43.554388],[-85.561269,43.55438],[-85.561341,43.554355],[-85.561459,43.554386],[-85.561572,43.554454],[-85.56165,43.55445],[-85.561762,43.554399],[-85.561891,43.554341],[-85.562073,43.554329],[-85.562218,43.5543],[-85.562358,43.554293],[-85.562414,43.554372],[-85.562422,43.554481],[-85.562481,43.554582],[-85.562596,43.554693],[-85.562616,43.554748],[-85.562669,43.554784],[-85.562716,43.55478],[-85.562763,43.554757],[-85.56284,43.554718],[-85.562934,43.554741],[-85.56298,43.554806],[-85.563037,43.554837],[-85.563186,43.554841],[-85.563291,43.554829],[-85.563428,43.554757],[-85.563575,43.554656],[-85.563575,43.554576],[-85.563479,43.554533],[-85.56335,43.554545],[-85.563203,43.554532],[-85.56312,43.554483],[-85.563047,43.554401],[-85.563085,43.554318],[-85.563141,43.55425],[-85.563274,43.554209],[-85.563366,43.554191],[-85.563471,43.554143],[-85.563618,43.554116],[-85.563613,43.554042],[-85.563656,43.553956],[-85.563629,43.55382],[-85.563506,43.553768],[-85.563326,43.553742],[-85.563147,43.553691],[-85.562985,43.5537],[-85.562881,43.553783],[-85.562813,43.553906],[-85.562757,43.553925],[-85.562717,43.553978],[-85.562682,43.55403],[-85.562564,43.554003],[-85.562468,43.553939],[-85.562358,43.553902],[-85.562202,43.553917],[-85.562097,43.553945],[-85.562022,43.553929],[-85.561985,43.553874],[-85.561979,43.553752],[-85.56195,43.553692],[-85.561958,43.553595],[-85.561985,43.553501],[-85.561926,43.553414],[-85.561797,43.553357],[-85.561675,43.55334],[-85.56158,43.553284],[-85.561454,43.553218],[-85.561287,43.553152],[-85.561207,43.553062],[-85.561213,43.552951],[-85.561277,43.55285],[-85.561414,43.552835],[-85.561489,43.552879],[-85.561578,43.552959],[-85.561711,43.553011],[-85.561853,43.552996],[-85.56203,43.552994],[-85.562202,43.553002],[-85.562315,43.552949],[-85.562221,43.552848],[-85.562167,43.552807],[-85.561969,43.552724],[-85.561837,43.552629],[-85.561797,43.55257],[-85.561778,43.552492],[-85.561894,43.552456],[-85.561942,43.552411],[-85.562033,43.552341],[-85.562081,43.552191],[-85.562186,43.552111],[-85.5623,43.55203],[-85.562393,43.551958],[-85.562527,43.551758],[-85.562674,43.551559],[-85.562856,43.551351],[-85.562973,43.551309],[-85.563066,43.551349],[-85.56309,43.551417],[-85.563169,43.551496],[-85.563304,43.55154],[-85.563421,43.551603],[-85.563613,43.551602],[-85.563675,43.551657],[-85.563784,43.551723],[-85.563897,43.551744],[-85.563991,43.551752],[-85.564122,43.551711],[-85.564267,43.551653],[-85.564337,43.551589],[-85.564383,43.551509],[-85.56443,43.551441],[-85.56452,43.551425],[-85.564616,43.551371],[-85.564713,43.551289],[-85.564911,43.551213],[-85.565056,43.551054],[-85.56523,43.55099],[-85.565413,43.550881],[-85.565595,43.550782],[-85.565866,43.550638],[-85.566,43.550436],[-85.566175,43.550377],[-85.566287,43.550298],[-85.566432,43.550239],[-85.566502,43.550132],[-85.566681,43.550094],[-85.566832,43.550068],[-85.566942,43.550071],[-85.567035,43.549994],[-85.567148,43.549878],[-85.567231,43.549746],[-85.567349,43.549707],[-85.567524,43.549694],[-85.56773,43.549652],[-85.567885,43.549709],[-85.568087,43.549715],[-85.568165,43.549664],[-85.568226,43.549567],[-85.568286,43.549451],[-85.568441,43.549388],[-85.568621,43.549391],[-85.568741,43.549298],[-85.568782,43.549213],[-85.568889,43.54919],[-85.569047,43.549172],[-85.569146,43.549197],[-85.569184,43.549287],[-85.569179,43.549425],[-85.569106,43.549526],[-85.56913,43.549617],[-85.569111,43.549788],[-85.569073,43.549897],[-85.569006,43.550009],[-85.568934,43.550059],[-85.568808,43.55006],[-85.568652,43.550041],[-85.568578,43.550051],[-85.568489,43.550092],[-85.568438,43.550208],[-85.568516,43.550304],[-85.568613,43.550315],[-85.568749,43.550307],[-85.568934,43.550334],[-85.56905,43.550321],[-85.569141,43.550389],[-85.56909,43.550571],[-85.569042,43.55069],[-85.568942,43.550788],[-85.568792,43.550939],[-85.56874,43.551063],[-85.568739,43.551239],[-85.568634,43.551332],[-85.568554,43.551444],[-85.568487,43.551491],[-85.56846,43.551523],[-85.568427,43.551563],[-85.568417,43.551637],[-85.568485,43.5517],[-85.568552,43.55168],[-85.568697,43.55151],[-85.568742,43.551482],[-85.568792,43.551484],[-85.568858,43.551526],[-85.569077,43.551657],[-85.56913,43.551695],[-85.569192,43.551713],[-85.569268,43.551729],[-85.569318,43.551713],[-85.569321,43.551653],[-85.569216,43.551443],[-85.569227,43.551363],[-85.569291,43.551273],[-85.569315,43.55118],[-85.569394,43.551119],[-85.569468,43.551075],[-85.569574,43.551037],[-85.56983,43.551172],[-85.569955,43.551239],[-85.570163,43.551351],[-85.570326,43.551426],[-85.570428,43.551538],[-85.570622,43.551693],[-85.570707,43.551736],[-85.570754,43.551716],[-85.570758,43.551653],[-85.570613,43.551429],[-85.570501,43.551266],[-85.570375,43.551153],[-85.570241,43.550984],[-85.570131,43.550879],[-85.570039,43.550792],[-85.56994,43.550706],[-85.569909,43.550653],[-85.569905,43.550613],[-85.569975,43.550578],[-85.570152,43.550603],[-85.570469,43.550665],[-85.570767,43.550698],[-85.570839,43.550722],[-85.570904,43.550739],[-85.570963,43.550736],[-85.571009,43.550643],[-85.571043,43.550564],[-85.571182,43.55054],[-85.571321,43.550558],[-85.57149,43.550577],[-85.571538,43.55055],[-85.571576,43.5505],[-85.571539,43.550432],[-85.571483,43.550376],[-85.57137,43.5503],[-85.571257,43.550243],[-85.571118,43.550249],[-85.570914,43.550255],[-85.570767,43.550243],[-85.57064,43.550189],[-85.570509,43.550117],[-85.570361,43.550103],[-85.57019,43.550086],[-85.570074,43.55001],[-85.570072,43.549946],[-85.570099,43.549887],[-85.570238,43.549757],[-85.570318,43.549705],[-85.57045,43.549656],[-85.570561,43.549576],[-85.570726,43.549405],[-85.57089,43.549251],[-85.570994,43.549234],[-85.571033,43.54918],[-85.570992,43.549143],[-85.570943,43.549087],[-85.570967,43.549019],[-85.571091,43.548972],[-85.571206,43.548962],[-85.571279,43.549007],[-85.571321,43.54905],[-85.571418,43.549114],[-85.57156,43.549102],[-85.571646,43.549038],[-85.57177,43.548964],[-85.571892,43.548914],[-85.57192,43.548844],[-85.571883,43.548772],[-85.571729,43.548735],[-85.571627,43.548694],[-85.571504,43.548678],[-85.571367,43.548704],[-85.571284,43.54869],[-85.571142,43.548692],[-85.570949,43.548663],[-85.570796,43.548645],[-85.570611,43.548585],[-85.57048,43.548556],[-85.570444,43.548493],[-85.570533,43.548426],[-85.570622,43.548443],[-85.570718,43.548408],[-85.570765,43.548337],[-85.570954,43.548235],[-85.571144,43.548064],[-85.571508,43.547871],[-85.571683,43.547642],[-85.571851,43.547551],[-85.572089,43.547292],[-85.572182,43.547244],[-85.572306,43.547197],[-85.572424,43.547226],[-85.572504,43.547179],[-85.572614,43.547104],[-85.572593,43.54703],[-85.572537,43.546934],[-85.572577,43.546867],[-85.572655,43.546742],[-85.572539,43.54666],[-85.57253,43.54658],[-85.572534,43.546518],[-85.572609,43.546433],[-85.572695,43.54633],[-85.572721,43.546217],[-85.572805,43.54611],[-85.572861,43.546064],[-85.572971,43.54605],[-85.573084,43.546075],[-85.573197,43.546067],[-85.573341,43.54597],[-85.573467,43.54584],[-85.573561,43.545727],[-85.573596,43.545634],[-85.573617,43.545539],[-85.573575,43.545449],[-85.573513,43.545387],[-85.573416,43.545338],[-85.573363,43.545278],[-85.573344,43.545184],[-85.573336,43.545086],[-85.573414,43.544981],[-85.573486,43.544837],[-85.573626,43.544633],[-85.573751,43.544361],[-85.573875,43.544291],[-85.574084,43.544224],[-85.574221,43.544168],[-85.574302,43.544123],[-85.574316,43.544049],[-85.574247,43.54396],[-85.574108,43.543863],[-85.573972,43.543791],[-85.573851,43.543756],[-85.573827,43.543701],[-85.573867,43.543604],[-85.573914,43.543518],[-85.573899,43.543318],[-85.573899,43.543223],[-85.573997,43.543123],[-85.574006,43.542924],[-85.574027,43.542724],[-85.574068,43.542564],[-85.574001,43.542473],[-85.573964,43.542397],[-85.573918,43.54228],[-85.573958,43.542158],[-85.574012,43.541989],[-85.574099,43.54188],[-85.574269,43.541809],[-85.574433,43.541742],[-85.574573,43.541738],[-85.574691,43.541765],[-85.574758,43.541749],[-85.574804,43.541671],[-85.574725,43.541578],[-85.574653,43.541543],[-85.574586,43.541469],[-85.574613,43.541378],[-85.574672,43.54131],[-85.574779,43.541248],[-85.574883,43.541199],[-85.575023,43.541184],[-85.575189,43.541172],[-85.575283,43.541135],[-85.575401,43.541075],[-85.575425,43.540997],[-85.575439,43.54096],[-85.575412,43.540888],[-85.575385,43.540836],[-85.575376,43.540768],[-85.575463,43.54069],[-85.575556,43.540648],[-85.575707,43.540552],[-85.575782,43.540478],[-85.575793,43.5404],[-85.575808,43.540338],[-85.575844,43.540297],[-85.575946,43.540241],[-85.576066,43.540159],[-85.576198,43.540116],[-85.576289,43.540079],[-85.576401,43.54004],[-85.576498,43.539978],[-85.576611,43.539875],[-85.576741,43.539763],[-85.576962,43.539555],[-85.577107,43.539445],[-85.577327,43.539292],[-85.577563,43.539117],[-85.577756,43.539014],[-85.577868,43.538979],[-85.578019,43.538919],[-85.578137,43.538843],[-85.578287,43.538845],[-85.578384,43.538876],[-85.57851,43.538862],[-85.578579,43.538765],[-85.578561,43.538666],[-85.578526,43.538533],[-85.578553,43.538436],[-85.578602,43.538362],[-85.578706,43.538323],[-85.57877,43.53825],[-85.578904,43.53811],[-85.579036,43.537976],[-85.579138,43.537933],[-85.579253,43.537851],[-85.579282,43.537779],[-85.579357,43.537651],[-85.579513,43.537513],[-85.579663,43.537388],[-85.579765,43.53739],[-85.579913,43.537445],[-85.580044,43.53747],[-85.580122,43.537557],[-85.580184,43.537672],[-85.580229,43.537799],[-85.580328,43.537872],[-85.58039,43.537918],[-85.5805,43.537915],[-85.58054,43.537841],[-85.580627,43.537786],[-85.580731,43.537802],[-85.580788,43.537872],[-85.580787,43.538005],[-85.580732,43.538125],[-85.580723,43.538327],[-85.580704,43.538506],[-85.58072,43.53864],[-85.580752,43.538707],[-85.580808,43.538791],[-85.580784,43.538928],[-85.580731,43.539031],[-85.580693,43.539093],[-85.580723,43.5392],[-85.580811,43.539358],[-85.580975,43.539502],[-85.581093,43.539563],[-85.581216,43.539646],[-85.581415,43.539718],[-85.581511,43.539772],[-85.581501,43.539821],[-85.58149,43.539908],[-85.581482,43.539959],[-85.581541,43.540017],[-85.581632,43.540066],[-85.581862,43.540358],[-85.581945,43.540422]]}},{"type":"Feature","properties":{"name":"The Dragon Trail - Segment #7","highway":"path","surface":"unpaved","osm_id":1100858926},"geometry":{"type":"LineString","coordinates":[[-85.559044,43.565256],[-85.558849,43.565068]]}},{"type":"Feature","properties":{"name":"Town and Country Path","highway":"cycleway","surface":null,"osm_id":1112743898},"geometry":{"type":"LineString","coordinates":[[-85.94175,43.474583],[-85.94178,43.474436],[-85.942469,43.474279],[-85.942598,43.47428],[-85.942689,43.47431],[-85.942881,43.474413],[-85.942953,43.474447],[-85.943095,43.474454],[-85.943637,43.474458],[-85.943891,43.474462],[-85.944086,43.474314],[-85.94445,43.474208],[-85.944893,43.474152],[-85.945098,43.474178]]}},{"type":"Feature","properties":{"name":"Town and Country Path","highway":"cycleway","surface":"paved","osm_id":1112743901},"geometry":{"type":"LineString","coordinates":[[-85.955955,43.464311],[-85.956053,43.464298],[-85.956204,43.46432],[-85.956375,43.464302],[-85.956584,43.46403],[-85.956677,43.463972],[-85.956783,43.463891],[-85.956822,43.463827],[-85.95685,43.463772],[-85.956977,43.463716],[-85.957024,43.463653],[-85.956998,43.463433],[-85.957013,43.463315],[-85.956906,43.462977],[-85.956932,43.462865],[-85.957003,43.462787],[-85.957041,43.462737],[-85.957159,43.462678],[-85.957332,43.462647],[-85.957509,43.462572],[-85.957565,43.46252],[-85.957606,43.462458],[-85.957624,43.462392],[-85.95754,43.462209],[-85.957566,43.462137],[-85.957649,43.462047],[-85.957907,43.461758],[-85.958007,43.461646],[-85.958072,43.461607],[-85.958177,43.46156],[-85.958222,43.46149],[-85.958235,43.461436],[-85.958413,43.461098],[-85.958563,43.460929],[-85.958575,43.460893],[-85.958512,43.460616],[-85.958532,43.460085],[-85.958589,43.459941],[-85.958631,43.459857],[-85.958688,43.459785],[-85.958747,43.459729],[-85.958866,43.459663],[-85.958961,43.459623],[-85.959072,43.459604],[-85.959083,43.459602],[-85.959174,43.459519],[-85.959223,43.459474],[-85.959238,43.459404],[-85.959508,43.459206],[-85.959555,43.459195],[-85.959597,43.459201],[-85.959752,43.45932],[-85.95981,43.45934],[-85.9599,43.459331],[-85.960198,43.459204],[-85.960333,43.459132],[-85.960465,43.459073],[-85.960611,43.459039],[-85.960695,43.458988],[-85.960844,43.458894],[-85.961019,43.458697],[-85.961097,43.458664],[-85.961239,43.458633],[-85.961316,43.45862],[-85.961387,43.458625]]}},{"type":"Feature","properties":{"name":"The Dragon Trail - Segment #7","highway":"path","surface":"unpaved","osm_id":1121713546},"geometry":{"type":"LineString","coordinates":[[-85.582202,43.526446],[-85.582327,43.526627],[-85.58248,43.526823],[-85.582598,43.526932],[-85.582592,43.527061],[-85.582608,43.527205],[-85.582649,43.527273],[-85.582815,43.527407],[-85.58304,43.527531],[-85.583312,43.527656],[-85.583392,43.527767],[-85.583431,43.527858],[-85.583598,43.527903],[-85.583805,43.52792],[-85.583947,43.52793],[-85.584156,43.528091],[-85.584301,43.528189],[-85.584448,43.528296],[-85.58452,43.528434],[-85.584504,43.528607],[-85.584521,43.528745],[-85.584598,43.528877],[-85.584714,43.528998],[-85.584724,43.529163],[-85.58475,43.529333],[-85.584797,43.529441],[-85.584885,43.529523],[-85.584918,43.529671],[-85.584926,43.529793],[-85.584821,43.529929],[-85.584738,43.53004],[-85.584663,43.530197],[-85.584682,43.530297],[-85.584644,43.53047],[-85.584547,43.530559],[-85.584552,43.530687],[-85.584607,43.530872],[-85.584609,43.531039],[-85.584513,43.53118],[-85.584512,43.531286],[-85.584518,43.53143],[-85.584574,43.531672],[-85.584633,43.531831],[-85.584687,43.531932],[-85.584743,43.532053],[-85.584682,43.532167],[-85.58447,43.532352],[-85.584226,43.532531],[-85.584113,43.532644],[-85.583979,43.532712],[-85.583767,43.532735],[-85.583568,43.532729],[-85.583349,43.532782],[-85.583129,43.532922],[-85.58282,43.533159],[-85.582635,43.533278],[-85.582498,43.53333],[-85.582286,43.533404],[-85.582042,43.533599],[-85.581811,43.533819],[-85.581672,43.533968],[-85.58164,43.534133],[-85.5816,43.534279],[-85.581476,43.534388],[-85.581424,43.534488],[-85.581361,43.534658],[-85.581337,43.53479],[-85.581286,43.534905],[-85.581154,43.534993],[-85.580961,43.535067],[-85.580817,43.535065],[-85.58072,43.535102],[-85.58061,43.535294],[-85.580519,43.535525],[-85.580463,43.535668],[-85.58035,43.536101],[-85.580296,43.536253],[-85.58031,43.536344],[-85.580404,43.536414],[-85.580543,43.536459],[-85.580725,43.536515],[-85.580905,43.536488],[-85.581063,43.536507],[-85.581227,43.536589],[-85.581369,43.536776],[-85.581439,43.536916],[-85.58161,43.53704],[-85.581745,43.537157],[-85.581863,43.537312],[-85.581916,43.537449],[-85.581959,43.537624],[-85.58196,43.537703],[-85.58194,43.537861],[-85.58189,43.538057],[-85.581794,43.538256],[-85.581793,43.53845],[-85.581823,43.538583],[-85.581833,43.538786],[-85.581865,43.538971],[-85.581931,43.539058],[-85.582015,43.539181],[-85.582133,43.539399],[-85.582225,43.539527]]}},{"type":"Feature","properties":{"name":"The Dragon Trail - Segment #7","highway":"path","surface":"unpaved","osm_id":1122679011},"geometry":{"type":"LineString","coordinates":[[-85.582085,43.540437],[-85.581945,43.540422]]}},{"type":"Feature","properties":{"name":"The Dragon Trail - Segment #1","highway":"path","surface":"unpaved","osm_id":1160015271},"geometry":{"type":"LineString","coordinates":[[-85.625294,43.485686],[-85.625212,43.485782],[-85.624615,43.48609],[-85.624563,43.48618],[-85.624545,43.486338],[-85.624464,43.486447],[-85.624314,43.486515],[-85.624252,43.486602],[-85.624116,43.48671],[-85.624059,43.486817],[-85.623925,43.486926],[-85.62381,43.487029],[-85.62381,43.487198],[-85.623721,43.487556],[-85.62352,43.487961],[-85.623276,43.48806],[-85.622387,43.488128],[-85.621746,43.487969],[-85.621217,43.487899],[-85.620836,43.48787],[-85.620595,43.488027],[-85.620347,43.488178],[-85.619801,43.488601],[-85.619056,43.489192],[-85.619083,43.489482],[-85.618656,43.489859],[-85.618315,43.489966],[-85.61824,43.490075],[-85.618239,43.490128]]}},{"type":"Feature","properties":{"name":"The Brower Loop","highway":"path","surface":"unpaved","osm_id":1175778466},"geometry":{"type":"LineString","coordinates":[[-85.547864,43.56203],[-85.547361,43.561463],[-85.547292,43.561365],[-85.547261,43.561266],[-85.547253,43.561241],[-85.547349,43.561051],[-85.547275,43.560833],[-85.547272,43.560792],[-85.547272,43.560673],[-85.547351,43.560495],[-85.547525,43.560327],[-85.548191,43.559682],[-85.548214,43.559659],[-85.54822,43.559529],[-85.548225,43.559429],[-85.548096,43.559278],[-85.547949,43.559164],[-85.547866,43.559065],[-85.547809,43.55892],[-85.547796,43.558765],[-85.547788,43.558668],[-85.547824,43.558639],[-85.547874,43.558675],[-85.547941,43.558711],[-85.548152,43.558721],[-85.548355,43.558664],[-85.548464,43.558606],[-85.548576,43.558546],[-85.548668,43.558478],[-85.548794,43.558478],[-85.548914,43.558429],[-85.548973,43.558374],[-85.548976,43.558303],[-85.549027,43.558258],[-85.549177,43.558234],[-85.549378,43.558201],[-85.549539,43.558083],[-85.549695,43.557957],[-85.549818,43.557807],[-85.549952,43.55769],[-85.550044,43.557548],[-85.550156,43.557463],[-85.550218,43.557395],[-85.550239,43.557311],[-85.550258,43.557228],[-85.550234,43.557165],[-85.550135,43.557119],[-85.550089,43.557066],[-85.550143,43.556992],[-85.550282,43.556907],[-85.550441,43.556759],[-85.550529,43.556629],[-85.550599,43.556493],[-85.550601,43.556339],[-85.550588,43.556196],[-85.550628,43.556108],[-85.550715,43.556032],[-85.550744,43.555943],[-85.550758,43.555839],[-85.550709,43.555768],[-85.550679,43.555676],[-85.550717,43.555614],[-85.550762,43.55555],[-85.5508,43.555472],[-85.550749,43.555369],[-85.550663,43.555346],[-85.550607,43.555373],[-85.550534,43.555371],[-85.550483,43.555309],[-85.550451,43.555237],[-85.550365,43.555163],[-85.550207,43.555051],[-85.550073,43.554982],[-85.549952,43.554948]]}},{"type":"Feature","properties":{"name":"Back To The Features Bypass","highway":"cycleway","surface":"compacted","osm_id":1250113066},"geometry":{"type":"LineString","coordinates":[[-86.041929,43.292544],[-86.042446,43.292611],[-86.042705,43.292726],[-86.042839,43.292883]]}},{"type":"Feature","properties":{"name":null,"highway":"cycleway","surface":"compacted","osm_id":1250113069},"geometry":{"type":"LineString","coordinates":[[-86.044205,43.290288],[-86.044051,43.290224],[-86.044061,43.29016],[-86.044162,43.29011],[-86.044285,43.290016],[-86.044436,43.289825],[-86.044439,43.289736],[-86.044383,43.289599],[-86.044244,43.289523],[-86.044126,43.289467],[-86.044066,43.289483],[-86.044012,43.289539],[-86.043712,43.289859],[-86.043685,43.290043],[-86.043606,43.29009],[-86.043398,43.289977],[-86.043283,43.289973],[-86.043177,43.290013],[-86.043002,43.2901],[-86.043001,43.29018],[-86.043134,43.290344],[-86.043386,43.290344],[-86.043462,43.290332],[-86.043514,43.290354],[-86.04353,43.290417],[-86.043493,43.290488]]}},{"type":"Feature","properties":{"name":"Brannam's Ridge","highway":"cycleway","surface":"compacted","osm_id":1250113074},"geometry":{"type":"LineString","coordinates":[[-86.015171,43.29173],[-86.01512,43.291757],[-86.01505,43.29184],[-86.015039,43.291887],[-86.015047,43.291922],[-86.015084,43.291971],[-86.015139,43.292034],[-86.015191,43.292136],[-86.015417,43.292412],[-86.015823,43.292533],[-86.01604,43.292541],[-86.016191,43.292425],[-86.016355,43.292428],[-86.016586,43.292367],[-86.016706,43.292412],[-86.016797,43.292378],[-86.016887,43.292359],[-86.017122,43.292424],[-86.017473,43.292558],[-86.017785,43.292449],[-86.018117,43.292635],[-86.018425,43.292787],[-86.018669,43.292764],[-86.018939,43.292842],[-86.019072,43.292817],[-86.019164,43.292768],[-86.019339,43.292773],[-86.019413,43.292735],[-86.019574,43.292622],[-86.01968,43.292609],[-86.020019,43.292506],[-86.020139,43.29244],[-86.020214,43.292354],[-86.020305,43.292231],[-86.020346,43.292066],[-86.02045,43.29199],[-86.020559,43.292036],[-86.020648,43.292121],[-86.020776,43.292206],[-86.021127,43.292208],[-86.021328,43.292199],[-86.021635,43.292258],[-86.022217,43.292362],[-86.022911,43.292442],[-86.023819,43.292322],[-86.024073,43.292002],[-86.024094,43.291868]]}},{"type":"Feature","properties":{"name":"The Dragon Trail - Segment #10","highway":"path","surface":"unpaved","osm_id":1274281661},"geometry":{"type":"LineString","coordinates":[[-85.641547,43.493359],[-85.641469,43.493363],[-85.641397,43.493324],[-85.641233,43.493221],[-85.64108,43.493139],[-85.640973,43.493098],[-85.640944,43.493016],[-85.640879,43.492935],[-85.640745,43.492894],[-85.64056,43.492849],[-85.640378,43.492884],[-85.640217,43.492921],[-85.640091,43.492952],[-85.639981,43.492966],[-85.63982,43.492933],[-85.639624,43.492865],[-85.639426,43.492837],[-85.639321,43.492853],[-85.639165,43.492845],[-85.63901,43.492793],[-85.638889,43.492697],[-85.638709,43.492654],[-85.638447,43.492608],[-85.638318,43.492615],[-85.638138,43.492592],[-85.63798,43.492514],[-85.637789,43.492415],[-85.637647,43.492329],[-85.637494,43.492246],[-85.637357,43.492232],[-85.637167,43.492187],[-85.637054,43.492221],[-85.637068,43.492294],[-85.637116,43.492407],[-85.637135,43.492503],[-85.637138,43.492594],[-85.637053,43.492601],[-85.636985,43.492549],[-85.636928,43.492398],[-85.636727,43.492143],[-85.636569,43.49195],[-85.6364,43.491724],[-85.636175,43.49143],[-85.636022,43.491335],[-85.635837,43.491253],[-85.63559,43.491183],[-85.63544,43.491174],[-85.635314,43.491211],[-85.635169,43.491189],[-85.635013,43.491144],[-85.634901,43.491074],[-85.634782,43.491057],[-85.634638,43.491068],[-85.634488,43.491096],[-85.634378,43.491166],[-85.634273,43.491175],[-85.634166,43.491174],[-85.634026,43.491123],[-85.63393,43.491096],[-85.633806,43.491142],[-85.633704,43.491203],[-85.633608,43.491258],[-85.633554,43.49131],[-85.633583,43.491447],[-85.633695,43.491563],[-85.633871,43.49164],[-85.633956,43.491678],[-85.633983,43.491728],[-85.633946,43.49179],[-85.633836,43.491798],[-85.633694,43.491767],[-85.633527,43.491736],[-85.633334,43.491759],[-85.633112,43.491841],[-85.632994,43.491913],[-85.63295,43.49197],[-85.632963,43.492052],[-85.633077,43.492133],[-85.633211,43.492195],[-85.633294,43.492292],[-85.633356,43.492361],[-85.633347,43.49239],[-85.633305,43.492419],[-85.633242,43.492428],[-85.633171,43.492421],[-85.633023,43.492316],[-85.632854,43.492246],[-85.632712,43.492279],[-85.632492,43.492365],[-85.632398,43.492421],[-85.632369,43.492444],[-85.632359,43.492496],[-85.632406,43.492602],[-85.632521,43.492785],[-85.632648,43.492903],[-85.632776,43.492977],[-85.632784,43.493044],[-85.632717,43.493088],[-85.632618,43.493123],[-85.632487,43.493098],[-85.632334,43.493108],[-85.632157,43.493057],[-85.632017,43.493047],[-85.631878,43.493077],[-85.631867,43.493131],[-85.631878,43.493186],[-85.631974,43.493382],[-85.6322,43.493701],[-85.632285,43.493798],[-85.632489,43.493923],[-85.632717,43.494133],[-85.633004,43.494355],[-85.633195,43.494398],[-85.633466,43.494376],[-85.633613,43.494355],[-85.633742,43.494345],[-85.633889,43.494277],[-85.634026,43.494186],[-85.634139,43.494133],[-85.634278,43.494178],[-85.634407,43.494254],[-85.634525,43.494267],[-85.634667,43.494273],[-85.63482,43.494336],[-85.634981,43.494359],[-85.635153,43.494394],[-85.635268,43.49448],[-85.635319,43.494587],[-85.63544,43.494707],[-85.635544,43.494849],[-85.635531,43.494978],[-85.635442,43.495153],[-85.635316,43.495306],[-85.635212,43.495559],[-85.635102,43.49569],[-85.635134,43.495764],[-85.635209,43.495877],[-85.635185,43.495968],[-85.635115,43.496065],[-85.635067,43.49618],[-85.635056,43.496252],[-85.635102,43.496297],[-85.635174,43.49631],[-85.635283,43.496283],[-85.635349,43.496219],[-85.635451,43.496174],[-85.63555,43.496256],[-85.635617,43.496453],[-85.635627,43.496674],[-85.635579,43.496855],[-85.635638,43.496962],[-85.63577,43.49705],[-85.635837,43.497165],[-85.635853,43.497289],[-85.635783,43.497367],[-85.635657,43.497437],[-85.635413,43.497511],[-85.635209,43.497554],[-85.635008,43.497639],[-85.634793,43.497739],[-85.634592,43.497806],[-85.634354,43.497812],[-85.634227,43.497877],[-85.63412,43.497947],[-85.63405,43.498007],[-85.634011,43.498091],[-85.634018,43.498178],[-85.634058,43.498244],[-85.634198,43.498385],[-85.634361,43.498515],[-85.634563,43.498641],[-85.634764,43.498733],[-85.634834,43.498727],[-85.634893,43.498688],[-85.634965,43.498663],[-85.63507,43.498719],[-85.635198,43.498799],[-85.635298,43.498852],[-85.635391,43.498863],[-85.635526,43.498865],[-85.635662,43.498892],[-85.635754,43.498959],[-85.635818,43.499054],[-85.635874,43.499219],[-85.636,43.499278],[-85.636201,43.499406],[-85.636314,43.499511],[-85.636352,43.499634],[-85.636354,43.499739],[-85.636279,43.499852],[-85.63621,43.499916],[-85.636161,43.500017],[-85.636067,43.500071],[-85.635936,43.50004],[-85.635764,43.499992],[-85.635649,43.499984],[-85.635512,43.499966],[-85.635386,43.499992],[-85.63529,43.500058],[-85.635316,43.500182],[-85.635359,43.500262],[-85.635317,43.500351],[-85.635298,43.50042],[-85.635198,43.50049],[-85.635091,43.500525],[-85.634973,43.500558],[-85.63485,43.500525],[-85.634793,43.500416],[-85.63471,43.500352],[-85.6346,43.5004],[-85.634579,43.500457],[-85.634501,43.500542],[-85.634383,43.500507],[-85.634289,43.50048],[-85.633967,43.500494],[-85.633729,43.50049],[-85.633581,43.500498],[-85.633423,43.500484],[-85.63327,43.500459],[-85.633133,43.500476],[-85.632959,43.500468],[-85.632862,43.500426],[-85.632798,43.500332],[-85.632602,43.500221],[-85.632452,43.500173],[-85.63232,43.500159],[-85.632194,43.500239],[-85.63209,43.500321],[-85.631972,43.500369],[-85.631843,43.500418]]}},{"type":"Feature","properties":{"name":"Gerber Foundation Kids Trail","highway":"cycleway","surface":"compacted","osm_id":1274932544},"geometry":{"type":"LineString","coordinates":[[-86.046642,43.292488],[-86.046353,43.292427]]}},{"type":"Feature","properties":{"name":"The Dragon Trail - Segment #7","highway":"path","surface":"unpaved","osm_id":1297480728},"geometry":{"type":"LineString","coordinates":[[-85.582225,43.539527],[-85.582184,43.539743],[-85.58212,43.539834],[-85.58212,43.539945],[-85.582085,43.540075],[-85.582123,43.540136],[-85.582195,43.540161],[-85.58224,43.540248],[-85.582252,43.540322],[-85.58221,43.540405],[-85.582085,43.540437]]}},{"type":"Feature","properties":{"name":"Brannam's Ridge","highway":"cycleway","surface":null,"osm_id":1427824959},"geometry":{"type":"LineString","coordinates":[[-86.016657,43.290596],[-86.016663,43.290464],[-86.016696,43.290412],[-86.016667,43.290363],[-86.016638,43.290341],[-86.01662,43.290312],[-86.016629,43.290276],[-86.01667,43.290188],[-86.016695,43.290096],[-86.016697,43.289955],[-86.016685,43.2899],[-86.016666,43.289864],[-86.016627,43.289832],[-86.01657,43.289816],[-86.016518,43.289802],[-86.01649,43.289767],[-86.01639,43.28965],[-86.01637,43.28965],[-86.01633,43.289625],[-86.016257,43.289645],[-86.016157,43.289664],[-86.016062,43.2897],[-86.016001,43.289756],[-86.01593,43.289891],[-86.015875,43.290012],[-86.015844,43.290085],[-86.015834,43.290119],[-86.01584,43.290138],[-86.015848,43.290169],[-86.015834,43.290219],[-86.015828,43.290271],[-86.015846,43.290408],[-86.015901,43.290447],[-86.016012,43.290507],[-86.016024,43.290569],[-86.015912,43.290646],[-86.015897,43.290756],[-86.015931,43.290935],[-86.015919,43.291089],[-86.015918,43.291199],[-86.015884,43.291304],[-86.01589,43.291358],[-86.015936,43.291402],[-86.016035,43.291519],[-86.016079,43.291573],[-86.016098,43.291636],[-86.016076,43.29169],[-86.01602,43.291776]]}},{"type":"Feature","properties":{"name":"Infinity","highway":"cycleway","surface":"compacted","osm_id":1427824960},"geometry":{"type":"LineString","coordinates":[[-86.01602,43.291776],[-86.01609,43.291754],[-86.016139,43.291712],[-86.016149,43.291681],[-86.01616,43.291652],[-86.016165,43.291614],[-86.016136,43.291525],[-86.016047,43.291409],[-86.016029,43.291341],[-86.016088,43.291213],[-86.016115,43.291135],[-86.016217,43.291001],[-86.016462,43.290871],[-86.016657,43.290596]]}},{"type":"Feature","properties":{"name":"Infinity","highway":"cycleway","surface":null,"osm_id":1427824961},"geometry":{"type":"LineString","coordinates":[[-86.015716,43.291809],[-86.015384,43.291746],[-86.015274,43.291719],[-86.015171,43.29173]]}},{"type":"Feature","properties":{"name":"Infinity","highway":"cycleway","surface":null,"osm_id":1427824962},"geometry":{"type":"LineString","coordinates":[[-86.015897,43.2918],[-86.015716,43.291809]]}},{"type":"Feature","properties":{"name":"Infinity","highway":"cycleway","surface":null,"osm_id":1427824963},"geometry":{"type":"LineString","coordinates":[[-86.01602,43.291776],[-86.015897,43.2918]]}},{"type":"Feature","properties":{"name":"The Faz Track","highway":"cycleway","surface":"compacted","osm_id":1427824964},"geometry":{"type":"LineString","coordinates":[[-86.040642,43.287918],[-86.040312,43.287889],[-86.038678,43.288163],[-86.038317,43.288219],[-86.037615,43.288424],[-86.037386,43.288458],[-86.036864,43.288585],[-86.036628,43.288556],[-86.036446,43.288569],[-86.036124,43.288616],[-86.035363,43.288429],[-86.034888,43.288575],[-86.034822,43.288641],[-86.034786,43.288819],[-86.034776,43.289056],[-86.034752,43.289318],[-86.034765,43.289349],[-86.034844,43.28953],[-86.034928,43.289713],[-86.034858,43.289862],[-86.034569,43.290213],[-86.034468,43.290424],[-86.034399,43.290627],[-86.034255,43.290897],[-86.034164,43.291205],[-86.034162,43.291333],[-86.034196,43.291469],[-86.034384,43.291608],[-86.034473,43.291633],[-86.034632,43.291635],[-86.03473,43.291487],[-86.034814,43.29127],[-86.034944,43.291268],[-86.035158,43.291326],[-86.035421,43.291407],[-86.035502,43.291553],[-86.035428,43.291701],[-86.035377,43.291873],[-86.035663,43.292177],[-86.035867,43.292381]]}},{"type":"Feature","properties":{"name":"The Dragon Trail - Segment #1","highway":"path","surface":"unpaved","osm_id":1441623926},"geometry":{"type":"LineString","coordinates":[[-85.618238,43.490223],[-85.618237,43.490347],[-85.618171,43.490561],[-85.618117,43.490869],[-85.617857,43.491199]]}},{"type":"Feature","properties":{"name":"The Dragon Trail - Segment #1","highway":"path","surface":"unpaved","osm_id":1441623927},"geometry":{"type":"LineString","coordinates":[[-85.618239,43.490128],[-85.618238,43.490223]]}},{"type":"Feature","properties":{"name":"Town and Country Path","highway":"cycleway","surface":null,"osm_id":1488670697},"geometry":{"type":"LineString","coordinates":[[-85.944887,43.473857],[-85.944964,43.473999],[-85.945098,43.474178],[-85.945167,43.474215],[-85.945318,43.474459],[-85.945392,43.474916],[-85.945661,43.475746],[-85.945655,43.475767]]}},{"type":"Feature","properties":{"name":"Town and Country Path","highway":"cycleway","surface":null,"osm_id":1488670698},"geometry":{"type":"LineString","coordinates":[[-85.944891,43.472669],[-85.944888,43.473246],[-85.944846,43.47342],[-85.944836,43.47352],[-85.944859,43.473794]]}},{"type":"Feature","properties":{"name":"Town and Country Path","highway":"cycleway","surface":null,"osm_id":1488670699},"geometry":{"type":"LineString","coordinates":[[-85.944859,43.473794],[-85.944887,43.473857]]}}]}