{"type": "FeatureCollection", "features": [{"type": "Feature", "geometry": {"type": "Polygon", "coordinates": [[[-86.25377699967147, 44.29010299972432], [-86.25354999989075, 44.2822899999855], [-86.24746499990401, 44.2821699997368], [-86.24305899969234, 44.282443999934735], [-86.24304699999678, 44.28258999985633], [-86.24304199997388, 44.28279800001648], [-86.24296400015608, 44.28347899972312], [-86.242964999981, 44.28373399998427], [-86.24299799959296, 44.28392699979401], [-86.24298800044555, 44.28401600003581], [-86.24290600042977, 44.28405499973801], [-86.24304799982168, 44.28420500018161], [-86.24309700022549, 44.28428599996605], [-86.24312499981458, 44.28458399993463], [-86.24310899992103, 44.28476900019691], [-86.24310700027122, 44.28525900023163], [-86.24424700009601, 44.28525600026743], [-86.2442450004462, 44.28571000017383], [-86.24310499972307, 44.28570800021308], [-86.24308999965447, 44.28963999982713], [-86.24854199997962, 44.289875000236634], [-86.25377699967147, 44.29010299972432]]]}, "properties": {"NAME": "Little River Reservation", "GEOID": "1960R", "_type": "reservation"}}, {"type": "Feature", "geometry": {"type": "Polygon", "coordinates": [[[-88.34227099962828, 44.44184200004844], [-88.34158600008816, 44.44154399979427], [-88.33611799986949, 44.439244999896694], [-88.33579900002727, 44.4391020002996], [-88.33202100035261, 44.437409999973454], [-88.331345000135, 44.43711300016994], [-88.32389000016971, 44.43400900019917], [-88.32202100042387, 44.433231000039356], [-88.3185950002034, 44.43180299969452], [-88.31237399977424, 44.42921600019067], [-88.3120900000921, 44.429096999681015], [-88.31124200034537, 44.42875300003121], [-88.31033199977603, 44.42838299987489], [-88.30674300024725, 44.426923999931795], [-88.30441699966862, 44.42597800014814], [-88.30418800023807, 44.42588599986504], [-88.30088900023921, 44.4245439998601], [-88.29733599979713, 44.42309799978877], [-88.29476700044255, 44.42205600018355], [-88.29156600035299, 44.42075399970492], [-88.28344100001787, 44.417417999943915], [-88.28169500029567, 44.416713000191564], [-88.2795839998022, 44.41585399988066], [-88.27746700035922, 44.41499400008224], [-88.27662200008722, 44.4146379998696], [-88.2666599997933, 44.41037599998603], [-88.26108500034283, 44.40798200000793], [-88.25109000043697, 44.403554000180556], [-88.24999300026988, 44.40309300004557], [-88.24412699966796, 44.40077500015019], [-88.2430039995616, 44.40030600031498], [-88.23692399959774, 44.39777200030169], [-88.23190399999103, 44.39568100014016], [-88.22548900029143, 44.39297699987927], [-88.21165600043645, 44.38718799992842], [-88.20923299977342, 44.38606200014056], [-88.20195899955809, 44.38301200012777], [-88.20191800044852, 44.38299400014521], [-88.20108200039735, 44.38367899968112], [-88.19834599973989, 44.38592799998587], [-88.19143200027298, 44.391586000281976], [-88.1894909996588, 44.393244000270435], [-88.18629999961497, 44.395971999761336], [-88.18464099993142, 44.39739099981768], [-88.1833520001437, 44.39849200028986], [-88.18148800042074, 44.40008599996728], [-88.18068699963133, 44.40076999978312], [-88.18136500039708, 44.401146999689985], [-88.18147500000195, 44.40121300009627], [-88.17704700004894, 44.40549900018688], [-88.17417900004531, 44.40838999968857], [-88.17411299992308, 44.40834200021355], [-88.17089900031303, 44.41144999994594], [-88.17053500026495, 44.41180200000559], [-88.16977600020668, 44.412534999827635], [-88.16934000018858, 44.41295600026228], [-88.16817799972416, 44.41407800026804], [-88.16697699980001, 44.41523899969782], [-88.16551499975995, 44.41665899988191], [-88.16052899959011, 44.42150900021775], [-88.15866499986714, 44.42331100007557], [-88.1574439998515, 44.42451100031849], [-88.1557259997184, 44.426163999943505], [-88.15353800013033, 44.428303000278675], [-88.15276099963039, 44.429060999834896], [-88.15175899989787, 44.43004200022049], [-88.15072399965504, 44.431033000229334], [-88.15022800026081, 44.43107399984508], [-88.14978100037207, 44.430972999894955], [-88.1495150002333, 44.43086199969129], [-88.1475510000529, 44.42981999991498], [-88.14745700034156, 44.42977599978901], [-88.14731300040151, 44.429728999996904], [-88.14715900041574, 44.42970099999361], [-88.14697399956948, 44.429692999898535], [-88.14013200007261, 44.4380670002009], [-88.13980900003243, 44.43839399987444], [-88.13981800025324, 44.43839699970409], [-88.1399069999417, 44.43844400022226], [-88.13419900042184, 44.44533099991551], [-88.13246899969485, 44.44707700028119], [-88.13232300010499, 44.447341999769556], [-88.13186500034558, 44.44792999972544], [-88.13140099984008, 44.448448999974055], [-88.12946000012423, 44.450664000020744], [-88.12786800038782, 44.45248300010846], [-88.12476100000957, 44.456057000174894], [-88.12389499982119, 44.45704399970401], [-88.12352800029836, 44.457463999941474], [-88.12164799978356, 44.459551999953554], [-88.1215370003538, 44.45967599981147], [-88.12141299960692, 44.45987100009469], [-88.11855499964902, 44.46317100031493], [-88.1192009997294, 44.463397999707844], [-88.1210949995896, 44.46406400003495], [-88.12139599988849, 44.464155999835185], [-88.1219110004476, 44.464254999841586], [-88.12223000028983, 44.464308999774275], [-88.12254800030715, 44.46439699991375], [-88.12273099970693, 44.46444699980277], [-88.12351099968161, 44.46471999976224], [-88.12373199961455, 44.464797999882514], [-88.12438699991576, 44.46502799974553], [-88.12450099971858, 44.46507600012109], [-88.1247979998195, 44.46517300023866], [-88.12827099989563, 44.46638999980134], [-88.12812199993272, 44.46660600030794], [-88.12770000015831, 44.46741200018813], [-88.12670300044867, 44.468908999936815], [-88.12648900018841, 44.46902099971598], [-88.12635500029411, 44.46920300010075], [-88.12571699971134, 44.47015999992242], [-88.1256640000079, 44.470141999831455], [-88.1245509999473, 44.46981699976214], [-88.11975599957317, 44.46811399976345], [-88.11773700003951, 44.46739800024221], [-88.11759599957419, 44.46734800031646], [-88.11638499960429, 44.466917999699874], [-88.11647599984089, 44.46684400023745], [-88.10955300015316, 44.46438600030426], [-88.1091549997699, 44.46424300006343], [-88.10888299978333, 44.46464100004382], [-88.10666400023312, 44.46787800004281], [-88.10259199993229, 44.473821000086396], [-88.10235299955768, 44.4741290001235], [-88.10108200021163, 44.47602399994592], [-88.10044000032923, 44.47695799992153], [-88.09975800026383, 44.477979999862], [-88.09978099983006, 44.47815200019441], [-88.09972399992864, 44.47820000003276], [-88.09963100004224, 44.47829999983615], [-88.09917699958247, 44.478975000275845], [-88.09855099959357, 44.47988200001093], [-88.09798499987915, 44.480701999825634], [-88.09777499981686, 44.48100799972698], [-88.09742699966232, 44.48151500009033], [-88.09698099959849, 44.48216500015873], [-88.09924000022998, 44.48298800003542], [-88.09989100033323, 44.48317699980852], [-88.10075599979841, 44.4835059997095], [-88.10413400033829, 44.4846890003046], [-88.10659800011089, 44.48553499982695], [-88.1066900001724, 44.48556699973324], [-88.10676700016529, 44.48559299968417], [-88.10681400002096, 44.48561700007234], [-88.1096390003669, 44.48659900027615], [-88.1154900000019, 44.488659000244546], [-88.11588800038516, 44.48879899981721], [-88.11582200026292, 44.48879800009608], [-88.11687599987397, 44.48911999976602], [-88.11964900034137, 44.49007200001179], [-88.1261140002697, 44.492317999720626], [-88.1283329998199, 44.49310900030074], [-88.12969699995068, 44.49359299992349], [-88.1348089996189, 44.49535500031562], [-88.13762300009417, 44.49633099985323], [-88.14243299963859, 44.497999999844524], [-88.14599199992844, 44.499164999832125], [-88.14986300038784, 44.50055000006902], [-88.15054299990508, 44.500813000010595], [-88.1501999997734, 44.501328999990896], [-88.1498950001749, 44.501766999951855], [-88.14963200040916, 44.5021509997207], [-88.14957499960943, 44.502241000081526], [-88.14844200035564, 44.50183999983898], [-88.1456720002613, 44.500885999810826], [-88.14030199995192, 44.49903299972353], [-88.13105199986065, 44.495843000204054], [-88.13087500030863, 44.49578899997354], [-88.13051000043563, 44.49565800015581], [-88.12991200003584, 44.49544400002599], [-88.12981199957841, 44.49537899989093], [-88.12859099956276, 44.494951000002054], [-88.12245200004767, 44.49280299979327], [-88.11736100029587, 44.49102099976801], [-88.11734700005218, 44.4910160000711], [-88.11461499959266, 44.490059999774175], [-88.11059199969561, 44.48865200025706], [-88.1105199997256, 44.48864500026879], [-88.11040300044804, 44.48862599974701], [-88.11027000037865, 44.488592999871706], [-88.10903099992134, 44.4881600002245], [-88.10845099996321, 44.48965100013325], [-88.10835700025189, 44.48989400007929], [-88.10755999966044, 44.490874000040584], [-88.10698399990027, 44.49157900029123], [-88.10582300015908, 44.49300099985263], [-88.10503200031374, 44.493969000077875], [-88.10493199985633, 44.49409099996834], [-88.10489900024436, 44.4941680002931], [-88.11114499988959, 44.49625300022812], [-88.1113299998375, 44.496313999738426], [-88.11208700024596, 44.4965699998867], [-88.11268999977031, 44.49676900019664], [-88.11330300023873, 44.49697200007396], [-88.11806199972952, 44.49855800022904], [-88.119440000104, 44.499014000023074], [-88.1195949999147, 44.49906399972735], [-88.11996900000851, 44.499188000218496], [-88.12007000029085, 44.499223999774316], [-88.12028700002581, 44.49929700028259], [-88.12443399977144, 44.50071900001913], [-88.12518600015702, 44.500977999867715], [-88.12579200005443, 44.50116899995405], [-88.12830900042879, 44.501961999920304], [-88.13163199981878, 44.50305799982073], [-88.1340410002381, 44.503900000299026], [-88.1317049996137, 44.50701399991496], [-88.13019999991593, 44.509027000079804], [-88.12768300043989, 44.50814600010409], [-88.12747199965438, 44.50808500015965], [-88.11988299979478, 44.50552799968027], [-88.11956999980035, 44.505424000117415], [-88.11868900044163, 44.50511999969079], [-88.11860300022792, 44.50508999978615], [-88.11792399963726, 44.50486199975], [-88.11349099966138, 44.503373000059895], [-88.1101120001949, 44.50223799968731], [-88.10986000029982, 44.502140000179644], [-88.10896700034725, 44.50180500011517], [-88.10809100011309, 44.50147600027446], [-88.10687099992236, 44.50104800028734], [-88.10273900024538, 44.49960499974441], [-88.10100699986859, 44.4989929999423], [-88.09974700039318, 44.50055100022943], [-88.0993330001164, 44.50106999977946], [-88.09914700034355, 44.50130000020503], [-88.09830600026952, 44.50235000020434], [-88.0979609995897, 44.50277399975492], [-88.09748500028694, 44.50336399969228], [-88.09669799974125, 44.50434199990562], [-88.09638599957174, 44.50472700010063], [-88.09544999996145, 44.505859999926045], [-88.09481599957661, 44.506247999893496], [-88.09446300029754, 44.506457999855456], [-88.09438700012954, 44.506501999873656], [-88.09391699977625, 44.506802999980984], [-88.09378000040722, 44.50686600008984], [-88.09124100029156, 44.508306000211576], [-88.08922299968448, 44.50945899981524], [-88.08875200040463, 44.50972699993993], [-88.0879070001326, 44.51024099982883], [-88.08687799973758, 44.51086699983793], [-88.08554499956894, 44.51167699997126], [-88.08395500038067, 44.512645000193544], [-88.08307800032162, 44.513178000186905], [-88.0827319998169, 44.514256999952515], [-88.08228400010324, 44.5158319998957], [-88.08174299960483, 44.51761800016422], [-88.08086200024614, 44.51990200005054], [-88.07972300024625, 44.522750999900985], [-88.07915199961063, 44.52417899988264], [-88.07876599982124, 44.52514499981921], [-88.07786299982294, 44.52740799978283], [-88.07749600030013, 44.528327000120505], [-88.07718999997837, 44.52909300005118], [-88.07688500037985, 44.529857000199144], [-88.07682900030336, 44.529973999714976], [-88.07675200031046, 44.53009100027654], [-88.0778469999294, 44.53056899982822], [-88.0795430003212, 44.53130800005149], [-88.08006899985266, 44.53157600023237], [-88.08086100042124, 44.531914000312526], [-88.08104499964593, 44.53199600001356], [-88.081232000142, 44.53207199996138], [-88.08153099989272, 44.53220200029941], [-88.08179000035882, 44.53231100010307], [-88.08184399988717, 44.5323329999623], [-88.0835279996851, 44.53305499992935], [-88.08360899987596, 44.53308200007998], [-88.08413799978047, 44.533312999932186], [-88.084273000398, 44.533371000291766], [-88.08470799969285, 44.53355899982354], [-88.08476999961715, 44.5335859997405], [-88.08485300035613, 44.53362199982379], [-88.08498800007534, 44.53367999987561], [-88.08639700041196, 44.53430500015813], [-88.08656100044348, 44.534351000083994], [-88.08806299976821, 44.53499199972443], [-88.0881249996925, 44.53501900025771], [-88.08939099991397, 44.53555899996978], [-88.08941199983038, 44.535567999847856], [-88.0896520000299, 44.535670000289805], [-88.08970999975621, 44.535695000113435], [-88.08975499996205, 44.535714000023496], [-88.09003000032168, 44.53583099993947], [-88.09005299988789, 44.53585100000012], [-88.09042899963151, 44.53600100023586], [-88.09128700032232, 44.53636799988786], [-88.09169700040114, 44.53654099980624], [-88.09235099997912, 44.53682000027954], [-88.0927579996849, 44.53699099978495], [-88.0937019996911, 44.53739600025018], [-88.09428300037249, 44.53764600019843], [-88.09439499962716, 44.53769399973268], [-88.09470000012399, 44.53782200000481], [-88.09522900002851, 44.538048000118465], [-88.09541300015151, 44.53808600031772], [-88.09561499981788, 44.53815800002067], [-88.09605500003394, 44.53833700001695], [-88.0962080001948, 44.53838599977337], [-88.09627500014196, 44.538401000121745], [-88.09665099988561, 44.53865400003737], [-88.09668400039587, 44.53866800017015], [-88.09679499982565, 44.5387149999968], [-88.0970519997436, 44.53882499991956], [-88.09747799971595, 44.53900799970905], [-88.099937000364, 44.54005499997828], [-88.10131599966505, 44.540644000146635], [-88.10514100009368, 44.54227099995215], [-88.10524300020096, 44.54231300029234], [-88.10534899960784, 44.542356000045174], [-88.10536100020173, 44.54236600023625], [-88.10534699995802, 44.5424069997853], [-88.1053319998894, 44.54245900020247], [-88.10530599995015, 44.54251099993297], [-88.10527800036105, 44.542547999700595], [-88.10517000040602, 44.54269699989387], [-88.10513900044387, 44.5427420001566], [-88.10509699971276, 44.54278899989583], [-88.10507800034449, 44.5428500000049], [-88.10501899989495, 44.54290999997631], [-88.10504099963627, 44.542963000017046], [-88.10503899998645, 44.54297500024906], [-88.1050299997656, 44.54301800015321], [-88.10499600032873, 44.5430679998827], [-88.10495500032086, 44.543117000139375], [-88.10479100028932, 44.54314099989723], [-88.1047469999084, 44.54318400031902], [-88.10459399974751, 44.5433379998568], [-88.10340600024215, 44.54452399988391], [-88.1031500001491, 44.54473400019733], [-88.10308200037706, 44.54479899971397], [-88.10286499974376, 44.54498099989525], [-88.10267599959788, 44.545139999978346], [-88.10182100017845, 44.545858999860464], [-88.10171499987322, 44.54610999998173], [-88.10168899993397, 44.54616200029238], [-88.10159600004755, 44.54634500006822], [-88.10155699968949, 44.54644500017146], [-88.10149200029048, 44.54647699993773], [-88.10141500029758, 44.5465520001813], [-88.10126200013669, 44.54666500004993], [-88.10110300012803, 44.54676000020601], [-88.10099099997504, 44.546834000078654], [-88.10088600039306, 44.54687799969878], [-88.10076800039229, 44.54690599984713], [-88.10069200022431, 44.54691199987718], [-88.10060699983549, 44.54689699980091], [-88.10046500044358, 44.54688699974793], [-88.10036300033633, 44.54687999970981], [-88.10020599997749, 44.546852000189176], [-88.10003899957292, 44.546815999962575], [-88.0999880004176, 44.54682600002774], [-88.09973099960135, 44.54684800016507], [-88.09949600032303, 44.546815999962575], [-88.0992920001085, 44.54674500009056], [-88.09905699993188, 44.546679000177036], [-88.09888399967952, 44.546489000085614], [-88.0986779998152, 44.54631700029026], [-88.09861000004312, 44.54628999987423], [-88.09845799970716, 44.546322999740795], [-88.0982490003681, 44.54641799981481], [-88.09808399961335, 44.54645400028756], [-88.09792999962755, 44.5464159997879], [-88.09764000009767, 44.54596999975168], [-88.09756999977745, 44.54585599979127], [-88.09746400037055, 44.545662000109104], [-88.0973970004234, 44.54545900015209], [-88.09741099976881, 44.54543300000866], [-88.09747000021835, 44.54531500014762], [-88.09748399956374, 44.545289999972724], [-88.0972409998895, 44.545181000134704], [-88.0970650001624, 44.545113000296816], [-88.09672299985563, 44.54514400011978], [-88.09639099959462, 44.54522699979167], [-88.09610600008756, 44.54528399977549], [-88.09540200028086, 44.54563700008325], [-88.09509099993625, 44.545793000222766], [-88.09494100014841, 44.54585199969872], [-88.09476000039844, 44.545923000019705], [-88.0951930000435, 44.546100999812445], [-88.09603599976737, 44.546446000184424], [-88.0970869999037, 44.546878999704305], [-88.09916900008487, 44.54773800002975], [-88.10047299994119, 44.548276000257005], [-88.1006369999727, 44.54834300026077], [-88.10066700010995, 44.548356000004155], [-88.1008679999514, 44.54843900021778], [-88.10259100010738, 44.54914899998523], [-88.1104219998163, 44.5523760003118], [-88.11162199991554, 44.55290099991275], [-88.11180500021365, 44.55297999980365], [-88.11298600004632, 44.55349500015935], [-88.11334900026948, 44.55366000000537], [-88.1138560004327, 44.55387500007273], [-88.11734799987707, 44.55539599973699], [-88.11756499961207, 44.55549099972517], [-88.11979699958107, 44.556462999742074], [-88.1202700003074, 44.556668999879854], [-88.1205590000124, 44.55679499972896], [-88.12170999970783, 44.557296999944505], [-88.12201100000672, 44.557428000115756], [-88.1220650004334, 44.557450999910145], [-88.12245399969751, 44.55762099980623], [-88.1259309999716, 44.5591360000815], [-88.12614299968371, 44.55922799970445], [-88.12629400019475, 44.55929400010965], [-88.12711099997935, 44.559649999937385], [-88.12829199981203, 44.56016399973302], [-88.12833700001788, 44.560183999755345], [-88.12980499990572, 44.56082300027337], [-88.1302380004491, 44.56101199989308], [-88.13043500009258, 44.56109400021779], [-88.13108799984565, 44.56134599968064], [-88.13119999999864, 44.561389000094614], [-88.13135599963425, 44.56144799976243], [-88.1324369999078, 44.56186100024246], [-88.13273700038177, 44.56197599996277], [-88.13293900004814, 44.56205300020496], [-88.13364600022788, 44.56232299980026], [-88.13517199984206, 44.56290600028481], [-88.13858200016901, 44.564209000172326], [-88.13869799962163, 44.56425300009725], [-88.13890000018631, 44.56432999988585], [-88.13992200001033, 44.56472099997413], [-88.14011600017908, 44.56479500005026], [-88.14119900010246, 44.565205999789164], [-88.14130399968444, 44.56524800022026], [-88.1443700000548, 44.56642000002052], [-88.14460000020857, 44.566507000024174], [-88.1462200004324, 44.5671260000236], [-88.14931699986657, 44.56830900023594], [-88.15440599996856, 44.57029199979659], [-88.15451200027377, 44.57033300015268], [-88.15624600030038, 44.57100900013982], [-88.15644899979168, 44.57108799976375], [-88.15670599970962, 44.57118800022744], [-88.1597529998134, 44.57237499992498], [-88.1607889998811, 44.57277899973731], [-88.16121099965551, 44.57294299973461], [-88.1619849997824, 44.573244999744944], [-88.16208799971456, 44.573284999747344], [-88.1628300000544, 44.57357400003512], [-88.16289600017664, 44.57359999976475], [-88.16332200014901, 44.57376599973345], [-88.16433200027744, 44.574159000098916], [-88.16465100011968, 44.57428400029018], [-88.16483900044065, 44.57435899989203], [-88.16583399960217, 44.5747579998081], [-88.1660319999689, 44.5748380002637], [-88.1687379995908, 44.5759239997197], [-88.16902299999619, 44.57603800028937], [-88.17014399955438, 44.57648800015368], [-88.17072500023575, 44.57672100016116], [-88.17163499990679, 44.57708600006194], [-88.17201900004633, 44.57724000011467], [-88.17216200016146, 44.57729800021994], [-88.17444400035919, 44.57821299968596], [-88.17505000025659, 44.57845600020842], [-88.17711999984388, 44.57928600022745], [-88.18003100040355, 44.58045399969912], [-88.18943899978026, 44.58422600028563], [-88.19012000002074, 44.58448499997651], [-88.19028300022737, 44.58454699988449], [-88.1910260003921, 44.584831999890454], [-88.19433500043671, 44.58656299988674], [-88.19445099988936, 44.58662400017528], [-88.19566100003433, 44.587258000296536], [-88.19615399995384, 44.58736600005979], [-88.19871099961286, 44.58857599991995], [-88.20515299997497, 44.59115999999707], [-88.21060199992706, 44.593391000177036], [-88.21254000016819, 44.59412199995038], [-88.21261700016109, 44.59403399984406], [-88.21467400022792, 44.59170600010735], [-88.21619700036733, 44.589992000026676], [-88.21838900015338, 44.58750399996285], [-88.21810799994599, 44.58750699980413], [-88.21936300029681, 44.58598900020335], [-88.21932300011383, 44.58599000017652], [-88.22064000038897, 44.584385999986345], [-88.22087999969014, 44.58407000016942], [-88.2227629996797, 44.58160299973971], [-88.22580899995856, 44.578041000234904], [-88.22865100002292, 44.574719999873096], [-88.23208100044137, 44.5707050002052], [-88.23263499956191, 44.57005699977349], [-88.23468699960587, 44.56780200016543], [-88.23700099959065, 44.565238000120374], [-88.24499200003144, 44.55649499976161], [-88.24693299974732, 44.55395599968963], [-88.2501499997304, 44.5499979999415], [-88.25705700042293, 44.54165699978223], [-88.25706699957036, 44.541644999918816], [-88.25921599969867, 44.53933299971921], [-88.26519799975324, 44.532414000100175], [-88.26732799961499, 44.529945000092226], [-88.26757799986025, 44.529735999888864], [-88.26905499996893, 44.52806299975317], [-88.27077399992696, 44.52618199980639], [-88.275754000249, 44.52041599986993], [-88.2808879996585, 44.51454600004481], [-88.28140599969235, 44.51396699977792], [-88.28423699988608, 44.510704999741556], [-88.28818399961514, 44.50634999978647], [-88.28995699999983, 44.504502000203885], [-88.29368199997104, 44.500233000263194], [-88.29386400044422, 44.500018000095125], [-88.30510799995483, 44.48678200007061], [-88.30908499982112, 44.481598000062625], [-88.31270199983729, 44.47690600000294], [-88.32980899957678, 44.45593999975031], [-88.32988499974476, 44.455845999897015], [-88.33124600040081, 44.45431500018003], [-88.33667299971327, 44.448347000141005], [-88.34089599962687, 44.44342300022571], [-88.34227099962828, 44.44184200004844]]]}, "properties": {"NAME": "Oneida (WI) Reservation", "GEOID": "2560R", "_type": "reservation"}}, {"type": "Feature", "geometry": {"type": "MultiPolygon", "coordinates": [[[[-89.76871899960058, 43.37006999982763], [-89.76845199963691, 43.37006900006095], [-89.76790199981599, 43.370066999874524], [-89.76601999965136, 43.37003800010237], [-89.76477400041966, 43.37002400009482], [-89.76477699989441, 43.36965600032314], [-89.76479899963572, 43.36931200020684], [-89.76483100032108, 43.36909500006772], [-89.76485800008527, 43.36893299978272], [-89.76492099983444, 43.368577999821966], [-89.76496600004029, 43.36823300032511], [-89.76498299975871, 43.367610000197864], [-89.76319299965559, 43.36761300027249], [-89.76260400037494, 43.367614000079655], [-89.76261000022272, 43.367374000173506], [-89.76262799976608, 43.36708599968574], [-89.76262799976608, 43.36707399993507], [-89.76262699994116, 43.36687200018379], [-89.76267999964462, 43.364818999914206], [-89.76269999973609, 43.36405000015051], [-89.76271800017777, 43.36280699997194], [-89.76271099960675, 43.362434000057], [-89.76272499985045, 43.361952000303845], [-89.76260600002477, 43.36193099977771], [-89.76251599961307, 43.36192800007513], [-89.76231499977163, 43.361922000016506], [-89.76199400027959, 43.36192399981841], [-89.7615030000099, 43.361915000056165], [-89.76128200007696, 43.36191199969973], [-89.7612920001227, 43.36179900031591], [-89.76129499959744, 43.36168400025881], [-89.76126000033565, 43.36158399989], [-89.76104799972524, 43.361283999753915], [-89.76096700043269, 43.36116000015258], [-89.76092300005175, 43.36107500025839], [-89.76090799998315, 43.36098699984293], [-89.7609110003562, 43.36077299972493], [-89.76090200013536, 43.360508000122856], [-89.76088500041692, 43.36022200020494], [-89.76088600024184, 43.36007699987771], [-89.76090799998315, 43.35962200000186], [-89.76091600037908, 43.35905699989987], [-89.76091499965584, 43.35901699999954], [-89.75984799962599, 43.35900699985707], [-89.75927600006376, 43.35900100016267], [-89.7591659995606, 43.35898800016963], [-89.75893799995497, 43.35899199996683], [-89.75772799980997, 43.359014000152925], [-89.7577289996349, 43.359116000080235], [-89.75771699993932, 43.35921000027124], [-89.75770600006868, 43.359618000246186], [-89.75768599997718, 43.359653999997], [-89.75766199968773, 43.359696999943516], [-89.75760499978634, 43.359737000048696], [-89.75754500041018, 43.35974899994444], [-89.75750900042516, 43.35974999988122], [-89.7574759999149, 43.35975600015469], [-89.75742499986126, 43.359758000027995], [-89.75736200011208, 43.35975600015469], [-89.75721099960101, 43.35975099981802], [-89.75698600036846, 43.359745000197194], [-89.75674000032114, 43.35973999985956], [-89.75661899994734, 43.35973600011167], [-89.75653699993157, 43.359745000197194], [-89.75647500000728, 43.35976700011026], [-89.75643099962635, 43.359796000220925], [-89.75639700018948, 43.35983399973697], [-89.75637700009798, 43.359863999750566], [-89.75633600009012, 43.359938000112564], [-89.75623300015795, 43.36003099975104], [-89.7560339999663, 43.3601229999695], [-89.75590699974471, 43.36015700021374], [-89.75578500044429, 43.36018099983677], [-89.75566400007047, 43.36018500020842], [-89.75498600020303, 43.36017600018821], [-89.75478299981344, 43.36017399967555], [-89.75429200044208, 43.36013800023327], [-89.7535259998128, 43.360101000185516], [-89.75332099977338, 43.360091000221715], [-89.75224399969778, 43.360056000008775], [-89.75170499974753, 43.36004699996943], [-89.75122100004884, 43.36003899986077], [-89.75074999987066, 43.36004099972473], [-89.75057800034152, 43.360063000183615], [-89.75045199994483, 43.36010499990935], [-89.75043000020351, 43.36011200007853], [-89.75038499999768, 43.36012599976132], [-89.75026799982182, 43.360190999785736], [-89.75006699998036, 43.36019799994499], [-89.74940500000646, 43.36019400022733], [-89.74856099955936, 43.360178999977414], [-89.74796300005788, 43.36017199981597], [-89.74788900043804, 43.36017099988615], [-89.7470910000217, 43.360151999910066], [-89.74696499962499, 43.36015399977032], [-89.74690500024886, 43.36017199981597], [-89.74508800038156, 43.36014599967575], [-89.74390599982564, 43.3601300001366], [-89.74347099963246, 43.36012399990011], [-89.74173599978091, 43.36009900032353], [-89.74142799980935, 43.36009499994621], [-89.74126799997578, 43.360353999832185], [-89.7408600004451, 43.360962999885594], [-89.74051899996324, 43.36141299995504], [-89.74041600003108, 43.361555999887834], [-89.7403619996044, 43.36165800011347], [-89.74033400001531, 43.36181400016531], [-89.74007200007448, 43.361815000068106], [-89.7400369999144, 43.36343800010814], [-89.74001799964782, 43.36431999991603], [-89.73990600039313, 43.36431800019306], [-89.7398689996849, 43.36550300015782], [-89.73985600016442, 43.36564499975341], [-89.73996800031742, 43.36565299977588], [-89.73993999983001, 43.36581300000457], [-89.73986700003509, 43.36609399987461], [-89.7398200001794, 43.36622999976028], [-89.73976699957765, 43.36635999972125], [-89.7396779998892, 43.36653599985749], [-89.73962500018574, 43.366642999969], [-89.73947799987265, 43.366876000114246], [-89.73931399984113, 43.367094000171285], [-89.73913800011402, 43.367292999745985], [-89.73894899996814, 43.36747899984115], [-89.73855999980572, 43.36779500016982], [-89.73829600021507, 43.367971000060706], [-89.73805799966537, 43.36810599985725], [-89.73799699956601, 43.368140999997316], [-89.73767000022617, 43.36829899994909], [-89.7371789999565, 43.36849899993437], [-89.7368979997491, 43.36864599995694], [-89.73680400003776, 43.368710000206384], [-89.73665400024994, 43.36881200015823], [-89.73645699970814, 43.36898600014125], [-89.73630500027049, 43.369152000065064], [-89.73626599991243, 43.369206999794095], [-89.73615700013248, 43.36936399980285], [-89.7360530003754, 43.36957699988053], [-89.73598399988013, 43.36977599979843], [-89.73595899976577, 43.369908000187735], [-89.73594799989512, 43.36999900002664], [-89.73575799992432, 43.37275300014322], [-89.73545199960256, 43.37718500025426], [-89.73540999976976, 43.37779800031225], [-89.7353620000892, 43.37850000028009], [-89.73541200031791, 43.37902299984667], [-89.73544599975477, 43.37920699999472], [-89.73552100009785, 43.379406000306965], [-89.73564699959623, 43.37961499997767], [-89.7358209996735, 43.37981100013262], [-89.73602300023819, 43.37997800006451], [-89.73604099978154, 43.38001299988249], [-89.7362359997752, 43.38012599994032], [-89.73645699970814, 43.380184000269516], [-89.7367849997712, 43.38022399992392], [-89.73708299969702, 43.38023599968455], [-89.73918199959664, 43.380236999936535], [-89.7400150001731, 43.380236999936535], [-89.74020900034185, 43.380236999936535], [-89.74045600021405, 43.38023599968455], [-89.74374199979412, 43.380231999982215], [-89.7437390003194, 43.380688999845944], [-89.74373599994634, 43.381673000036784], [-89.74373599994634, 43.3816990000907], [-89.74373299957328, 43.38292600022429], [-89.74374199979412, 43.38302600001125], [-89.74376299971051, 43.383109000074775], [-89.74378699999997, 43.38317000011981], [-89.74380399971841, 43.38320300030055], [-89.74380399971841, 43.38323800021541], [-89.74580700025686, 43.38475300010618], [-89.74598499963376, 43.38497899996933], [-89.74611000020556, 43.38498199983763], [-89.74626500001627, 43.38498300001132], [-89.7503659997311, 43.38503799974578], [-89.75033399994405, 43.38621000026913], [-89.75046899966327, 43.38768199999305], [-89.75091100042745, 43.387676999999925], [-89.75119099991163, 43.387634999780396], [-89.75162299973177, 43.38766200001816], [-89.7520050002215, 43.387265000195136], [-89.75235699967568, 43.386858999752306], [-89.7527309997695, 43.38644700026316], [-89.75320799979546, 43.38604000006082], [-89.75354400025445, 43.38571600014851], [-89.75356500017085, 43.3852759999209], [-89.75356799964558, 43.385181000127645], [-89.75358100006439, 43.38497799979557], [-89.75360899965347, 43.38497899996933], [-89.75439600019915, 43.38499600030918], [-89.75528499995377, 43.3850030002173], [-89.76274499994194, 43.38510599970465], [-89.76345899979438, 43.385121000318925], [-89.76527999985964, 43.385141999997586], [-89.76578799984775, 43.3851540000905], [-89.76602399984931, 43.38515299991963], [-89.76616000029175, 43.38513500010551], [-89.76779999970873, 43.38517199989898], [-89.76807300041852, 43.38517199989898], [-89.76809699980966, 43.38502799997582], [-89.7683189995675, 43.38362899977454], [-89.7683739998191, 43.38323400005832], [-89.76840499978123, 43.38280499979143], [-89.76843900011642, 43.381424000136306], [-89.7684590002079, 43.380274000107725], [-89.76847199972838, 43.379801000153336], [-89.76847199972838, 43.37948499969861], [-89.76847199972838, 43.379339999711476], [-89.76849299964478, 43.378788999731874], [-89.7685160001093, 43.37839199990998], [-89.76851699993422, 43.378368999939305], [-89.7685219999571, 43.377607999993025], [-89.76855399974416, 43.37678300013876], [-89.7686130001937, 43.374153000265764], [-89.76865500002648, 43.372640000057736], [-89.76866000004937, 43.37246100016745], [-89.76868099996577, 43.37139700023982], [-89.76871899960058, 43.37006999982763]], [[-89.76601200015375, 43.37880599984874], [-89.76588099973418, 43.37881499971664], [-89.76586999986353, 43.37871899996847], [-89.7660010002831, 43.378710999710556], [-89.76601200015375, 43.37880599984874]], [[-89.7464220003751, 43.37938699982634], [-89.74641599962901, 43.38023300023427], [-89.74636499957538, 43.38023300023427], [-89.74632799976546, 43.38023300023427], [-89.7451849995676, 43.380233999833436], [-89.74508099981054, 43.380233999833436], [-89.74509400022933, 43.37938600021326], [-89.7464220003751, 43.37938699982634]]], [[[-90.76184700002689, 44.353106999900646], [-90.76183000030848, 44.35214699981442], [-90.76183000030848, 44.351800000029655], [-90.76183100013338, 44.35167999988884], [-90.76183399960811, 44.351498999714835], [-90.76184299982894, 44.35147500009692], [-90.76183000030848, 44.35104400030784], [-90.76182500028561, 44.35086000027306], [-90.76170899993465, 44.35086000027306], [-90.76047600022343, 44.35085900011769], [-90.76046899965243, 44.35014599997469], [-90.76050299998761, 44.35014700014228], [-90.76157099984239, 44.35014599997469], [-90.76157099984239, 44.35012199980279], [-90.76157800041341, 44.349197000301835], [-90.76171999980531, 44.349197000301835], [-90.76177699970671, 44.349197000301835], [-90.76177900025485, 44.34891000018179], [-90.76171899998039, 44.34633399980454], [-90.76165000038341, 44.34559800001142], [-90.76166100025407, 44.34544899991138], [-90.76155099975091, 44.342420000096126], [-90.76156599981951, 44.34218600024328], [-90.76156199962155, 44.34200599996797], [-90.752285999591, 44.34197900003966], [-90.75142399960055, 44.341956999708124], [-90.75147899985214, 44.34285300028194], [-90.75156300041604, 44.3442610000399], [-90.7515950002031, 44.344793000136214], [-90.75164399970858, 44.345601999707114], [-90.75165200010451, 44.34599599987042], [-90.75168300006665, 44.34745300014709], [-90.75168999973933, 44.34798299977373], [-90.75169300011238, 44.34813600002176], [-90.75170599963286, 44.34855200028928], [-90.75172800027248, 44.349193000209105], [-90.7521519996967, 44.34920899993604], [-90.75237000015488, 44.34921800030247], [-90.75243000042936, 44.34922100021017], [-90.75553400043454, 44.34920099975195], [-90.75676399977272, 44.349193999750554], [-90.75677600036659, 44.34960499997625], [-90.75675299990205, 44.35098000016577], [-90.75672299976482, 44.352788999723025], [-90.75161100009662, 44.352792000090254], [-90.75154300032456, 44.354880000062025], [-90.75152400005798, 44.355479000155825], [-90.75150099959346, 44.35618900009831], [-90.75149899994364, 44.35625900007003], [-90.75165700012737, 44.356256999943525], [-90.75421299996147, 44.35624900007919], [-90.75706300042177, 44.356240000150166], [-90.75702999991148, 44.35470100031588], [-90.75701999986575, 44.354188000167596], [-90.75701499984287, 44.353990000227704], [-90.75699999977427, 44.35339600024806], [-90.7569959995763, 44.353199000317026], [-90.75778099957384, 44.3531800000474], [-90.7601359995665, 44.35312700031068], [-90.76092200028727, 44.353110000251654], [-90.76108399977068, 44.353108000017706], [-90.76157300039053, 44.35310300007478], [-90.76173599969883, 44.353101999957694], [-90.76184700002689, 44.353106999900646]], [[-90.76033800013118, 44.34776100021518], [-90.75982099992223, 44.347764000197465], [-90.75970399974638, 44.347764999763285], [-90.75829199993503, 44.34777399970904], [-90.75733600023325, 44.34778200008791], [-90.7567219999399, 44.347786000276926], [-90.75670299967334, 44.346999999965774], [-90.75666500003851, 44.346314000288416], [-90.75666599986342, 44.346294000123095], [-90.75666800041155, 44.346182000227344], [-90.75668000010711, 44.34562299971088], [-90.75889399963445, 44.34561400007728], [-90.75978599976214, 44.34563500007676], [-90.76030999964377, 44.34561599992457], [-90.76031899986461, 44.346325999870416], [-90.76033800013118, 44.34776100021518]]], [[[-90.77158500001482, 44.32587299969722], [-90.77081099988793, 44.32619599968132], [-90.7704069996569, 44.32641300027939], [-90.77008299979178, 44.326560999989916], [-90.76816200016742, 44.327442000022444], [-90.76528400011803, 44.328703999782974], [-90.76517199996505, 44.328756999753686], [-90.7614949996744, 44.330483000195656], [-90.76137099982583, 44.33055600024444], [-90.76135800030538, 44.331070000163734], [-90.76135699958213, 44.33481499970498], [-90.76147700013105, 44.33481600013414], [-90.7616920002162, 44.33481699992068], [-90.76233699957336, 44.33481999992282], [-90.76255199965851, 44.33482200013836], [-90.76324600031779, 44.33482699971306], [-90.76511099986567, 44.334841999719714], [-90.76513199978207, 44.33302399988066], [-90.76511900026159, 44.331195999818995], [-90.76762099966902, 44.33119000008637], [-90.76764400013354, 44.33119000008637], [-90.76823599978725, 44.331190999934734], [-90.77003799958594, 44.331186000050046], [-90.7708519998958, 44.3311850002016], [-90.77139500004404, 44.331190999934734], [-90.77153700033425, 44.32753299968179], [-90.77158500001482, 44.32587299969722]]], [[[-89.82818799961868, 43.67513199982378], [-89.82433499960095, 43.67219499983747], [-89.82015699989321, 43.66922000025741], [-89.81842500041472, 43.6678920002278], [-89.81674200044174, 43.66675899997712], [-89.81644000031794, 43.66656400005786], [-89.81629800002771, 43.66647400003139], [-89.81247599997214, 43.666478000295335], [-89.81192699997612, 43.666467000218596], [-89.81230799974263, 43.666574000052435], [-89.8126369996306, 43.666680000282796], [-89.81297100043976, 43.66679999987624], [-89.81333600031274, 43.66697200030478], [-89.81358300018495, 43.66710199987096], [-89.81393700018727, 43.66732800030601], [-89.81340900010767, 43.66663700017512], [-89.81337800014553, 43.66660999975931], [-89.81613599964601, 43.66660199989851], [-89.8163609997769, 43.66674499976743], [-89.8166140003952, 43.66689799988612], [-89.81660500017438, 43.66693899969028], [-89.81640500015783, 43.66774300022319], [-89.81583500024544, 43.6677069998962], [-89.81604600013263, 43.667975999831874], [-89.8175719997468, 43.6699169999453], [-89.81771099966399, 43.670092999912185], [-89.8177399999763, 43.67009399991789], [-89.81827800010163, 43.67009399991789], [-89.8182699997057, 43.67067599977116], [-89.81825100033744, 43.672312000194644], [-89.81869400002824, 43.672674000138194], [-89.81888700037209, 43.67283199988858], [-89.8189509999462, 43.67288199982162], [-89.81968599971502, 43.67232199988137], [-89.81976000023319, 43.67226600031469], [-89.81983399985303, 43.672211000016446], [-89.82093400039317, 43.67297499985917], [-89.82102399990654, 43.673030000107005], [-89.82111000012027, 43.67309199999516], [-89.82159399981893, 43.67343699998446], [-89.82241399997658, 43.67400099967877], [-89.82154600013835, 43.67467400012041], [-89.82190900036152, 43.67485699991615], [-89.8220979996091, 43.67495299991609], [-89.82308500017132, 43.67537299997778], [-89.82367299962705, 43.6756240002496], [-89.82395200018462, 43.67498199967604], [-89.82434999966956, 43.675168000245314], [-89.82608200004638, 43.67591700019909], [-89.82670999968511, 43.67622300006489], [-89.82748899983486, 43.67657299973508], [-89.82748100033724, 43.67726899990353], [-89.82808800005958, 43.6775759999025], [-89.82812900006745, 43.67759699999951], [-89.82815599983162, 43.67743100008391], [-89.82816800042552, 43.676518000135566], [-89.82818799961868, 43.67513199982378]]], [[[-89.76313300027945, 43.543259000061575], [-89.7631299999064, 43.54282300031653], [-89.76312099968558, 43.54187999969497], [-89.76310300014222, 43.53965699987032], [-89.7629170003694, 43.53965600029868], [-89.76283799982835, 43.539655000075825], [-89.76187600027879, 43.53965099983548], [-89.75839499980675, 43.5396350001737], [-89.75823400014826, 43.5396350001737], [-89.75821900007966, 43.54302399970062], [-89.75821900007966, 43.543237999889236], [-89.76123600004621, 43.54325100005879], [-89.76165100014789, 43.543252999733994], [-89.76163500025439, 43.54687100029821], [-89.76177199962342, 43.54687199975026], [-89.76188799997436, 43.546875000059565], [-89.76189899984502, 43.54325399989715], [-89.76313300027945, 43.543259000061575]]], [[[-90.69061300009129, 44.283837000048294], [-90.6901970001647, 44.28384400013345], [-90.68928400012064, 44.28386599975274], [-90.68927099970183, 44.28386099969386], [-90.68877299975945, 44.283877999892404], [-90.6883309998936, 44.28388800000689], [-90.6881910001515, 44.2838910000409], [-90.68807599962545, 44.28389400007477], [-90.68799699998273, 44.28390200016428], [-90.68551800014154, 44.28394800001498], [-90.68551899996643, 44.28403200018059], [-90.68552099961626, 44.28454699994088], [-90.6855230001644, 44.28519299969871], [-90.6855299998371, 44.287132999988614], [-90.68553200038524, 44.28755000014703], [-90.69030500011972, 44.28744199976553], [-90.69054500031925, 44.287437999961924], [-90.69056200003769, 44.286517999959656], [-90.69061300009129, 44.283837000048294]]], [[[-89.967584999995, 44.28147799971612], [-89.96755900005572, 44.27814899983288], [-89.96668100017176, 44.27815900027942], [-89.96637200037526, 44.27816199996281], [-89.96616599961263, 44.278164000180425], [-89.96580699958743, 44.27816799997231], [-89.96318800000415, 44.27820000022712], [-89.96251900035755, 44.27820799980574], [-89.96253600007599, 44.281512000201204], [-89.96525699976654, 44.28149199980476], [-89.96536100042191, 44.281490999752585], [-89.96671799998167, 44.281481999925546], [-89.967584999995, 44.28147799971612]]], [[[-89.8811730003402, 43.611465999748454], [-89.88071800005552, 43.61070199976409], [-89.88056400006974, 43.610457999811835], [-89.88044299969592, 43.61046899974032], [-89.88009799991443, 43.60987799984414], [-89.87987199995861, 43.609490999889054], [-89.87975899998071, 43.60599799979866], [-89.87974200026227, 43.60545399969136], [-89.87759899998173, 43.60544000015219], [-89.87760099963157, 43.605520999949896], [-89.87761200040052, 43.60583999982722], [-89.87761499987526, 43.605977000028105], [-89.87764300036267, 43.60634600013293], [-89.87770799976168, 43.60888300027859], [-89.87773200005111, 43.60970000024634], [-89.87779899999826, 43.61179299997594], [-89.87781999991466, 43.61244000004413], [-89.87782199956449, 43.61260000021492], [-89.8778869998618, 43.61257700017188], [-89.87812399968827, 43.61249800009831], [-89.87881699962432, 43.61225000030466], [-89.8804550002898, 43.611700000139905], [-89.8808079995689, 43.61158399973721], [-89.8811730003402, 43.611465999748454]]], [[[-90.42796600007675, 44.037178000126985], [-90.42796500025186, 44.03710300009565], [-90.42796500025186, 44.0370700002326], [-90.42787999986304, 44.03706499987992], [-90.42682600025196, 44.037021000245474], [-90.42682700007687, 44.036130000133966], [-90.42788099968796, 44.03617500012817], [-90.4279619998788, 44.03617900021207], [-90.4279619998788, 44.036156999747085], [-90.4279610000539, 44.036024000313994], [-90.4279610000539, 44.03596600021039], [-90.4279610000539, 44.035903000245085], [-90.4279610000539, 44.03587799992255], [-90.4279610000539, 44.03580399988755], [-90.4279610000539, 44.035779999873775], [-90.42796000022896, 44.03569100024923], [-90.42795900040406, 44.03542500028429], [-90.42795900040406, 44.035336999838805], [-90.42795799968084, 44.03523000017787], [-90.42795699985594, 44.0351129999352], [-90.42788700043404, 44.03511200021914], [-90.42683299992466, 44.03506799978034], [-90.42683200009975, 44.03483700016967], [-90.42683200009975, 44.03465600007475], [-90.426561999763, 44.034644999883454], [-90.42656000011318, 44.03392400015347], [-90.42655900028828, 44.03382100012177], [-90.42656299958792, 44.033720000036], [-90.42595699969053, 44.03370200020085], [-90.42545899974814, 44.0336879999665], [-90.42412800012765, 44.03364700027606], [-90.42400400027908, 44.03365099988483], [-90.42373399994233, 44.033635999897484], [-90.42364799972862, 44.033633000028715], [-90.42364899955354, 44.03370200020085], [-90.42364899955354, 44.03378900010685], [-90.42351600038245, 44.03378299973885], [-90.42297800025712, 44.03376200006059], [-90.42287699997478, 44.033754999950936], [-90.42287100012699, 44.0356059999678], [-90.4229289998533, 44.03705800016042], [-90.42298599975472, 44.03706499987992], [-90.42788900008387, 44.03727100011156], [-90.42796500025186, 44.03727700012637], [-90.42796500025186, 44.0372590000801], [-90.42796600007675, 44.037178000126985]]], [[[-90.43727499971926, 44.030161999770804], [-90.43722200001584, 44.026846000097], [-90.4372270000387, 44.02666400028217], [-90.43510800004759, 44.02668700025414], [-90.4346779998773, 44.026692000190685], [-90.43467899970221, 44.02674200017895], [-90.43468000042542, 44.02681800026122], [-90.43468700009812, 44.02712999971375], [-90.43473099958074, 44.02924399970254], [-90.43475300022035, 44.030253999988574], [-90.43491899990171, 44.03024799990854], [-90.43563000027942, 44.03022299978376], [-90.43586700010587, 44.03021500010327], [-90.43617900027543, 44.030202999934644], [-90.43711900008367, 44.0301670000601], [-90.43727499971926, 44.030161999770804]]], [[[-90.02758399974252, 44.365455999754836], [-90.02756399965104, 44.364733000134905], [-90.02670599985855, 44.36470900015708], [-90.0266320002387, 44.36219400023748], [-90.02662300001786, 44.36187999978856], [-90.0257660000503, 44.36188400029985], [-90.02578199994383, 44.36245599995408], [-90.02498100005276, 44.36246800008463], [-90.02506200024361, 44.36546600010093], [-90.02722600044055, 44.36545800020949], [-90.02758399974252, 44.365455999754836]]], [[[-89.77784999986618, 43.5270380002534], [-89.77780800003339, 43.52703200026557], [-89.77486899988465, 43.52701700029335], [-89.77487100043278, 43.52714099973441], [-89.77485600036417, 43.52848700003013], [-89.77486100038705, 43.528802999856126], [-89.77784999986618, 43.5287979997955], [-89.77784999986618, 43.5270380002534]]], [[[-90.75149899994364, 44.35625900007003], [-90.75133699956191, 44.35626200025961], [-90.74852200016004, 44.35630799993624], [-90.74824699980044, 44.35635200009581], [-90.74812399977678, 44.35635200009581], [-90.74803300043851, 44.35632499970988], [-90.74802099984461, 44.356315999792535], [-90.74653000039055, 44.35634100005901], [-90.74653000039055, 44.3564040000666], [-90.74652600019259, 44.35642600011447], [-90.74653500041343, 44.35681200031116], [-90.7465339996902, 44.35727899980574], [-90.74800300030128, 44.35729099971207], [-90.75146499960844, 44.3573209997883], [-90.7514820002252, 44.356805999988076], [-90.75149899994364, 44.35625900007003]]], [[[-89.16869800036658, 44.85299299998623], [-89.16869699964337, 44.852944000160996], [-89.16869599981845, 44.85278400009048], [-89.16868999997067, 44.8521990000093], [-89.16868900014575, 44.852106000089044], [-89.16859999955898, 44.852106000089044], [-89.16729099967979, 44.85209099990298], [-89.16684999963883, 44.852082999887045], [-89.16674099985889, 44.85208399972987], [-89.16351399983004, 44.85204500011463], [-89.16351399983004, 44.85212799980301], [-89.16351499965495, 44.852195999849855], [-89.16352200022597, 44.85282999992543], [-89.16352200022597, 44.85290799997694], [-89.16356400005876, 44.85290899980545], [-89.16356300023385, 44.85293099984946], [-89.16457900021007, 44.852944000160996], [-89.16860399975694, 44.85299099969523], [-89.16869800036658, 44.85299299998623]]], [[[-90.73871499967684, 44.33658500006673], [-90.73870700017923, 44.33623800003514], [-90.73867799986691, 44.33477700009156], [-90.73846699997972, 44.33478000009574], [-90.73839699965951, 44.33478099988295], [-90.73822500013038, 44.33478200031264], [-90.73771100029448, 44.33478699989075], [-90.73753999969195, 44.33478900010742], [-90.73708899960525, 44.33479299989795], [-90.73651600021812, 44.33479999969142], [-90.73614499959903, 44.33480199990764], [-90.73614799997208, 44.33511700001837], [-90.73615999966765, 44.33604799990702], [-90.73616200021578, 44.33626700020343], [-90.73616700023865, 44.33660399993327], [-90.73689500033478, 44.33659699971261], [-90.73838499996396, 44.33658400031032], [-90.73871499967684, 44.33658500006673]]], [[[-89.27323199991218, 43.03959499998088], [-89.27234099960941, 43.038942000282645], [-89.27198400013238, 43.0386810001565], [-89.27192600040604, 43.03863899985894], [-89.27101500001179, 43.03962600023614], [-89.27106799971524, 43.039658999707065], [-89.27224600007318, 43.04041000025701], [-89.27270300000768, 43.040031000035626], [-89.27323199991218, 43.03959499998088]]]]}, "properties": {"NAME": "Ho-Chunk Nation Reservation", "GEOID": "1450R", "_type": "reservation"}}, {"type": "Feature", "geometry": {"type": "MultiPolygon", "coordinates": [[[[-85.60733100007884, 45.02128300008303], [-85.60722599959855, 45.019139999853586], [-85.60721499972789, 45.01886900024561], [-85.60720499968215, 45.018626000246805], [-85.60719600035964, 45.0184019997134], [-85.60714600013091, 45.0184019997134], [-85.60582300000802, 45.01841799982591], [-85.60579899971859, 45.01844600017078], [-85.6057019996342, 45.018554999772896], [-85.60398799969906, 45.02039000025577], [-85.60339000019756, 45.02103399968852], [-85.60328499971726, 45.02114699975694], [-85.60321500029538, 45.021224000018606], [-85.60461000038829, 45.02128300008303], [-85.60733100007884, 45.02128300008303]]], [[[-85.60588499993231, 45.01834799985622], [-85.60600999960576, 45.018213000308116], [-85.60472500001603, 45.01821600006161], [-85.60322699999095, 45.018219999944414], [-85.60304600024098, 45.01836100023807], [-85.60299199981431, 45.01842500007215], [-85.60452499999948, 45.018421999694596], [-85.60469900007676, 45.018421999694596], [-85.60582300000802, 45.01841799982591], [-85.60588499993231, 45.01834799985622]]]]}, "properties": {"NAME": "Grand Traverse Reservation", "GEOID": "1370R", "_type": "reservation"}}, {"type": "Feature", "geometry": {"type": "Polygon", "coordinates": [[[-90.01180799962351, 45.99107999994497], [-90.01196400015745, 45.98194700021555], [-90.01174400004943, 45.98194700021555], [-90.01108500044857, 45.98194700021555], [-90.01086600016545, 45.98194800022528], [-90.00837899992834, 45.9819460002058], [-90.00699399988116, 45.9819460002058], [-90.00168399984624, 45.98194300017644], [-90.00091999976509, 45.981942000166626], [-90.00013300011771, 45.981942000166626], [-89.99858700041206, 45.98232100009861], [-89.99848000028193, 45.98232200010158], [-89.99805500013449, 45.982326000113346], [-89.9967820002403, 45.9823370001441], [-89.99635799991778, 45.982342000157345], [-89.99393599997799, 45.982328000119104], [-89.98667000015858, 45.98228599998308], [-89.98424900004369, 45.98227299993449], [-89.9839479997448, 45.982271999930624], [-89.98356199995544, 45.982271999930624], [-89.98304800011952, 45.98226699991105], [-89.9827490003688, 45.982264999903094], [-89.98272099988138, 45.98081099996742], [-89.98272000005646, 45.980737000175694], [-89.98249499992558, 45.96897699985016], [-89.98227300016772, 45.95747700021327], [-89.98227200034282, 45.95744200000765], [-89.98223700018272, 45.95554299978426], [-89.98223700018272, 45.955509000093286], [-89.9820959997174, 45.94807199994917], [-89.98210400011332, 45.94767999981133], [-89.98210400011332, 45.947586999996375], [-89.98210599976315, 45.947037999843836], [-89.98211199961092, 45.94694900026947], [-89.98214500012119, 45.94557200025474], [-89.98212099983176, 45.94340799973478], [-89.9820959997174, 45.94333299985913], [-89.98211400015907, 45.94314699985458], [-89.98211199961092, 45.94299100001443], [-89.98212500002973, 45.942297999959145], [-89.98212500002973, 45.94138799992485], [-89.98212099983176, 45.94128900008357], [-89.98209900009044, 45.940782999938925], [-89.98191900016539, 45.93638400003437], [-89.98192500001318, 45.9362980002269], [-89.98193099986096, 45.93554199997214], [-89.98190800029474, 45.93191599991594], [-89.98191499996743, 45.930181000004985], [-89.98191599979235, 45.93009800028857], [-89.98193199968587, 45.9266140001621], [-89.9820959997174, 45.92001600002027], [-89.98209099969452, 45.91993200021266], [-89.98209999991536, 45.919507999719045], [-89.98210099974027, 45.91943700019219], [-89.98210599976315, 45.919365999949584], [-89.98211900018194, 45.91870799992727], [-89.98212000000684, 45.918679000276725], [-89.98212099983176, 45.918654000221025], [-89.98212599985462, 45.918440999964496], [-89.98212699967954, 45.91839900013432], [-89.98212800040278, 45.91836799988212], [-89.98209800026554, 45.91784899978081], [-89.98200000035625, 45.916134000060374], [-89.98198699993746, 45.91606499986437], [-89.9818420001725, 45.91427500020406], [-89.98185399986806, 45.91424300016596], [-89.98186399991381, 45.91418899986448], [-89.98147399992646, 45.90970400024342], [-89.98149800021592, 45.9091109999093], [-89.98156799963779, 45.90861799978472], [-89.98158199988151, 45.908381000163246], [-89.98156500016306, 45.90802499972424], [-89.98157699985863, 45.90721500019443], [-89.98159000027742, 45.90670999994631], [-89.98156500016306, 45.906493000239365], [-89.98156199979002, 45.90613799969624], [-89.9815459998965, 45.90591699972588], [-89.98154400024667, 45.90561500030664], [-89.98151699958417, 45.90499700008737], [-89.9815249999801, 45.90408900030925], [-89.98148999982001, 45.90354300010528], [-89.98149300019304, 45.90325400011374], [-89.98145300001006, 45.9026559999332], [-89.98147399992646, 45.90136099977993], [-89.98147700029952, 45.90120799995246], [-89.98148800017017, 45.900787999827706], [-89.98149300019304, 45.90057499976478], [-89.98149599966779, 45.900476999819446], [-89.9814699997285, 45.90000900024663], [-89.9814410003145, 45.89949700022962], [-89.98146100040599, 45.89900800014377], [-89.9814839999722, 45.898092999905636], [-89.98145899985785, 45.89736500025612], [-89.9812859996055, 45.89736500025612], [-89.97977400023504, 45.8973890002387], [-89.9784069997312, 45.89740000025332], [-89.97800300039849, 45.897411999925744], [-89.97724799963983, 45.897409999980475], [-89.97574200011715, 45.897426000165474], [-89.97414799983261, 45.897454000009155], [-89.97331500015449, 45.89747299978341], [-89.97301800005357, 45.897479999896035], [-89.9714010002028, 45.89753099997543], [-89.96975000001683, 45.8975540002288], [-89.96705799974029, 45.89756700015037], [-89.96610299986344, 45.89756199998853], [-89.9656429995559, 45.89758099972584], [-89.96467799963331, 45.897598999800046], [-89.96419300010972, 45.897578000129684], [-89.96350000017367, 45.89759199970242], [-89.96276600022975, 45.89760599989677], [-89.9622480001959, 45.897649999770096], [-89.96216199998216, 45.89767899978124], [-89.96213400039306, 45.897692000298726], [-89.96158299984894, 45.89771899972866], [-89.9561239998511, 45.89777299979947], [-89.95486299965249, 45.897779999874274], [-89.95202200031135, 45.8978199997489], [-89.9511610001458, 45.89782800009549], [-89.94586799982932, 45.897871999792905], [-89.94524400038856, 45.89787800020365], [-89.94073199987167, 45.89792399978826], [-89.93622100007799, 45.89797100023506], [-89.93213399970854, 45.898014000170036], [-89.92799500035886, 45.89805599979812], [-89.92630499981485, 45.89805799972006], [-89.92624299989058, 45.89805899999362], [-89.92075999960329, 45.898165999775046], [-89.91177200035114, 45.89816199993886], [-89.90297099979841, 45.89815600018398], [-89.90278400020067, 45.89815600018398], [-89.90220099986948, 45.89815600018398], [-89.9016190002615, 45.89815600018398], [-89.90123699977177, 45.89815600018398], [-89.89777200009158, 45.89815400026557], [-89.89401699998312, 45.89815199972189], [-89.89392499992162, 45.89815199972189], [-89.89385499960143, 45.89815199972189], [-89.8937759999587, 45.89815199972189], [-89.89306799995406, 45.89814900015658], [-89.89276699965517, 45.898147000237906], [-89.89251999978296, 45.89814499969399], [-89.89236099977431, 45.89814499969399], [-89.89212200029803, 45.89814400004716], [-89.89195800026648, 45.89814299977517], [-89.89182099999914, 45.8981420001283], [-89.88892799988115, 45.89817700026087], [-89.88884900023844, 45.89817599998948], [-89.8881079997235, 45.898165999775046], [-89.88805500002005, 45.898191000307726], [-89.88667099979779, 45.898186999848164], [-89.88574500023324, 45.89819199995371], [-89.88418199991084, 45.89818600020208], [-89.88313699962228, 45.89820900018419], [-89.88297500013888, 45.898211999746266], [-89.87504700034559, 45.89812499987731], [-89.87056400014102, 45.8981569998306], [-89.86585499998061, 45.89823000024105], [-89.86577600033792, 45.89823000024105], [-89.86434299971185, 45.89823000024105], [-89.86391199971662, 45.89823000024105], [-89.86201000035881, 45.898225000138915], [-89.85789500040026, 45.898214999933295], [-89.84268300034589, 45.89820999982981], [-89.83898000011598, 45.89821100010063], [-89.83877000005369, 45.89821100010063], [-89.83293699996206, 45.89822399986834], [-89.8327300002728, 45.89822399986834], [-89.82726700007701, 45.89821600020403], [-89.82720099995478, 45.898214999933295], [-89.8245840000213, 45.89819000003659], [-89.82450299983044, 45.898188999765395], [-89.82125200041048, 45.89819799970466], [-89.81791900007644, 45.89820700026763], [-89.81538599980856, 45.89821400028772], [-89.81280700040823, 45.898221000306975], [-89.80975100008362, 45.89825899994928], [-89.80837899955692, 45.8982679998772], [-89.80807599960822, 45.89826999979151], [-89.8070810004467, 45.89827499988959], [-89.80409799991702, 45.89827600015919], [-89.80268699993057, 45.8982819999011], [-89.80251500040146, 45.8982819999011], [-89.80167699980213, 45.898281000256745], [-89.7961979997128, 45.898292000094656], [-89.79621799980428, 45.89737300004309], [-89.79625200013949, 45.89591699982906], [-89.79636299956924, 45.890214000173884], [-89.79517400023896, 45.890217000167816], [-89.79503799979653, 45.890217000167816], [-89.78760399974763, 45.890220999951005], [-89.78741499960174, 45.890220999951005], [-89.78280900027184, 45.89039899970427], [-89.7824200001094, 45.89039899970427], [-89.78216900003925, 45.890295999740964], [-89.78186799974036, 45.890426000179055], [-89.78152100030904, 45.890430999732885], [-89.77499799975608, 45.89031800007699], [-89.77483600027269, 45.89031899986465], [-89.77047699991667, 45.89033200022939], [-89.75720599957816, 45.890520999753605], [-89.75640100038744, 45.89056300004687], [-89.75642999980144, 45.891121000124876], [-89.75645699956563, 45.8916139999464], [-89.75647500000728, 45.89263700020772], [-89.75648500005303, 45.89313399990083], [-89.75651600001517, 45.894789000171755], [-89.75680100042052, 45.89848699975767], [-89.75680499972016, 45.89856799997425], [-89.75710799966888, 45.904693999884834], [-89.75711199986684, 45.904766999826975], [-89.75711900043783, 45.90484700010717], [-89.75735200006633, 45.91042400020904], [-89.75741099961756, 45.91181999976206], [-89.75746000002138, 45.913023000029426], [-89.75748699978556, 45.91369799982819], [-89.75748900033369, 45.91374600003727], [-89.75748900033369, 45.913796000184945], [-89.75767199973349, 45.92094999999569], [-89.75788000014595, 45.926730999961286], [-89.75793500039752, 45.92825100015804], [-89.75780300015303, 45.93555599996642], [-89.75812000034544, 45.941342000127854], [-89.75819999981309, 45.94280999994607], [-89.7580809999874, 45.94714200010588], [-89.75807900033757, 45.947196000188995], [-89.75807799961433, 45.94723300001896], [-89.75806300044404, 45.94776700008127], [-89.75806300044404, 45.94780900016274], [-89.75806199972082, 45.94784500020722], [-89.7580049998194, 45.94987000003994], [-89.75800399999451, 45.949902000139986], [-89.7580030001696, 45.949932000295064], [-89.7575749996491, 45.95710299990524], [-89.75701499978246, 45.9664310001015], [-89.7570109995845, 45.96648500012287], [-89.75700999975957, 45.966533000236424], [-89.75699100039131, 45.96665999984198], [-89.75691799969806, 45.96801799982577], [-89.75691100002537, 45.96813200015064], [-89.7568979996066, 45.968329000295995], [-89.75688300043629, 45.96856899995101], [-89.75686499999462, 45.968853000051794], [-89.7568480002762, 45.96910200023704], [-89.75671400038188, 45.97129699969619], [-89.75663700038899, 45.97640699993984], [-89.75662800016815, 45.97717799994442], [-89.75661800012242, 45.977333999698715], [-89.75654199995444, 45.97897199992481], [-89.75656200004592, 45.980198999914485], [-89.75658499961214, 45.98050599988593], [-89.75657399974149, 45.98072599982706], [-89.75654600015238, 45.98206900002112], [-89.75657000044184, 45.982159000002106], [-89.75661999977224, 45.98220300024475], [-89.75666900017605, 45.98222899974748], [-89.75674600016893, 45.982255999866396], [-89.7569200002462, 45.982275999945955], [-89.75832299983672, 45.982258999878795], [-89.75947799973014, 45.98225699987054], [-89.76133999980327, 45.98224399981514], [-89.7617569995548, 45.98225699987054], [-89.76183000024805, 45.982271999930624], [-89.76187200008084, 45.982295000014894], [-89.76190300004298, 45.98231200007101], [-89.76192899998226, 45.9823520001825], [-89.76195599974643, 45.98289000012213], [-89.76197900021096, 45.983497999840814], [-89.7619890002567, 45.983743999792644], [-89.76200299960207, 45.98398300008944], [-89.76200500015024, 45.9846230003111], [-89.76201600002088, 45.98498300022732], [-89.76201699984581, 45.985379000302466], [-89.76203299973932, 45.985705999728154], [-89.76203600011237, 45.98603800002259], [-89.76203399956424, 45.986415000144255], [-89.76205000035607, 45.987112999889966], [-89.7620520000059, 45.98785399978922], [-89.76204699998303, 45.98818600030828], [-89.76206299987656, 45.988384000166214], [-89.76205600020384, 45.98875499996969], [-89.76205000035607, 45.989134999951254], [-89.76204899963287, 45.98925499976478], [-89.7620729999223, 45.98971100017867], [-89.7620729999223, 45.990793000064315], [-89.76207000044758, 45.99097800008173], [-89.76208700016599, 45.99101400016507], [-89.76195699957134, 45.99101299969498], [-89.76210800008239, 45.99964400006026], [-89.76210800008239, 46.000107999694556], [-89.76205799985368, 46.00670600007409], [-89.76207100027247, 46.006818999806846], [-89.76210399988443, 46.007075999791724], [-89.76210499970935, 46.00784700006944], [-89.76194800024882, 46.01088499969164], [-89.76197300036318, 46.01756800027901], [-89.76196400014236, 46.01840799982862], [-89.76196400014236, 46.018487000275655], [-89.76193999985291, 46.01856200009819], [-89.76192800015734, 46.01863599984828], [-89.76193099963207, 46.01878700020293], [-89.7619459997007, 46.018926999903044], [-89.76192099958634, 46.01994600017182], [-89.76191300008873, 46.02057699991529], [-89.7619459997007, 46.02066499978882], [-89.76197599983792, 46.02069999996184], [-89.76201299964785, 46.02077900025312], [-89.76201199982292, 46.020977000139744], [-89.7620090003482, 46.02105400018137], [-89.76197300036318, 46.02111699990887], [-89.76195200044678, 46.02115500019495], [-89.76195200044678, 46.021200999849725], [-89.76199799957922, 46.02239500009058], [-89.76199400027959, 46.022504999880255], [-89.76199199973145, 46.02255300008283], [-89.7619969997543, 46.022640000031835], [-89.76204399960997, 46.02351900029051], [-89.7620379997622, 46.023895000310965], [-89.76201900039393, 46.02505899976226], [-89.76201500019597, 46.025230000190646], [-89.76195800029457, 46.02761700001692], [-89.76188200012659, 46.03009599981569], [-89.76187499955557, 46.030670999857655], [-89.76184399959344, 46.03160200029768], [-89.761834000446, 46.033012000078514], [-89.76184399959344, 46.03483199978467], [-89.76185100016446, 46.034962000142826], [-89.76186899970779, 46.035312000162804], [-89.76186700005796, 46.035605999988135], [-89.76185299981427, 46.04305200021654], [-89.76184799979139, 46.043702000152585], [-89.7618489996163, 46.04382200008149], [-89.76184500031667, 46.04409800023825], [-89.76184500031667, 46.04479999979094], [-89.76184399959344, 46.04792499993086], [-89.76193499983003, 46.05530000007412], [-89.76202400041682, 46.0575719999686], [-89.7621509997401, 46.06119499999708], [-89.76215499993805, 46.06189500018144], [-89.7621509997401, 46.062408999946186], [-89.76215300028824, 46.06248600023495], [-89.76215900013601, 46.065024999869884], [-89.76215900013601, 46.065082999947435], [-89.76216400015889, 46.065136999706944], [-89.76216300033397, 46.06953500014018], [-89.76266999959888, 46.069546999954476], [-89.76527499983678, 46.06957900006984], [-89.7663329996458, 46.06957700010212], [-89.76705099969618, 46.06959899974297], [-89.76781999980022, 46.06960500026672], [-89.76861900004147, 46.06961399980471], [-89.7712820000057, 46.06964700017541], [-89.77257300034155, 46.06966299989482], [-89.77778200009412, 46.06969499994289], [-89.77829599993004, 46.06963000015689], [-89.77959800013652, 46.06962299996443], [-89.78302799965662, 46.06960599993848], [-89.78440100000824, 46.06960500026672], [-89.78870199973963, 46.06960300029994], [-89.78968699975373, 46.06960200000493], [-89.78970799967013, 46.06963699972522], [-89.7949440000852, 46.069658000294595], [-89.7958450004337, 46.06967799993911], [-89.79800999955725, 46.06966200022409], [-89.79928599982446, 46.06965199977662], [-89.79968000000977, 46.069649000140586], [-89.79984700041435, 46.06964999981155], [-89.80164300036525, 46.06963299979392], [-89.80431300000218, 46.06960799990514], [-89.80437699957628, 46.06960900020005], [-89.80529999966608, 46.069619999703576], [-89.80675699968329, 46.069600000038044], [-89.80760199995528, 46.069641000279475], [-89.80766200022974, 46.069649000140586], [-89.80769499984171, 46.06964500021015], [-89.80804100034644, 46.06963499975961], [-89.80857899957346, 46.06961900003211], [-89.80882399979583, 46.06967799993911], [-89.80919200004188, 46.0697309998969], [-89.80983899994717, 46.06975500006095], [-89.81003499976575, 46.06976200023667], [-89.81193399964882, 46.069768000119495], [-89.81278099957063, 46.069760999944535], [-89.81287799965503, 46.06975700002222], [-89.81298300013532, 46.06975300009962], [-89.8132919999318, 46.06977400000167], [-89.81401300035526, 46.06978100017497], [-89.81454499973451, 46.069758999983414], [-89.81475899999475, 46.06974999984587], [-89.81521299955618, 46.0697309998969], [-89.81670800010654, 46.06971300023445], [-89.81684100017593, 46.06971500019724], [-89.81686899976502, 46.0697280002652], [-89.81730200030837, 46.0697349998211], [-89.81752999991402, 46.06973400015172], [-89.81760899955671, 46.069732999859035], [-89.8177969998777, 46.06972699997245], [-89.81816099992577, 46.06973200018962], [-89.81839100007954, 46.06974099970686], [-89.81913699971902, 46.069760000275586], [-89.82012900030412, 46.069760999944535], [-89.8203600002828, 46.069768999788266], [-89.82071599993496, 46.069760000275586], [-89.82138200010682, 46.06976400019768], [-89.82144200038127, 46.069762999905585], [-89.82158100029845, 46.0698070002767], [-89.82165900011626, 46.069802000066325], [-89.82165999994118, 46.069760999944535], [-89.82187699967615, 46.069760999944535], [-89.82194600017144, 46.069764999866564], [-89.82204599973055, 46.06977200004101], [-89.82356399984711, 46.06978100017497], [-89.8238659999709, 46.069772999709706], [-89.82440300027133, 46.069777999922756], [-89.82462500002919, 46.06977500029357], [-89.82488500032018, 46.069777000254106], [-89.82502099986432, 46.0697819998435], [-89.82510000040534, 46.0697819998435], [-89.82521000001019, 46.06978100017497], [-89.82529100020105, 46.06978100017497], [-89.82572899986897, 46.06978100017497], [-89.82610299996279, 46.069796000187246], [-89.82647600023168, 46.06978599976401], [-89.82730200023711, 46.069800000106696], [-89.8277730004153, 46.06979200026747], [-89.82805799992235, 46.069796999855505], [-89.82829800012186, 46.06980799994481], [-89.82876000007921, 46.06980099977492], [-89.82917799965566, 46.069805999985384], [-89.8298360003299, 46.06980499969405], [-89.83002299992765, 46.069800000106696], [-89.83007999982905, 46.069802000066325], [-89.8301590003701, 46.0698040000259], [-89.83032099985348, 46.06980799994481], [-89.83039899967129, 46.069813000154625], [-89.83047900003723, 46.06981799974081], [-89.83071300038897, 46.06981999969975], [-89.83135600009629, 46.06981100019539], [-89.8322570004448, 46.06981900003191], [-89.8327500003643, 46.069813000154625], [-89.83300300008429, 46.0698150001138], [-89.83319100040528, 46.069811999863425], [-89.83383400011259, 46.06981700007289], [-89.83438599958332, 46.06981100019539], [-89.8347200003925, 46.069813000154625], [-89.83497300011247, 46.069800000106696], [-89.83514999966448, 46.06980099977492], [-89.83539800025991, 46.06981399982263], [-89.83545799963605, 46.069811999863425], [-89.83553700017707, 46.069809000236084], [-89.83653999973451, 46.06981100019539], [-89.83689299991194, 46.069787999724156], [-89.83704799972263, 46.06979000030747], [-89.83749600033461, 46.069779999883146], [-89.83787600027622, 46.06978100017497], [-89.83896599987229, 46.06974700021516], [-89.83901799975081, 46.06974599992275], [-89.83904799988805, 46.069745000253576], [-89.83920299969876, 46.06974099970686], [-89.83952200043929, 46.069745000253576], [-89.83969700034149, 46.06957900006984], [-89.845964999728, 46.069544999985595], [-89.84895099973241, 46.06953700010941], [-89.85667500020953, 46.06949999973196], [-89.86511299964077, 46.06945300009268], [-89.87217699979381, 46.069432000068495], [-89.87492199977382, 46.0693809997985], [-89.88758399984185, 46.069372000222565], [-89.8876859999491, 46.06936100004637], [-89.88807799958626, 46.06936100004637], [-89.88827599995298, 46.06937000024735], [-89.89630699967846, 46.06936199972255], [-89.89639200006727, 46.069353999819796], [-89.89694299971309, 46.06936100004637], [-89.89935200013241, 46.06935799977132], [-89.8995289996844, 46.069341000287], [-89.89974100029484, 46.06935799977132], [-89.89999999986262, 46.069351999843924], [-89.90006000013707, 46.069351999843924], [-89.9002669998263, 46.069351999843924], [-89.90044400027662, 46.069351999843924], [-89.91211700013264, 46.06934599991589], [-89.9257790002834, 46.069311000011076], [-89.92587100034488, 46.069312999988426], [-89.92854900037774, 46.06931699994292], [-89.93203599979925, 46.068916000259144], [-89.93230000028821, 46.06891499995164], [-89.93309100013354, 46.068912000275596], [-89.93335600044742, 46.068912000275596], [-89.93512499973582, 46.06890899997614], [-89.94043300012092, 46.06890199969224], [-89.94220300013258, 46.06889999969998], [-89.94246500007338, 46.06889999969998], [-89.94525699990903, 46.06892899989204], [-89.95442199961153, 46.069023999705266], [-89.95747700011123, 46.06905600012384], [-89.96068099967553, 46.069089999886], [-89.96539099966083, 46.06912099996254], [-89.97038600005148, 46.069155000307916], [-89.97759800034252, 46.06900599981226], [-89.98913099955813, 46.06880599998281], [-89.99611799971828, 46.06868499979955], [-89.99687799960145, 46.068666999795994], [-89.99696200016535, 46.06866499979523], [-89.99704500000605, 46.0686629997944], [-89.99717200022765, 46.068662000105604], [-89.99730000027417, 46.06866099979349], [-90.00167200015066, 46.06861400006306], [-90.01135300023716, 46.0685130001488], [-90.0113130000542, 46.0643099998508], [-90.01127399969616, 46.06005099993292], [-90.01123400041149, 46.05968500005565], [-90.0111990002514, 46.057158999734206], [-90.01114800019776, 46.05336600029417], [-90.01114599964963, 46.05332399984348], [-90.00740300013507, 46.05335600001166], [-90.0048780002631, 46.05337899984834], [-90.00023900042291, 46.05336600029417], [-89.99345899995201, 46.05336600029417], [-89.99264399981723, 46.05336600029417], [-89.99214099985198, 46.053307999752434], [-89.99228399996713, 46.041672000046226], [-89.99228599961694, 46.041567000011554], [-89.99228700034017, 46.04146199977739], [-89.9923109997313, 46.03966399990025], [-90.00082100003088, 46.039556999982956], [-90.00625900011231, 46.039587999805484], [-90.00636200004448, 46.039587999805484], [-90.01112800010627, 46.03950000012308], [-90.0111239999083, 46.039029000113516], [-90.01104000024273, 46.02761099991974], [-90.01123199986336, 46.018477999890884], [-90.01179799957778, 45.991670999913254], [-90.01180799962351, 45.99107999994497]]]}, "properties": {"NAME": "Lac du Flambeau Reservation", "GEOID": "1825R", "_type": "reservation"}}, {"type": "Feature", "geometry": {"type": "Polygon", "coordinates": [[[-86.72888799975877, 41.77258199984574], [-86.72886000016966, 41.77243100030389], [-86.72880099972012, 41.77228200024334], [-86.72841800030379, 41.77169500024338], [-86.72837399992285, 41.77162499991802], [-86.72677999963832, 41.77163799999378], [-86.72664800029216, 41.77163799999378], [-86.72663400004845, 41.77001500016014], [-86.72174499996301, 41.770020000263585], [-86.7156909999384, 41.77004300019825], [-86.71569199976332, 41.770138000045016], [-86.71569799961111, 41.77117299976793], [-86.71570000015925, 41.771540999828694], [-86.71570799965686, 41.77266500033435], [-86.71479299996297, 41.7726670001591], [-86.71447300029583, 41.772667999736505], [-86.7144719995726, 41.772610999681596], [-86.7144590000521, 41.771256999669205], [-86.71444099961046, 41.77014100023538], [-86.71443999978554, 41.77004800029946], [-86.71202799989148, 41.7700570002127], [-86.7120289997164, 41.77014699994563], [-86.71203299991437, 41.770851999849846], [-86.7120360002874, 41.77203099980391], [-86.71204100031028, 41.772838000022716], [-86.71141199994834, 41.77283300013893], [-86.71138299963602, 41.77283300013893], [-86.71082000029463, 41.77283100031935], [-86.70957300033972, 41.77282500019012], [-86.70957499998954, 41.773118000260666], [-86.70957599981446, 41.77370799999096], [-86.70957699963935, 41.77380700001807], [-86.70958000001242, 41.77444799994034], [-86.70958500003528, 41.775125000321935], [-86.70958199966223, 41.77577800017851], [-86.7095790001875, 41.77640300015648], [-86.70958500003528, 41.77705299986262], [-86.7095790001875, 41.77733799999071], [-86.70909499959052, 41.77733699981618], [-86.70872399986976, 41.77733999966978], [-86.70791700013089, 41.77734600004651], [-86.7071299995852, 41.777351999752774], [-86.7071289997603, 41.77725900022309], [-86.7071289997603, 41.777232999667746], [-86.70711799988963, 41.776647999793795], [-86.70712700011048, 41.77616899969466], [-86.70712299991251, 41.77525799984802], [-86.70712399973742, 41.77465200019598], [-86.70712299991251, 41.77372600012903], [-86.70712100026269, 41.77337499987464], [-86.70712100026269, 41.772638999926464], [-86.70711899971455, 41.772171999747286], [-86.70713200013334, 41.770807000158726], [-86.7071299995852, 41.77015700013149], [-86.7071299995852, 41.77007500003539], [-86.70667600002376, 41.77007699994094], [-86.7063680000522, 41.77006600012468], [-86.70602999994338, 41.77005500030657], [-86.70557499965872, 41.770022000170805], [-86.70467199966039, 41.769923999951885], [-86.70440200022198, 41.76989000012811], [-86.70426300030479, 41.76987900027978], [-86.7040880004026, 41.76989500024125], [-86.70341499965974, 41.77001099967516], [-86.70316399958958, 41.770050999824036], [-86.70295299970238, 41.77007500003539], [-86.70242200014803, 41.77009499975802], [-86.70232699971349, 41.77009600004549], [-86.70232800043671, 41.77017600021235], [-86.70233000008652, 41.77039900000006], [-86.70234500015515, 41.77173999998154], [-86.70235500020088, 41.77316899976807], [-86.7023569998507, 41.773695999896056], [-86.70236199987357, 41.774593999676995], [-86.70237299974424, 41.775949999983446], [-86.70238199996507, 41.777115999717914], [-86.70238299978999, 41.77727999989097], [-86.70237199991934, 41.778537999893786], [-86.70236000022376, 41.77983100007316], [-86.70235000017803, 41.78087899968275], [-86.70234900035311, 41.78096399971832], [-86.70233599993432, 41.78216600029571], [-86.70232199969061, 41.78334000019641], [-86.70230999999505, 41.78454199977396], [-86.70230900017013, 41.78462300006909], [-86.70701999998036, 41.78462300006909], [-86.70714600037705, 41.78462600025175], [-86.70723699971532, 41.784649999698175], [-86.70963299971585, 41.78459300024461], [-86.7111979996881, 41.78455499991089], [-86.71123700004615, 41.78665199976075], [-86.71199699992935, 41.786985999953025], [-86.71203200008944, 41.78700100031189], [-86.71203399973926, 41.78691999967197], [-86.71203100026453, 41.78460899988482], [-86.71210300023455, 41.78460799982368], [-86.7127550001627, 41.78460200012643], [-86.7135359999623, 41.78459799988141], [-86.71436100014283, 41.78459499969749], [-86.71505499990377, 41.78459200018323], [-86.71557600031069, 41.78459300024461], [-86.71609500016946, 41.78459100012183], [-86.71644900017179, 41.78459400030598], [-86.71697300005343, 41.78401599975024], [-86.71754499961564, 41.78336300004369], [-86.71830799987188, 41.78249100023565], [-86.71878900009582, 41.78246699998105], [-86.71891399976928, 41.782304999869766], [-86.719260000274, 41.78185699970527], [-86.72038900022814, 41.78186800017892], [-86.72093200037635, 41.78133199987294], [-86.72120199981478, 41.781061999816565], [-86.72131099959472, 41.780952999759464], [-86.72134499992991, 41.7809199998716], [-86.7214550004331, 41.780817999745366], [-86.72165999957419, 41.78064699972143], [-86.72180100003949, 41.7805229997675], [-86.72222600018694, 41.780151999937374], [-86.7226959996419, 41.779747000012485], [-86.72290800025233, 41.77956400014527], [-86.72316199979723, 41.77934499996913], [-86.72385399990836, 41.77879799968213], [-86.72469199960935, 41.778132000331915], [-86.72489099980099, 41.77797600030512], [-86.72509099981752, 41.77791999977353], [-86.72531400029861, 41.77764300024089], [-86.72579600034746, 41.777264999937486], [-86.72624300023621, 41.77727499968358], [-86.72657399977399, 41.777014999749866], [-86.72684599976056, 41.77677899981472], [-86.72666099981264, 41.77647299995696], [-86.7271169999222, 41.77658699985129], [-86.72776100035276, 41.776078000177726], [-86.7280109996997, 41.77589700028359], [-86.72811100015713, 41.77579200028115], [-86.72821400008928, 41.77564599992184], [-86.72832100021941, 41.77542099987833], [-86.72836800007508, 41.77524400029876], [-86.72833799993785, 41.77497700003149], [-86.72827600001358, 41.77474800013119], [-86.72820400004355, 41.774557000334994], [-86.728144999594, 41.77439299989833], [-86.72810600013426, 41.77416999992671], [-86.72808799969259, 41.77398799978082], [-86.7281229998527, 41.77379600017146], [-86.72816999970836, 41.77363600005796], [-86.72829199990709, 41.773462000277085], [-86.72846599998437, 41.773258999824456], [-86.72861900014524, 41.7730969999], [-86.72876100043548, 41.772910999755126], [-86.72878700037474, 41.77285299967164], [-86.72885900034476, 41.77269400013264], [-86.72888799975877, 41.77258199984574]]]}, "properties": {"NAME": "Pokagon Reservation", "GEOID": "2890R", "_type": "reservation"}}, {"type": "Feature", "geometry": {"type": "Polygon", "coordinates": [[[-88.55194299986539, 46.8517949997208], [-88.55203999994974, 46.84743000003641], [-88.55192199994899, 46.83713700019525], [-88.55192500032203, 46.8355750000996], [-88.5519150002763, 46.833539000272104], [-88.55194200004047, 46.829897000131865], [-88.5519520000862, 46.82985499976205], [-88.55196100030705, 46.82963499971766], [-88.55196899980464, 46.82409800008978], [-88.55197100035278, 46.822953999898246], [-88.55198200022343, 46.82286400008498], [-88.55200200031493, 46.82280099988016], [-88.55197899985039, 46.82269499970073], [-88.55197399982752, 46.82147800003961], [-88.55199700029206, 46.81905100027668], [-88.55196100030705, 46.81556199975581], [-88.55202700042929, 46.80158799981444], [-88.55195499956095, 46.8011479999182], [-88.55198800007122, 46.8010489998146], [-88.55197999967531, 46.8007570002555], [-88.55180099957515, 46.794382999947494], [-88.55175799991746, 46.79283000005444], [-88.55168099992454, 46.790097000279644], [-88.55168900032048, 46.78941500013427], [-88.55172000028261, 46.78703100024322], [-88.55175100024475, 46.7836000001678], [-88.55175899974236, 46.782700999984606], [-88.55177600035911, 46.780502000289616], [-88.55171500025973, 46.779553000058655], [-88.55176999961301, 46.776981000275626], [-88.55176499959013, 46.774809999732035], [-88.55175899974236, 46.7720769999023], [-88.55173899965088, 46.770423999728216], [-88.55169900036623, 46.76799500026619], [-88.55172299975735, 46.76652700016828], [-88.55174799987171, 46.76567799981957], [-88.55181900001682, 46.76478800005723], [-88.55148500010598, 46.76478800005723], [-88.5401510001837, 46.764811000285235], [-88.53921399985018, 46.764813000144095], [-88.52891400034578, 46.764785000267516], [-88.51666400000636, 46.76476499981937], [-88.51613900029983, 46.76478700012734], [-88.51471800026765, 46.764770000085946], [-88.51445600032682, 46.764770000085946], [-88.51371399998696, 46.764772999876456], [-88.51231100039645, 46.76477800014229], [-88.50902599974297, 46.76479899989995], [-88.50613599999804, 46.76480400016338], [-88.5038809995645, 46.76484000007721], [-88.50081599991736, 46.764833999888104], [-88.50063699981722, 46.764833999888104], [-88.5001980003244, 46.764833999888104], [-88.49987399956098, 46.76485199983801], [-88.49803300030254, 46.76486999978189], [-88.49793000037039, 46.764870999710226], [-88.49757100034519, 46.76487500003873], [-88.49631199979639, 46.76488699979173], [-88.49413799955371, 46.76482399998175], [-88.49068600029229, 46.764811000285235], [-88.4855479997865, 46.76478600019745], [-88.46668500027909, 46.764832000030076], [-88.45963700001955, 46.764832000030076], [-88.45114500016165, 46.76459499970982], [-88.45087200035019, 46.76459499970982], [-88.44786999955392, 46.764514000116854], [-88.44777599984259, 46.76485800002509], [-88.4473609997409, 46.76484800012316], [-88.44616700038773, 46.76485999988216], [-88.44542199967485, 46.764849000051896], [-88.44474700018047, 46.76483700029039], [-88.44365400021134, 46.764816999861544], [-88.44294299983365, 46.764812000214675], [-88.44197399971306, 46.7648079998815], [-88.44114199985985, 46.764818999720184], [-88.44008400005083, 46.764832999959125], [-88.4384270000171, 46.764827999698376], [-88.43832400008493, 46.764827999698376], [-88.43810399997692, 46.764847000194386], [-88.43785499955656, 46.76480500009295], [-88.43512800001824, 46.76484399979265], [-88.43512800001824, 46.76480899981099], [-88.42755300040236, 46.76485500023928], [-88.42751099967124, 46.76379400029665], [-88.42751300021938, 46.76337500001612], [-88.42767700025091, 46.758767999786855], [-88.42778699985575, 46.75489400030015], [-88.4279860000474, 46.750258999919694], [-88.42796199975795, 46.747827999873344], [-88.42795500008525, 46.74658000020819], [-88.42809700037549, 46.74551199971136], [-88.42816500014753, 46.7450029998835], [-88.42810200039834, 46.7449290000115], [-88.42800600013888, 46.744560000048494], [-88.42802600023036, 46.744231000180356], [-88.42803000042834, 46.74415800017692], [-88.42810099967512, 46.74212700020897], [-88.42810700042122, 46.74078200029597], [-88.42812999998743, 46.73861800027438], [-88.42812300031474, 46.73830099998502], [-88.42816500014753, 46.73797800019313], [-88.42823200009468, 46.73788900025164], [-88.42836299961594, 46.7377989997325], [-88.42859199994481, 46.737724999822476], [-88.42834400024769, 46.736988000168076], [-88.42821100017828, 46.73660300017494], [-88.42815199972874, 46.73632099977599], [-88.42808999980447, 46.7359800000833], [-88.42805600036759, 46.7357390002764], [-88.42802799988019, 46.735467000099824], [-88.42801100016176, 46.73387299984442], [-88.42803499955288, 46.729758000160395], [-88.42805100034474, 46.72633800017209], [-88.42804399977372, 46.72444499976974], [-88.42808300013178, 46.72392499978614], [-88.42812900016251, 46.723436999865754], [-88.42822100022404, 46.7229009997928], [-88.42831300028556, 46.72256099971138], [-88.42841000036992, 46.72224899977268], [-88.42824399979025, 46.72191899975716], [-88.42849599968532, 46.72075100027132], [-88.42846800009625, 46.72063900024903], [-88.42830099969166, 46.7199630001929], [-88.4282759995773, 46.718336999850436], [-88.42834000004973, 46.71778299995896], [-88.42874299955754, 46.71643000028296], [-88.42877299969476, 46.71633100022153], [-88.42867399996057, 46.70988800004053], [-88.42862000043219, 46.70366599970486], [-88.42848900001265, 46.689066000148244], [-88.42845999970032, 46.67937099997115], [-88.42778000018308, 46.67937099997115], [-88.4010369996646, 46.67928400005406], [-88.39229200008668, 46.679260000031064], [-88.39115100043699, 46.679260000031064], [-88.3749030003149, 46.67922300000038], [-88.35058500010929, 46.679150999818035], [-88.34528099992215, 46.67908199978437], [-88.3389209995758, 46.67906499983402], [-88.33610299980089, 46.678904000183955], [-88.33536499965899, 46.678483999910576], [-88.33463300026321, 46.67846899975241], [-88.33009499980705, 46.67900600010979], [-88.30232899963966, 46.679411000126855], [-88.30263199958834, 46.69017699987501], [-88.30262900011363, 46.690650000015886], [-88.30252600018146, 46.70398400009103], [-88.30252100015858, 46.704626000288215], [-88.30301699955282, 46.71243999974414], [-88.30286900031312, 46.722946000186354], [-88.30278599957416, 46.72428399991144], [-88.30351299984537, 46.73272099974303], [-88.30362400017346, 46.73702299975131], [-88.30321499991953, 46.74983300002861], [-88.30321499991953, 46.75051700030589], [-88.30319300017823, 46.756744000038296], [-88.3031909996301, 46.75755300016028], [-88.3031920003533, 46.75871900018774], [-88.30316899988878, 46.76499100020575], [-88.29828499982622, 46.764980999713146], [-88.29812599981756, 46.764980999713146], [-88.29812499999264, 46.76678699998753], [-88.29814699973396, 46.77714999973676], [-88.29814699973396, 46.777302999818055], [-88.2981149999469, 46.78360600011175], [-88.29807800013698, 46.78767199985368], [-88.29802899973318, 46.79391400005999], [-88.29817400039644, 46.80482599999121], [-88.29830699956753, 46.81478600009566], [-88.29818699991692, 46.81492500005395], [-88.29815599995479, 46.81506400026768], [-88.29815000010701, 46.8153420002321], [-88.2981280003657, 46.81570900003416], [-88.29817400039644, 46.81622400009752], [-88.29788800016617, 46.81615300030431], [-88.29752900014098, 46.81617399969876], [-88.29744799995012, 46.81630999976478], [-88.29734300036813, 46.81640900006209], [-88.29725499960627, 46.81646299981213], [-88.29716699974273, 46.816478999932585], [-88.29693599976405, 46.81641200004965], [-88.29670599961028, 46.81630699977157], [-88.29643600017185, 46.81609200002611], [-88.29626899976728, 46.81603600010284], [-88.29577500002287, 46.81597400009783], [-88.29564699997636, 46.81600600001021], [-88.29543100006627, 46.81608199980259], [-88.29523000022482, 46.81626799984437], [-88.2948410000624, 46.816853000085246], [-88.29453599956557, 46.8170389999192], [-88.29437300025727, 46.81711800004397], [-88.29407100013346, 46.817267000126876], [-88.29366299970445, 46.81739199972531], [-88.29319200042458, 46.817422000274185], [-88.29256800008551, 46.81754100027844], [-88.29225599991598, 46.817637999797775], [-88.29136700016137, 46.81799099997475], [-88.29094100018901, 46.81829599973821], [-88.29076399973869, 46.8184820001133], [-88.29064999993587, 46.81867899974615], [-88.29061599960067, 46.818909000070505], [-88.29065300030892, 46.81918900012643], [-88.290793000051, 46.819622999759595], [-88.29067099985227, 46.81981500005748], [-88.29048699972925, 46.8198970001999], [-88.29016799988702, 46.819916999840835], [-88.28914799971282, 46.819676999970326], [-88.28882899987059, 46.81969200022411], [-88.28927800030748, 46.82034699984952], [-88.28899799992502, 46.82038300012597], [-88.28888499994709, 46.820482999811226], [-88.28881200015216, 46.82062400004104], [-88.28878000036512, 46.820792000054425], [-88.28877000031936, 46.820920999917014], [-88.28890500003858, 46.82096600023939], [-88.2888630002058, 46.821078999708156], [-88.28853500014273, 46.822017000034435], [-88.2884690000205, 46.82220800029596], [-88.28839600022556, 46.82230700018385], [-88.28820399970662, 46.82239899987897], [-88.28812300041409, 46.82247000003048], [-88.28807400001027, 46.822629000272066], [-88.28820600025476, 46.82294800003834], [-88.28830900018693, 46.823030999782816], [-88.2883640004385, 46.82317300016679], [-88.28834599999684, 46.82334900016543], [-88.28823300001893, 46.823490999709456], [-88.28750300027296, 46.8238450002468], [-88.28695000007902, 46.82415999994742], [-88.2865979997265, 46.82424699988483], [-88.28620699991426, 46.8242070001289], [-88.2857590002006, 46.8242809998998], [-88.28551099960518, 46.82434599970592], [-88.28498599989861, 46.824255999764326], [-88.2846739997291, 46.824248999994744], [-88.28434599966603, 46.82434699975904], [-88.28405699996104, 46.82458100000407], [-88.28369999958565, 46.82513899974024], [-88.28352899988141, 46.825523000206026], [-88.2836539995549, 46.82569299971872], [-88.2838519999216, 46.82588099975416], [-88.2838100000888, 46.82609400026836], [-88.28406299980881, 46.82634199989597], [-88.28459500008637, 46.82663500010313], [-88.28496900018018, 46.82669200006066], [-88.2852179997022, 46.82653900023214], [-88.28518900028821, 46.82623699995536], [-88.28524700001452, 46.82607299983095], [-88.2851049997243, 46.825869000072295], [-88.28507499958707, 46.8256610000395], [-88.28459099988841, 46.82545599991413], [-88.28441699981113, 46.82524099987221], [-88.28449700017708, 46.82518699971801], [-88.28467299990417, 46.8251929999427], [-88.28518099989229, 46.82549099981101], [-88.28563399962881, 46.82566900026843], [-88.28583399964536, 46.82563099978518], [-88.28587499965323, 46.82547800001002], [-88.28548600038914, 46.82525100023631], [-88.28532800020538, 46.825074999703254], [-88.28548100036626, 46.8249770000368], [-88.28580699988119, 46.82510400022889], [-88.28602199996634, 46.82511600008147], [-88.2861259997234, 46.825084000058844], [-88.28627800005937, 46.82509000029503], [-88.28627700023448, 46.825193999980065], [-88.28637799961848, 46.825457999979115], [-88.28595199964612, 46.82576299979567], [-88.28579000016275, 46.82604799991424], [-88.28599500020215, 46.82629599975407], [-88.28624200007435, 46.82628000009632], [-88.286505999665, 46.826204999985386], [-88.28705999968388, 46.82587800029491], [-88.28707499975248, 46.82601499980962], [-88.28736900037867, 46.82613699990906], [-88.28756199982419, 46.826016999853806], [-88.28785200025243, 46.82571100022135], [-88.28749599970196, 46.825347999983386], [-88.28747399996065, 46.82515000016151], [-88.28752500001428, 46.82488699992228], [-88.28760500038022, 46.82488699992228], [-88.28772300038099, 46.825052000017116], [-88.28788599968931, 46.825442000071945], [-88.2883560000426, 46.825548999783045], [-88.28868499993055, 46.82541299972869], [-88.28884599958904, 46.825287000302254], [-88.28912500014661, 46.82525599980296], [-88.28934199988159, 46.825075999742864], [-88.28951299958581, 46.82482400024424], [-88.28963999980743, 46.824852000246864], [-88.2897720000519, 46.82517099973018], [-88.289947999779, 46.82521500014622], [-88.29033899959124, 46.82521700022012], [-88.29065199958569, 46.82501000016397], [-88.29071500023319, 46.82506499992112], [-88.29051299966851, 46.825293999936676], [-88.29010500013783, 46.82547900004209], [-88.28983300015128, 46.825494999938236], [-88.2896740001426, 46.82543899997358], [-88.28929099982797, 46.825436999907886], [-88.28892199975702, 46.82558899976975], [-88.28876100009855, 46.82580300023774], [-88.28889499999285, 46.8259290002986], [-88.2892930003761, 46.826052000000026], [-88.28928400015526, 46.82613999996847], [-88.28920399978932, 46.82618300018703], [-88.28875000022789, 46.82604399982811], [-88.28844700027918, 46.82600999969887], [-88.2884139997689, 46.826114000062645], [-88.2882449997145, 46.826278000061976], [-88.28815600002605, 46.826447000246134], [-88.28832300043062, 46.82651899998133], [-88.2886249996561, 46.82655899986086], [-88.28900999962056, 46.82645699977123], [-88.28918500042109, 46.826446000232075], [-88.28937700004168, 46.82639800014924], [-88.28932000014028, 46.82650699982729], [-88.28916799980433, 46.82659400026882], [-88.28855299968609, 46.82666899983706], [-88.28832000005758, 46.82674999996617], [-88.28796100003237, 46.8267870002653], [-88.28765800008367, 46.82672499974962], [-88.28756799967199, 46.82692799994248], [-88.2872730001192, 46.826898999786266], [-88.28683399972806, 46.8269680001323], [-88.28647499970286, 46.82697800017508], [-88.28624100024946, 46.82718000002668], [-88.2862160001351, 46.82732799988647], [-88.28652499993157, 46.82755400011533], [-88.28649200031961, 46.82761400030477], [-88.28610099960903, 46.82763500014011], [-88.2855409997424, 46.827730999897604], [-88.28548399984098, 46.82792300012744], [-88.2856250003063, 46.82810999975608], [-88.28585499956176, 46.82828600018613], [-88.2861890003709, 46.8283970002937], [-88.28663500043474, 46.828464999969526], [-88.28698699988894, 46.82843400007377], [-88.28729200038579, 46.82826999989146], [-88.28729900005847, 46.82832500000087], [-88.28715400029353, 46.828516999952825], [-88.28709700039211, 46.82854899977566], [-88.28672199957506, 46.82862500027742], [-88.2860909995633, 46.82865999995478], [-88.28593099972973, 46.82869800014056], [-88.2861109996548, 46.829010999743424], [-88.28594300032361, 46.82911499983249], [-88.28567200016197, 46.82900999977707], [-88.28538799958152, 46.8287339997419], [-88.28478599988208, 46.82828700016597], [-88.28412300008327, 46.82831200027062], [-88.28374700033962, 46.82844699977448], [-88.28313600041935, 46.828817999742334], [-88.28271700011969, 46.829255000201904], [-88.28257700037761, 46.82964899969701], [-88.28264599997458, 46.829995000047745], [-88.28288299980105, 46.83024799983234], [-88.28317099968113, 46.8301509997083], [-88.28338900013934, 46.82987699990133], [-88.28357300026234, 46.82988899991764], [-88.28373300009592, 46.829801999892325], [-88.28388799990661, 46.82944100015495], [-88.28409499959585, 46.829486000106385], [-88.28399599986166, 46.82982000024821], [-88.28410700018974, 46.829902999830814], [-88.28433099959742, 46.82989800008177], [-88.28456300029931, 46.82983899993441], [-88.28456199957608, 46.829943000265146], [-88.28434499984111, 46.83005699986465], [-88.28402500017397, 46.8301379998051], [-88.28378599979936, 46.83013699985972], [-88.28367199999654, 46.83030700014528], [-88.28383400037826, 46.830900000120884], [-88.28373700029388, 46.831035999813786], [-88.28343900036805, 46.831254999730206], [-88.28255200026325, 46.83214500024932], [-88.28163900021917, 46.83285399983288], [-88.28134600031622, 46.833082999852216], [-88.28086400026737, 46.83334400016578], [-88.28046300040938, 46.83352900022083], [-88.27991699988812, 46.8339050001308], [-88.27884999985825, 46.83444400028051], [-88.27824099958781, 46.83469899973772], [-88.27767800024642, 46.83507500006524], [-88.27732500006898, 46.83527099988583], [-88.27694000010455, 46.835400999880406], [-88.2765710000336, 46.83560799986568], [-88.27538900037601, 46.83639800019067], [-88.27526100032948, 46.8364849999856], [-88.27490899997699, 46.83664300012174], [-88.27450200027121, 46.83691999991992], [-88.27359000005205, 46.83754200001606], [-88.27298900017752, 46.83775900023753], [-88.27275900002375, 46.837826999744316], [-88.27253300006794, 46.837893999978455], [-88.27246799977061, 46.838025999984374], [-88.27247500034163, 46.83816299987569], [-88.27249000041023, 46.83825599988097], [-88.27258400012157, 46.83837199986678], [-88.27263000015232, 46.838520000247954], [-88.27186299969812, 46.838593000190315], [-88.27084599989696, 46.838989000228715], [-88.2706299999869, 46.83904300003573], [-88.27047600000112, 46.8392239998011], [-88.2704259997724, 46.839392999836164], [-88.27041699955159, 46.83951399990928], [-88.27052600022984, 46.83978300029909], [-88.27050799978817, 46.83998100029204], [-88.27018599957289, 46.84025399983055], [-88.26972899963842, 46.8404490000562], [-88.26934299984903, 46.84077100023139], [-88.26897299995318, 46.84102200018785], [-88.26844599969847, 46.84177100025061], [-88.26828900023796, 46.84231900007919], [-88.26806300028215, 46.84252100003227], [-88.26776700000613, 46.842628999865944], [-88.26769300038629, 46.84285399994864], [-88.26756399961656, 46.842996000193025], [-88.26741100035399, 46.84306599985522], [-88.2671319997964, 46.843071000222594], [-88.26705800017658, 46.843245999884395], [-88.26712799959844, 46.84343799998808], [-88.26702300001647, 46.84359100025146], [-88.26638799980675, 46.84400500022519], [-88.26574099990145, 46.84482499998364], [-88.26560299980919, 46.84523600005627], [-88.26556699982419, 46.84544999971473], [-88.26558699991567, 46.84575700028848], [-88.26546499971694, 46.846042000065246], [-88.26523799993622, 46.84631000007551], [-88.26494900023123, 46.846538999891486], [-88.26480199991812, 46.846811999898954], [-88.26466999967364, 46.847223000129155], [-88.2646739998716, 46.84762399978637], [-88.26448600044895, 46.84803999985241], [-88.26413099972339, 46.84842200030102], [-88.26353499987172, 46.84886900012993], [-88.26328299997665, 46.84929600016367], [-88.2634210000689, 46.849906000291426], [-88.26331300011388, 46.85029499982112], [-88.26302299968565, 46.85048500017187], [-88.26253999981189, 46.850933000207036], [-88.26239699969676, 46.85160700002441], [-88.26200800043264, 46.85213199988556], [-88.26301400036313, 46.85210399996517], [-88.2633290000074, 46.8520949998341], [-88.26894600018899, 46.85199899998017], [-88.27714400031904, 46.851910999963295], [-88.27723999968019, 46.851909999808704], [-88.27728099968806, 46.85198100029564], [-88.2772680001676, 46.852009000280106], [-88.27739700003902, 46.85193200013402], [-88.27756699991834, 46.85190500026408], [-88.27783999972982, 46.85189399978984], [-88.27824099958781, 46.85189200009434], [-88.27918200011928, 46.85189899994984], [-88.28251700010316, 46.85188599977864], [-88.28524700001452, 46.85189099993938], [-88.28837000028628, 46.85189899994984], [-88.29026999999427, 46.85190500026408], [-88.29539500008127, 46.851976000143274], [-88.2985650002087, 46.85198400014106], [-88.31693599962153, 46.852156999955696], [-88.31958199986732, 46.852134999722594], [-88.31978199988384, 46.852090999843604], [-88.32004999967245, 46.85207499987867], [-88.32655899998171, 46.85206800004611], [-88.3293950001983, 46.852064000053595], [-88.3294799996888, 46.85206800004611], [-88.32958099997114, 46.85208400001313], [-88.3297819998126, 46.85208400001313], [-88.33000600011859, 46.85206199975007], [-88.33092900020839, 46.85215400011994], [-88.3441870001281, 46.85178499999533], [-88.35162600019989, 46.85170100026202], [-88.35894899992068, 46.85163900022832], [-88.3626739998919, 46.85160700002441], [-88.37509300028572, 46.8515010001342], [-88.39070799984789, 46.85177900028204], [-88.39397199968664, 46.85175599973657], [-88.39671400019192, 46.851724000216684], [-88.39675299965165, 46.851723000058605], [-88.40043699961498, 46.85162700015409], [-88.40247899961318, 46.851596000103484], [-88.4025210003443, 46.851596000103484], [-88.40256499982691, 46.851596000103484], [-88.40391100041433, 46.85159200007582], [-88.4443899998051, 46.8518829999277], [-88.47817800021004, 46.852093000146034], [-88.47864600001517, 46.85205200007431], [-88.47874800012241, 46.85203099995052], [-88.47946600017282, 46.85200599982171], [-88.48262799990432, 46.8519800001423], [-88.48759200033285, 46.851962999990675], [-88.48802099977992, 46.85195700029726], [-88.49142600008399, 46.851949000295456], [-88.5001210003315, 46.85191300027249], [-88.5014860002872, 46.8519219998197], [-88.50779399985667, 46.85186999975263], [-88.50831299971547, 46.85185200002486], [-88.50856799998358, 46.85180699975751], [-88.50868000013656, 46.8517700000965], [-88.50881499985577, 46.85167499982064], [-88.50896499964362, 46.85147500021029], [-88.51053200016398, 46.851467000136694], [-88.53077899989367, 46.85162799969964], [-88.5447630002597, 46.85173699981278], [-88.55194299986539, 46.8517949997208]]]}, "properties": {"NAME": "L'Anse Reservation", "GEOID": "1880R", "_type": "reservation"}}, {"type": "Feature", "geometry": {"type": "MultiPolygon", "coordinates": [[[[-87.44864000032075, 45.79327000003337], [-87.44861500020639, 45.791770999750476], [-87.44858599989406, 45.790049999749016], [-87.4485819996961, 45.78965999987641], [-87.44133299959513, 45.789741999941256], [-87.43918400036513, 45.789766000044374], [-87.43917199977125, 45.77952399974919], [-87.43917000012142, 45.77809100025137], [-87.43916599992346, 45.774076999719775], [-87.43915900025078, 45.76838600010081], [-87.43878699980678, 45.76839900015109], [-87.4382670001231, 45.768406999698534], [-87.43788600035658, 45.76840099972475], [-87.43696200044187, 45.76840099972475], [-87.43606699994115, 45.76840199982483], [-87.43573399985522, 45.76839599985055], [-87.43491200004775, 45.76838399989999], [-87.43473499959742, 45.76838399989999], [-87.43440300023471, 45.76838600010081], [-87.43419099962429, 45.76838600010081], [-87.43355799996272, 45.768388999775254], [-87.43334700007553, 45.768389999875566], [-87.43328099995327, 45.768389999875566], [-87.4330859999596, 45.768389999875566], [-87.43302099966228, 45.76839099997591], [-87.43248799955981, 45.76839300017649], [-87.43088999997562, 45.76839900015109], [-87.43085999983839, 45.76840000025122], [-87.43035799969805, 45.76838299979952], [-87.43019700003957, 45.768377999923715], [-87.4297059997699, 45.76836599996928], [-87.42954299956328, 45.7683630002936], [-87.42954699976124, 45.76852500009606], [-87.42955900035513, 45.769012999991915], [-87.429564000378, 45.76917599987269], [-87.42953599989058, 45.770883000001945], [-87.42945100040009, 45.776004000210555], [-87.4294239997376, 45.777711999928975], [-87.42940700001917, 45.77871000010678], [-87.42935799961535, 45.78170700017911], [-87.42934400026998, 45.7826279997279], [-87.43112699980209, 45.78261099985432], [-87.43392500038384, 45.7825829997933], [-87.43392700003365, 45.782741000266675], [-87.43396800004155, 45.786045000007476], [-87.43396999969136, 45.78620300006568], [-87.42879400044905, 45.78625799988967], [-87.42879199990092, 45.78608299991966], [-87.42875300044116, 45.782706000113215], [-87.4252850003879, 45.782706000113215], [-87.41311100021649, 45.7827069999568], [-87.40905399998425, 45.78270799980041], [-87.40823100035188, 45.78270799980041], [-87.40817299972723, 45.78284100013669], [-87.40818699997095, 45.795241000024326], [-87.4081839995979, 45.79697299991823], [-87.40818299977299, 45.79743799979351], [-87.40821899975799, 45.79743799979351], [-87.40895400042514, 45.79742700003521], [-87.41011500016633, 45.79741099987052], [-87.42374600035495, 45.79721300003537], [-87.42892499997029, 45.797137999914085], [-87.43171799963086, 45.79709800022565], [-87.43410100011093, 45.79706299969186], [-87.43409799973789, 45.797328999815356], [-87.43406199975287, 45.80068200012552], [-87.43478300017631, 45.80067300005033], [-87.43597300022981, 45.8006589998609], [-87.43887999969321, 45.80062200001433], [-87.43923500041875, 45.800616999897784], [-87.4392739998785, 45.79708300017854], [-87.43927499970341, 45.79699800025268], [-87.44444900019421, 45.7969330001114], [-87.44440300016345, 45.79332000025552], [-87.44864000032075, 45.79327000003337]], [[-87.4340559999051, 45.7934430000599], [-87.43047300022411, 45.79348200021617], [-87.4288820003126, 45.793504000035334], [-87.42884200012963, 45.790282000074825], [-87.42883700010675, 45.78988099995135], [-87.43401099969924, 45.789823000169534], [-87.4340559999051, 45.7934430000599]], [[-87.41851499996274, 45.79001099969664], [-87.4144569999056, 45.79006099971067], [-87.41335499971564, 45.79007500005734], [-87.41334700021802, 45.78643299993673], [-87.41849499987126, 45.78637499969925], [-87.4184970004194, 45.78674800014044], [-87.41851499996274, 45.79001099969664]]], [[[-87.43044700028483, 45.73651900013661], [-87.4304459995616, 45.73637000018756], [-87.43044399991177, 45.73558300006776], [-87.43043999971381, 45.73322200025162], [-87.43043999971381, 45.732950000238255], [-87.42833800033947, 45.7329569997434], [-87.42832200044595, 45.72938600010782], [-87.42138600033944, 45.72941600025361], [-87.42005099962265, 45.729416999798346], [-87.41765700017025, 45.729417999970146], [-87.4177159997215, 45.731485000109515], [-87.41773599981296, 45.73217900028089], [-87.4177369996379, 45.732224000124404], [-87.41775500007955, 45.7329569997434], [-87.41326600002719, 45.73298199993974], [-87.4127599996889, 45.73298500026347], [-87.4127670002599, 45.72941999968657], [-87.41342199966279, 45.72941999968657], [-87.41434800012566, 45.72941900014188], [-87.41437700043798, 45.72941900014188], [-87.41765700017025, 45.729417999970146], [-87.4176529999723, 45.72926899988688], [-87.4176320000559, 45.72853099983925], [-87.41763000040608, 45.72847399977406], [-87.41762299983506, 45.72823300018674], [-87.41759799972071, 45.72734000005131], [-87.4175900002231, 45.72704299990296], [-87.41759299969785, 45.726772000116966], [-87.41760100009377, 45.726274999983126], [-87.4176039995685, 45.72596100023612], [-87.41760500029172, 45.72590700013371], [-87.40852300042992, 45.72587000021922], [-87.40828700042837, 45.72586899998392], [-87.40759600014215, 45.72586899998392], [-87.40759600014215, 45.7368150000174], [-87.40759600014215, 45.73902199989868], [-87.40759600014215, 45.74005800009634], [-87.40759500031724, 45.743687000244506], [-87.41280400006983, 45.74367400007811], [-87.41279999987186, 45.74341299995521], [-87.41275200019129, 45.74011500025127], [-87.41351899974717, 45.740114000271085], [-87.41539199969098, 45.740112000310596], [-87.41794500005035, 45.74010999972309], [-87.42316300002378, 45.74010499982133], [-87.42316200019886, 45.73966599980829], [-87.42315399980293, 45.736536000265446], [-87.42529899973331, 45.73653300013244], [-87.42835500005792, 45.736527999910415], [-87.43044700028483, 45.73651900013661]]], [[[-87.35716399978, 45.65558099993212], [-87.35717999967353, 45.6524570002492], [-87.35206700018041, 45.652452999704515], [-87.3520450004391, 45.64683799977466], [-87.35203899969301, 45.645221000221866], [-87.34855399992131, 45.645207999753964], [-87.34747199982284, 45.64520399994755], [-87.34680800019912, 45.645201999730254], [-87.34681200039708, 45.644902000236286], [-87.34685800042784, 45.64460499980785], [-87.34687400032135, 45.64157700001058], [-87.33667699985081, 45.64158299979452], [-87.33663500001802, 45.64294800019597], [-87.33654600032956, 45.64588999993839], [-87.33653700010873, 45.64620200025659], [-87.3365429999565, 45.64729500000269], [-87.33654799997939, 45.64814800001536], [-87.33654399978141, 45.648877000046525], [-87.335753999761, 45.64887900013262], [-87.335753999761, 45.64903199991371], [-87.33585199967028, 45.6490299998331], [-87.33585099984538, 45.64961799974072], [-87.33652799988789, 45.64962399991941], [-87.33649100007798, 45.65217099983133], [-87.3364850002302, 45.65259000014358], [-87.33725400033421, 45.65257700013007], [-87.33763500010072, 45.65257100026773], [-87.3379639999887, 45.65256800002237], [-87.33895099965261, 45.65255899991317], [-87.33928000043889, 45.65255600029506], [-87.33966399968013, 45.652551999757485], [-87.34081699992372, 45.65254099969047], [-87.34120199988817, 45.65253800007139], [-87.34183100025012, 45.65254099969047], [-87.34179000024224, 45.6560650003076], [-87.34166300002065, 45.656067000137], [-87.34424700034215, 45.65949800008913], [-87.3452659997931, 45.65948899983797], [-87.34674899974956, 45.65911699970173], [-87.34692399965175, 45.65912799973281], [-87.34712899969117, 45.65913000008068], [-87.3473839999593, 45.65914699989548], [-87.34763599985438, 45.65917999996445], [-87.34791799988668, 45.65923399986419], [-87.34842199967683, 45.65935899988565], [-87.34859900012717, 45.65939999992737], [-87.34868399961766, 45.65942800026015], [-87.34906799975721, 45.65952199970542], [-87.34930999960655, 45.65956600012622], [-87.34944400039916, 45.659583999974515], [-87.34975900004343, 45.659604000147915], [-87.35010999967272, 45.65960999988463], [-87.35071700029334, 45.659608999719275], [-87.35088399979962, 45.6595949999138], [-87.3510670000977, 45.65960199981698], [-87.35118199972544, 45.65960800018177], [-87.35161600009371, 45.659605000313356], [-87.35180000021673, 45.659604000147915], [-87.35200299970799, 45.65909299991189], [-87.35201899960153, 45.65882299984055], [-87.35204000041624, 45.65603700017671], [-87.35219100002898, 45.65603700017671], [-87.35222000034129, 45.65603700017671], [-87.35716200013019, 45.656046999955976], [-87.35716399978, 45.65558099993212]]], [[[-87.44864000032075, 45.736381000079575], [-87.4453990000482, 45.736393000016264], [-87.44411600010828, 45.73639700020362], [-87.44386199966507, 45.736398000250425], [-87.4439279997873, 45.743004999919854], [-87.44393299981017, 45.7434980000836], [-87.4405200000085, 45.743513000129695], [-87.43876300041565, 45.7435210001108], [-87.43881199992114, 45.74672100030124], [-87.43881699994402, 45.74706199980698], [-87.43836699968222, 45.74706199980698], [-87.43558999991518, 45.74706199980698], [-87.43397499971424, 45.74706199980698], [-87.43364699965117, 45.7470789998602], [-87.43380099963696, 45.75718199990996], [-87.43380499983492, 45.75768899992162], [-87.43665100009724, 45.75767700017484], [-87.43897599995267, 45.75766800004969], [-87.43893499994478, 45.75550100029646], [-87.43892999992192, 45.7542249997185], [-87.43892999992192, 45.75414300006786], [-87.4403660000227, 45.75414099998316], [-87.44855099973397, 45.754131999914506], [-87.4485950001149, 45.74859299998703], [-87.44862500025212, 45.74695199989069], [-87.44863000027502, 45.74649799993722], [-87.44860799963537, 45.740284999762935], [-87.44864000032075, 45.736381000079575]]], [[[-87.35730900044327, 45.63247300003633], [-87.35733299983441, 45.630668000046946], [-87.35592699987085, 45.63068599976026], [-87.34689000021488, 45.63067599985046], [-87.34687900034423, 45.63801700006331], [-87.34687500014626, 45.640579000211844], [-87.34687400032135, 45.64157700001058], [-87.34747799967062, 45.64158000021666], [-87.34889700005299, 45.64158799971863], [-87.35718899989436, 45.64163099992693], [-87.35720200031315, 45.64065000023927], [-87.35723499992513, 45.63813999986591], [-87.35730900044327, 45.63247300003633]]], [[[-87.35197699976874, 45.66281499985204], [-87.35122299973331, 45.6628120001555], [-87.349666000157, 45.66259100030294], [-87.34955499982892, 45.66260799969475], [-87.34926899959866, 45.66262200000251], [-87.3490650002825, 45.66265600001779], [-87.34874899991497, 45.66276000015788], [-87.34848600014926, 45.66290100029285], [-87.3482569998204, 45.66308600023859], [-87.34809399961377, 45.663191999782654], [-87.34792200008462, 45.663260999828154], [-87.3477560004033, 45.66328900011353], [-87.34746599997507, 45.663285999814576], [-87.34699599962178, 45.663285999814576], [-87.34674999957448, 45.6632989998533], [-87.3446380001544, 45.662962999959284], [-87.34401299999043, 45.66302299997618], [-87.34363399987372, 45.666588999961775], [-87.34147700024779, 45.66681399987295], [-87.33936199955635, 45.66703600003722], [-87.33866500032066, 45.66823700004811], [-87.33757099962831, 45.670127000043486], [-87.33739300025138, 45.670493000016165], [-87.33704900029481, 45.67120200002332], [-87.33669299974433, 45.67190300027184], [-87.33606599993053, 45.67314200030089], [-87.33712299991464, 45.67406599991468], [-87.33898099978984, 45.6740580000297], [-87.34668500017547, 45.67404400007127], [-87.34668600000037, 45.67354199969664], [-87.34668600000037, 45.673493000002786], [-87.34668600000037, 45.67334699995605], [-87.34668600000037, 45.67329900001227], [-87.34668600000037, 45.673240000260336], [-87.34669699987104, 45.6729870000019], [-87.34670299971881, 45.67272599977969], [-87.34672799983318, 45.6717299999762], [-87.34672100016049, 45.67100900021335], [-87.3467160001376, 45.67043699973289], [-87.34672000033557, 45.66964600002628], [-87.34673000038131, 45.667938000284735], [-87.34672500035845, 45.66727299974993], [-87.34672100016049, 45.66648299994416], [-87.34677300003902, 45.66648199990158], [-87.34693100022277, 45.66648099985898], [-87.34698399992621, 45.66648099985898], [-87.34704800039863, 45.66647999981637], [-87.3472430003923, 45.66647699968843], [-87.34730799979131, 45.66647699968843], [-87.34750100013517, 45.66647500023084], [-87.34827299971391, 45.6664779997311], [-87.34900800038108, 45.66648199990158], [-87.34910000044258, 45.66648199990158], [-87.35117000002987, 45.666491999698785], [-87.35141299970411, 45.66649399978357], [-87.35195300037759, 45.66649699991064], [-87.35197699976874, 45.66281499985204]]], [[[-87.3364850002302, 45.65259000014358], [-87.33624599985558, 45.65259499971326], [-87.33568099996607, 45.65261299991864], [-87.33489000012074, 45.652638999925934], [-87.33249800031815, 45.65264900031197], [-87.33158000025121, 45.652653000214656], [-87.33153400022046, 45.65614100005398], [-87.3304379998783, 45.65613300011858], [-87.3292550003958, 45.65611900007191], [-87.32631399969891, 45.656122000127034], [-87.32631500042214, 45.65635199989976], [-87.32631500042214, 45.65662199995635], [-87.32631600024703, 45.65743199984948], [-87.32631700007197, 45.65766600006505], [-87.32631600024703, 45.65770299992104], [-87.32630899967604, 45.65785199992519], [-87.3262910001327, 45.6583020000086], [-87.3262910001327, 45.65832300020043], [-87.32628899958455, 45.65845199986062], [-87.3262710000412, 45.6598810000886], [-87.33491600005999, 45.65983999977127], [-87.33496000044092, 45.6577779997578], [-87.33495299986993, 45.65729399974695], [-87.33493600015149, 45.65610000013751], [-87.33641200043525, 45.656103999793785], [-87.33642699960555, 45.65537200017494], [-87.3364850002302, 45.65259000014358]]], [[[-87.4079939996271, 45.764971000147405], [-87.40784700021233, 45.75800400018622], [-87.40784399983927, 45.757854000252166], [-87.40267100007169, 45.757865999960885], [-87.40280900016396, 45.76499000008155], [-87.40397499992801, 45.76498600006296], [-87.4079939996271, 45.764971000147405]]], [[[-87.35161000024594, 45.6900220001445], [-87.34649500020468, 45.689942000209804], [-87.34641800021177, 45.69272900001858], [-87.34637399983085, 45.69431299989792], [-87.3463780000288, 45.695324999896975], [-87.34637999967862, 45.695636000064425], [-87.34637899985373, 45.69574499989337], [-87.35153699955266, 45.69580600005031], [-87.35161000024594, 45.6900220001445]]], [[[-87.33968899979449, 45.690176999692454], [-87.3385559996424, 45.69017499982651], [-87.33709299977743, 45.69017299996051], [-87.3370910001276, 45.690269999968066], [-87.33627299961978, 45.69025300019238], [-87.33623499998495, 45.69200400014468], [-87.33436200004112, 45.69198499983982], [-87.33112499996655, 45.69195100007086], [-87.33109599965422, 45.694203000240414], [-87.33182899977325, 45.694204999962324], [-87.33394000026675, 45.69421099975503], [-87.33440800007187, 45.69421400027864], [-87.33581300021055, 45.69422599986155], [-87.3362819998406, 45.694229999931075], [-87.3370130003098, 45.69423599972115], [-87.33773499965984, 45.69423599972115], [-87.33948299993017, 45.69423900024338], [-87.33961500017465, 45.69162799997972], [-87.33968899979449, 45.690176999692454]]], [[[-87.43349000019066, 45.72931300002015], [-87.43348599999268, 45.72857399973995], [-87.43347299957391, 45.72574699998835], [-87.43150000007098, 45.72575000007368], [-87.4304160003227, 45.725751000311135], [-87.4283049998292, 45.725753000158846], [-87.42831800024798, 45.72854900007882], [-87.42832200044595, 45.729324000048074], [-87.43043300004113, 45.72933500007379], [-87.43349000019066, 45.72931300002015]]], [[[-87.43867600037701, 45.73286099991392], [-87.43867399982888, 45.7324849998812], [-87.43866299995821, 45.73004399989919], [-87.43865899976026, 45.72930099981623], [-87.43646899962405, 45.72930600005831], [-87.4353589999365, 45.729308999952494], [-87.43349000019066, 45.72931300002015], [-87.43350500025926, 45.732447999934635], [-87.43350699990908, 45.732877999902264], [-87.43387699980494, 45.73287699979247], [-87.43535399991362, 45.73287199987013], [-87.43867600037701, 45.73286099991392]]]]}, "properties": {"NAME": "Hannahville Indian Community", "GEOID": "1410R", "_type": "reservation"}}, {"type": "Feature", "geometry": {"type": "Polygon", "coordinates": [[[-89.12300299975392, 46.966985999893296], [-89.1230789999219, 46.96003699995797], [-89.12282000035414, 46.96006499996347], [-89.11844000008172, 46.96003999989356], [-89.11457799984316, 46.960018999727716], [-89.11382399980774, 46.96001799974883], [-89.1129409999009, 46.96001799974883], [-89.11156199970152, 46.960016999769884], [-89.11080799966611, 46.960016999769884], [-89.10996900014021, 46.96001799974883], [-89.10745299959075, 46.96001999970659], [-89.10661499988976, 46.96002200027743], [-89.1043650003774, 46.96001799974883], [-89.09761599986864, 46.960006000000455], [-89.09536700018118, 46.960002000083776], [-89.0929109999062, 46.960005000021326], [-89.08906100026152, 46.960000000125305], [-89.08163100041058, 46.95999200029066], [-89.08168400011404, 46.96067199974307], [-89.0818370002749, 46.96672500013075], [-89.08182399985611, 46.96686299997362], [-89.08137399959433, 46.97145200017096], [-89.08076000019932, 46.97772800026799], [-89.0806670003129, 46.97878500007387], [-89.08046200027349, 46.98112499982569], [-89.08046200027349, 46.98196100005322], [-89.08046399992331, 46.98292199983886], [-89.08046399992331, 46.983022999721264], [-89.08046399992331, 46.98312299986588], [-89.08046399992331, 46.9834370001092], [-89.08046700029635, 46.984637999948106], [-89.08046700029635, 46.98467899980874], [-89.08046800012127, 46.985044999831764], [-89.08046800012127, 46.98509300024165], [-89.08046800012127, 46.98511399975627], [-89.08046599957314, 46.9851809999619], [-89.08045899990043, 46.985445000092], [-89.08045800007551, 46.98553399996041], [-89.08081899975055, 46.98554200026496], [-89.08136199989876, 46.98551500022817], [-89.0825269998379, 46.98540099985445], [-89.08332400042934, 46.98527199989637], [-89.08429799967445, 46.98517999984055], [-89.08535800003162, 46.985148000237], [-89.08641500001572, 46.98505399972038], [-89.0877010003287, 46.985024999801475], [-89.08831499972372, 46.984921999772034], [-89.0893559998143, 46.98503999982486], [-89.08955699965576, 46.98503700006568], [-89.09024999959179, 46.9850290002984], [-89.09134699975887, 46.98508899974951], [-89.09240700011604, 46.985079999866784], [-89.09393100008039, 46.98514300023977], [-89.09744900036236, 46.98515200011189], [-89.09804400038912, 46.98521599990788], [-89.09870899983777, 46.985328999944734], [-89.09948600033769, 46.98534299976457], [-89.10118600002914, 46.98542599971534], [-89.1018999998816, 46.98552100030559], [-89.10263999967329, 46.98565099977539], [-89.1044289999515, 46.98608699988438], [-89.10580399995294, 46.98622100022386], [-89.10629299967448, 46.98631499991399], [-89.10661499988976, 46.986446000001756], [-89.10776200028556, 46.986717000048436], [-89.1083559995891, 46.98692900026461], [-89.10894599959295, 46.98728399991439], [-89.1094200001442, 46.98764199988373], [-89.10943000018995, 46.98769300002316], [-89.1104269998996, 46.98796100028054], [-89.11112099966056, 46.98819999977217], [-89.11178600000751, 46.98831300024176], [-89.11226200020857, 46.98851599972602], [-89.11335299962956, 46.98905099978697], [-89.1140520003117, 46.98962799978817], [-89.11441999965942, 46.98983199982745], [-89.11472400033134, 46.99013000003526], [-89.11492900037075, 46.9906589997599], [-89.11513199986203, 46.99095300020551], [-89.11531500016014, 46.99110900022293], [-89.115572999903, 46.991328000221394], [-89.11622200035643, 46.99251800003014], [-89.11642999987056, 46.99312099989112], [-89.11661700036663, 46.99340999982399], [-89.11690299969858, 46.99368999976091], [-89.11723599978451, 46.99386199971252], [-89.11812799991219, 46.99400499977454], [-89.11844400027967, 46.99397100002583], [-89.11884199976463, 46.993888999822076], [-89.11958300027956, 46.993816999703824], [-89.1205289999356, 46.9936679999765], [-89.1210019997636, 46.99356200016431], [-89.1215280001934, 46.99335099987771], [-89.1221139999993, 46.993287000018135], [-89.1228320000497, 46.99322999987764], [-89.12286899985962, 46.98875300030371], [-89.12298199983752, 46.97532200026059], [-89.12301699999763, 46.97126199969869], [-89.12296199974605, 46.97084899982509], [-89.12300299975392, 46.966985999893296]]]}, "properties": {"NAME": "Ontonagon Reservation", "GEOID": "2580R", "_type": "reservation"}}, {"type": "Feature", "geometry": {"type": "MultiPolygon", "coordinates": [[[[-84.21750600000483, 46.46677099979553], [-84.21751100002771, 46.466485000129815], [-84.21268600041466, 46.466491000056024], [-84.20631299964954, 46.46649299982505], [-84.20634600015983, 46.46677499993163], [-84.20640600043428, 46.47016100011701], [-84.20030100035605, 46.47015499997661], [-84.19669500021054, 46.47014599976479], [-84.19668799963952, 46.47048300028741], [-84.19664199960877, 46.47275300013554], [-84.19659800012616, 46.473699000288406], [-84.19649699984382, 46.47730099970744], [-84.19650000021687, 46.477563000307335], [-84.21731000018625, 46.47758100013223], [-84.2173839998061, 46.474789000050095], [-84.21741499976824, 46.47132400019566], [-84.21748599991336, 46.46870199992103], [-84.21750600000483, 46.46677099979553]]], [[[-84.23908400025333, 46.48185100004844], [-84.23906199961371, 46.481834000001605], [-84.23908000005537, 46.479587999865906], [-84.23901399993314, 46.47713199993803], [-84.2314989996934, 46.47709999998113], [-84.23159400012794, 46.4818719997351], [-84.23908400025333, 46.48185100004844]]], [[[-84.32213900018294, 46.466521000295884], [-84.3221430003809, 46.46625899974655], [-84.32146100031554, 46.46620400026697], [-84.31732100024261, 46.46614300014915], [-84.31604400015047, 46.466052999992485], [-84.3162569996875, 46.46638899998308], [-84.31687900037673, 46.46768199984719], [-84.31802900024726, 46.47005699985864], [-84.31815700029378, 46.47041400027866], [-84.31838999992229, 46.47083599993194], [-84.31850799992307, 46.47104899998927], [-84.31912300004132, 46.47261599999019], [-84.31923699984414, 46.4728799997906], [-84.31813399982926, 46.47685299999009], [-84.31809600019442, 46.47719399980091], [-84.3182359999365, 46.477264999866456], [-84.31854300008317, 46.477331000175376], [-84.31938699963194, 46.47734199980666], [-84.31998000000887, 46.477349999762076], [-84.32142000030764, 46.47734300011048], [-84.32179299967821, 46.47731999992324], [-84.32181399959461, 46.47688399978001], [-84.3217769997847, 46.4762450000419], [-84.32185399977759, 46.473930999820055], [-84.32197199977837, 46.47140099988074], [-84.32200399956542, 46.47003999983916], [-84.32203799990062, 46.46936199993773], [-84.32210099964979, 46.46723400014052], [-84.32213900018294, 46.466521000295884]]]]}, "properties": {"NAME": "Sault Ste. Marie Reservation", "GEOID": "3635R", "_type": "reservation"}}, {"type": "Feature", "geometry": {"type": "MultiPolygon", "coordinates": [[[[-84.64058700014579, 46.45666299981212], [-84.64043099961187, 46.454677000297465], [-84.63905700033366, 46.45463900014026], [-84.63896699992198, 46.45462700015029], [-84.63877500030135, 46.45462700015029], [-84.63519599992001, 46.45461600026027], [-84.63519099989713, 46.45084200019137], [-84.63519900029306, 46.4494630000174], [-84.62780500042714, 46.449546999810714], [-84.62781100027492, 46.45483100023952], [-84.62728999986801, 46.45482599974592], [-84.61431800017857, 46.454623999842916], [-84.61415900016992, 46.43669900021873], [-84.6196569996275, 46.4368180000675], [-84.6196569996275, 46.43987500007138], [-84.63502199984273, 46.44015299976081], [-84.63499199970552, 46.438457999906845], [-84.63504199993423, 46.43447200012862], [-84.63498500003281, 46.434142999697116], [-84.63498400020791, 46.43304999998209], [-84.63493200032937, 46.432576999831056], [-84.63497699963689, 46.430572000207285], [-84.63493900000206, 46.429209999968506], [-84.6348569999863, 46.42861200000306], [-84.63488999959827, 46.427057000226405], [-84.63505199997996, 46.42573700005166], [-84.6294649999356, 46.42568799998013], [-84.62565700012371, 46.425668999700406], [-84.62207400044274, 46.42563899986453], [-84.62097700027564, 46.42563899986453], [-84.61984400012355, 46.42563999987997], [-84.61876399967491, 46.4256610001999], [-84.61515500005466, 46.42567299975987], [-84.614158000345, 46.42567799983373], [-84.61416199964464, 46.42552099977194], [-84.61417099986546, 46.425201000008904], [-84.61419900035287, 46.424886999781684], [-84.61415099977398, 46.42375500013188], [-84.61410700029136, 46.422143999800866], [-84.61409100039785, 46.419882000182774], [-84.6140179997046, 46.418494999808445], [-84.61383100010686, 46.41143800003802], [-84.60888900031796, 46.41143800003802], [-84.60883700043941, 46.41048899997336], [-84.60893799982344, 46.4081029998273], [-84.60900300012077, 46.40658899991546], [-84.60910400040311, 46.40421200009624], [-84.60339500016, 46.40425999985803], [-84.60020800031415, 46.4041629998829], [-84.5979029996519, 46.40415799969431], [-84.59744200041776, 46.40415900010373], [-84.59753000028131, 46.40674000029003], [-84.59761200029706, 46.407760000195395], [-84.59402000039525, 46.40775499971708], [-84.59370099965471, 46.40776500005382], [-84.59363899973043, 46.40780300007784], [-84.59350499983613, 46.407850999777004], [-84.59350300018632, 46.40803600011924], [-84.59350700038428, 46.412906000092256], [-84.59350599966105, 46.41387999980708], [-84.59374099983768, 46.41397699984488], [-84.5937979997391, 46.41400099977011], [-84.59384100029511, 46.41400399983747], [-84.59435299958288, 46.41404000001322], [-84.59479000032418, 46.41403800017614], [-84.59566999985799, 46.41427100021442], [-84.59775799988694, 46.41522300012035], [-84.59829799966211, 46.41579099988208], [-84.59861400002961, 46.41649699997665], [-84.59878599955874, 46.41670099979659], [-84.59889400041207, 46.41687300003541], [-84.59929299972194, 46.416991999821875], [-84.59958300015016, 46.41730399997542], [-84.60000900012253, 46.41792399987293], [-84.600281999934, 46.41835299987771], [-84.6004939996461, 46.41878399988612], [-84.60067399957116, 46.41925899985733], [-84.60077700040164, 46.41961899991465], [-84.60111100031247, 46.42033700010441], [-84.60106500028171, 46.42102900001096], [-84.6009799998929, 46.421340999977716], [-84.6006700002715, 46.421345999829676], [-84.6005289998062, 46.421464000289674], [-84.60051700011064, 46.421567999853615], [-84.60048399960036, 46.42158400005475], [-84.60060599979909, 46.4217190002488], [-84.60079900014294, 46.42187299986017], [-84.60111200013739, 46.42237699988167], [-84.60102599992365, 46.42249900026031], [-84.6010219997257, 46.42252599974889], [-84.60101599987792, 46.422566000159215], [-84.60103299959637, 46.42274100006141], [-84.6010359999694, 46.42277900017822], [-84.6009869995656, 46.422997999748745], [-84.60089799987715, 46.4232170002972], [-84.60075399993711, 46.42341199985854], [-84.60100300035744, 46.423543999699255], [-84.60103500014449, 46.42357099990875], [-84.60103400031957, 46.423709000289094], [-84.60151100034555, 46.42413000025581], [-84.60202799965617, 46.424683000246404], [-84.60224899958912, 46.424736000111025], [-84.6023590000923, 46.424815000105724], [-84.6024009999251, 46.42484499977583], [-84.60261199981228, 46.42490999983014], [-84.60276599979808, 46.42485800016441], [-84.6029010004156, 46.42466799974961], [-84.60305100020344, 46.424329999845135], [-84.60316699965607, 46.424217000223074], [-84.60329200022785, 46.42417999991234], [-84.60335499997704, 46.4242340003072], [-84.60330700029647, 46.424296999771485], [-84.60312999984613, 46.42434799993316], [-84.60293599967738, 46.42514199983012], [-84.60306399972391, 46.425298999745], [-84.60351800018366, 46.42566300022994], [-84.60368700023807, 46.42566500025991], [-84.60367999966707, 46.428969999691645], [-84.60367899984215, 46.429412999953065], [-84.60772699985354, 46.429412999953065], [-84.6085820001713, 46.42941599979161], [-84.60912399959628, 46.429404999763655], [-84.60909400035737, 46.42998099987595], [-84.60898100037947, 46.432826999778335], [-84.60896899978557, 46.43651099985011], [-84.60893299980056, 46.436512000285134], [-84.60373099972068, 46.436479000157405], [-84.60386200014024, 46.44201600016164], [-84.60373800029168, 46.44210799986058], [-84.60336599984771, 46.44239400005874], [-84.60094899993076, 46.444234000036104], [-84.5986130002047, 46.44609200010125], [-84.59812500030806, 46.44644500006891], [-84.59761499977182, 46.44684500001524], [-84.59750699981677, 46.446967000098276], [-84.59338000016265, 46.446988999871095], [-84.59477699990539, 46.44840099990249], [-84.5952759996727, 46.44897900018784], [-84.5962769995803, 46.449907999945644], [-84.59782499983409, 46.451079999742255], [-84.59916899987337, 46.45179700004504], [-84.60052299995841, 46.452303999837], [-84.60116700038897, 46.45266999971977], [-84.60202500018146, 46.453055999772054], [-84.60464700013779, 46.45438799990186], [-84.60596400041292, 46.45534500026126], [-84.607823000113, 46.456695000027125], [-84.60825800030618, 46.45729300000638], [-84.60888099992204, 46.45833599998289], [-84.6090759999157, 46.459144000047864], [-84.60946199970508, 46.460147999815355], [-84.60959999979734, 46.46082799997996], [-84.60986900030917, 46.46139499981037], [-84.60990399957096, 46.46143300020337], [-84.6100829996711, 46.46162899975758], [-84.61084500010244, 46.46272600021418], [-84.61159400011496, 46.463611000290285], [-84.61223099997451, 46.46450500011997], [-84.61295900007066, 46.46568800023805], [-84.61372399997673, 46.46639699969242], [-84.61433900009497, 46.46707099990696], [-84.61450999979918, 46.467321999843556], [-84.61472700043248, 46.46764000003133], [-84.61991500026866, 46.467638000304454], [-84.6200590002087, 46.468442000285776], [-84.62019399992792, 46.4692469999809], [-84.6202550000273, 46.46947999975926], [-84.62042400008168, 46.46993999987182], [-84.62051500031829, 46.470123000247895], [-84.63036999958375, 46.4701240000657], [-84.63018200016111, 46.46544500004126], [-84.63199400000553, 46.465441999711224], [-84.63198200030997, 46.46510799988283], [-84.63016799991739, 46.46509499981475], [-84.63005999996237, 46.4624460000889], [-84.63093000034871, 46.4624570002536], [-84.63093000034871, 46.461974000153894], [-84.6300409996958, 46.461972000218864], [-84.6300330001982, 46.46177400010079], [-84.63282800040689, 46.46178699972435], [-84.633913999805, 46.46180699975796], [-84.63510600040665, 46.46181900002211], [-84.63529800002726, 46.45832500022326], [-84.63569399986238, 46.458331999845534], [-84.6363929996462, 46.458331999845534], [-84.63871699967673, 46.458339000085736], [-84.63920299992353, 46.458331999845534], [-84.63918700003, 46.45669999973029], [-84.64058700014579, 46.45666299981212]]], [[[-84.23414400011427, 46.409228000141965], [-84.23410399993129, 46.409014000133794], [-84.23408100036507, 46.40894199993647], [-84.23396199964107, 46.40880500028789], [-84.23382000024915, 46.40870099991798], [-84.23342400041403, 46.40852000005206], [-84.23323400044325, 46.40839899969723], [-84.23319400026028, 46.40833900020493], [-84.23317900019165, 46.40820099994537], [-84.23326600023029, 46.40799299980104], [-84.23287000039517, 46.40768499978625], [-84.2327520003944, 46.40767999992048], [-84.23250600034712, 46.407877999705335], [-84.23224500023119, 46.40788399989406], [-84.23215800019256, 46.40784500020407], [-84.23214999979663, 46.40777899990277], [-84.23223699983528, 46.40773500027694], [-84.23229200008686, 46.40766399997531], [-84.23226100012471, 46.40762000025672], [-84.23208700004744, 46.40753200009369], [-84.23210299994098, 46.40748299976538], [-84.23218199958369, 46.40746600003304], [-84.23215800019256, 46.40739999989258], [-84.23207899965153, 46.407362000207236], [-84.23205500026039, 46.4072959999409], [-84.23198400011528, 46.4072350001212], [-84.23207899965153, 46.407163999788175], [-84.23214300012394, 46.40701000013539], [-84.23253899995906, 46.40691599993253], [-84.23264199989123, 46.40684999974599], [-84.23266600018066, 46.40669099986973], [-84.23244400042282, 46.40658100009315], [-84.23240500006476, 46.406520999839984], [-84.23212700023042, 46.40645499979496], [-84.23197700044258, 46.40621899993802], [-84.23186600011451, 46.40621399993789], [-84.23181099986293, 46.406175000292734], [-84.23181099986293, 46.406060000080814], [-84.23173999971782, 46.40592800003425], [-84.23181900025884, 46.4057910002488], [-84.23240599988966, 46.40569699980362], [-84.2325480001799, 46.405652999737285], [-84.232611999754, 46.4055590002932], [-84.232611999754, 46.40543800018383], [-84.23249299992831, 46.405230000034145], [-84.2325490000048, 46.404954999935086], [-84.23246199996618, 46.40481200027729], [-84.23229600028482, 46.4046309998957], [-84.23212200020754, 46.40448800000801], [-84.23187699998516, 46.40434000019307], [-84.23184000017524, 46.404294999864184], [-84.23181300041107, 46.40426299984174], [-84.23193200023674, 46.40409300029825], [-84.2319640000238, 46.40399900002444], [-84.23193999973435, 46.40389999999588], [-84.23178200044893, 46.403796000185324], [-84.23164799965632, 46.4037799997204], [-84.2315129999371, 46.403724999712416], [-84.23136300014926, 46.40362599980605], [-84.23104599995686, 46.4035770003053], [-84.2309430000247, 46.403510999795664], [-84.23097499981174, 46.40333499969822], [-84.23084000009254, 46.4032530001347], [-84.23116499978255, 46.40318699985257], [-84.23114200021632, 46.40308200011206], [-84.230816999628, 46.403000000168255], [-84.2306900003047, 46.40293400019954], [-84.23061099976368, 46.40284100022072], [-84.23039800022666, 46.40277500005964], [-84.23036800008943, 46.4027319999305], [-84.23030299979212, 46.402637999789484], [-84.2301680000729, 46.40256100013323], [-84.2301680000729, 46.40252300017433], [-84.23026299960914, 46.40248399974883], [-84.23031100018802, 46.40241300004627], [-84.23020800025587, 46.4023469999869], [-84.22977300006268, 46.40218199979883], [-84.22966199973459, 46.402051000108855], [-84.22965400023698, 46.40202299994519], [-84.22979700035212, 46.40200099998346], [-84.23028799972349, 46.402099999741274], [-84.23039099965565, 46.402076999982484], [-84.23059599969507, 46.402094000155245], [-84.2307389998102, 46.4021539997024], [-84.23076999977233, 46.40220400030701], [-84.23086500020689, 46.402180999972636], [-84.23095300007044, 46.40223099993307], [-84.23100800032203, 46.402213999802996], [-84.23110299985827, 46.40213199979349], [-84.23184699984793, 46.4020709997745], [-84.23206100010819, 46.4019939999375], [-84.23245000027059, 46.401790000238144], [-84.23274999984625, 46.401790000238144], [-84.23270700018855, 46.40171799979774], [-84.23014700015649, 46.40172300020997], [-84.22983900018492, 46.40172199975588], [-84.22355699965638, 46.40172199975588], [-84.22344399967848, 46.40172000008661], [-84.22330700030945, 46.40171900025191], [-84.22314099972976, 46.39762500001647], [-84.22311300014069, 46.39463299982028], [-84.22028500032002, 46.39462999992661], [-84.21807900029029, 46.39463399978484], [-84.2180950001838, 46.39748199973132], [-84.21445300005327, 46.39745500023331], [-84.20742300023542, 46.39737199997184], [-84.20740899999173, 46.39986399971697], [-84.2073579999381, 46.40523800005454], [-84.20731500028037, 46.41243999974351], [-84.21770900039442, 46.412236000086864], [-84.21796999961202, 46.4052700001245], [-84.22546200028555, 46.40529700009151], [-84.226248000108, 46.41015399977972], [-84.23151600031015, 46.409974999766476], [-84.23292399992353, 46.409868999779306], [-84.23273399995273, 46.409729000298576], [-84.23267000037863, 46.409646999816445], [-84.23263100002058, 46.40948200002873], [-84.23255999987546, 46.40945999997804], [-84.23229000043705, 46.40954800012758], [-84.23217999993386, 46.40925200029894], [-84.23221900029192, 46.409191000189004], [-84.23229899975955, 46.409152999893124], [-84.2324019996917, 46.40917500006765], [-84.23259900023352, 46.40928999990645], [-84.23273399995273, 46.40927900015319], [-84.23275800024219, 46.40916299997356], [-84.2328290003873, 46.409107999818225], [-84.23285299977842, 46.408964999898025], [-84.2327740001357, 46.40881699984133], [-84.23267899970115, 46.40879500014182], [-84.23266299980763, 46.40870200024409], [-84.2327029999906, 46.40866900000252], [-84.23285299977842, 46.4086850002723], [-84.23317800036673, 46.40878900005331], [-84.23335200044401, 46.40882200022228], [-84.23349499966083, 46.40881699984133], [-84.23354999991243, 46.4088600001294], [-84.23352599962297, 46.40899799996052], [-84.23345500037618, 46.40903599974498], [-84.23335999994164, 46.409047000166645], [-84.2332169998265, 46.40922899983905], [-84.23307500043458, 46.40930599999407], [-84.23303500025162, 46.40947600001579], [-84.23314599968138, 46.40950899976913], [-84.23370800009617, 46.40947600001579], [-84.2339929996032, 46.40927799983766], [-84.23414400011427, 46.409228000141965]]], [[[-84.42452799979817, 46.37622100011434], [-84.423691999747, 46.37444299969874], [-84.42131099981509, 46.37448399975942], [-84.41737300030687, 46.37452299974325], [-84.41740799956865, 46.37516599994273], [-84.41738599982733, 46.37529600001626], [-84.41734700036758, 46.37540099992127], [-84.41726000032894, 46.37551299996924], [-84.41714800017596, 46.37561200005834], [-84.4169969996649, 46.3757149999731], [-84.41656900004273, 46.375971000309626], [-84.41510299980469, 46.37673899969645], [-84.41471899966514, 46.376954000155834], [-84.41458599959576, 46.37704299972351], [-84.41438599957921, 46.377190999825466], [-84.41419300013368, 46.37735099980267], [-84.41400999983557, 46.377516999740614], [-84.41385300037506, 46.37768799992926], [-84.41371699993262, 46.37785700027821], [-84.41361900002333, 46.378001000195795], [-84.41313600014958, 46.37894899993484], [-84.41260999971979, 46.38056000019319], [-84.4121179996252, 46.38187199978463], [-84.41156299978144, 46.3830860002542], [-84.42284700037332, 46.38294200011396], [-84.42279600031968, 46.377136999952], [-84.42371299966341, 46.377136999952], [-84.42366199960978, 46.37622100011434], [-84.42452799979817, 46.37622100011434]]], [[[-84.21815999958281, 46.39140799971604], [-84.21812799979577, 46.39081099969672], [-84.21654799975494, 46.39088599975892], [-84.21638200007358, 46.3908549999605], [-84.21588199958306, 46.39078500003113], [-84.21581600035914, 46.39077599971504], [-84.21457000022913, 46.39076800005246], [-84.21096800028157, 46.39077100015842], [-84.21042699978318, 46.3907720001937], [-84.20749000018257, 46.390781999925935], [-84.20744499997672, 46.391884000210524], [-84.20746199969517, 46.392028000307576], [-84.20746500006823, 46.39292400022248], [-84.20744599980164, 46.394589000124114], [-84.21448800021336, 46.3946420001199], [-84.21459299979534, 46.39464000019111], [-84.21807900029029, 46.39463399978484], [-84.21815999958281, 46.39140799971604]]], [[[-84.57797899996241, 46.389703999779144], [-84.57796399989378, 46.38569600024776], [-84.57212900015232, 46.38560300001229], [-84.57215799956631, 46.389666000160304], [-84.57797899996241, 46.389703999779144]]]]}, "properties": {"NAME": "Bay Mills Reservation", "GEOID": "0170R", "_type": "reservation"}}, {"type": "Feature", "geometry": {"type": "Polygon", "coordinates": [[[-85.26537400019738, 42.10825800031404], [-85.26537300037246, 42.104532000061454], [-85.2653690001745, 42.10445500017814], [-85.26528399978568, 42.10239400022263], [-85.26521900038668, 42.10080300010091], [-85.26170399957945, 42.10080000009519], [-85.26135200012526, 42.10080200032121], [-85.26034399964662, 42.100799000315455], [-85.26033799979885, 42.10158900003159], [-85.2603350003241, 42.10176500015645], [-85.26030199981383, 42.10410799968213], [-85.25986199959779, 42.10410799968213], [-85.2596099997027, 42.10410799968213], [-85.25929000003555, 42.10410799968213], [-85.25905400003401, 42.10410799968213], [-85.25900100033056, 42.10410799968213], [-85.25721299987725, 42.10410699995454], [-85.25675500011786, 42.10410699995454], [-85.25562600016373, 42.104087000067516], [-85.25559900039954, 42.10728600003411], [-85.25560000022445, 42.107557999694365], [-85.25560299969919, 42.10819700023426], [-85.26019899988167, 42.10822700011698], [-85.26401599991439, 42.1082479996932], [-85.26537400019738, 42.10825800031404]]]}, "properties": {"NAME": "Huron Potawatomi Reservation", "GEOID": "1550R", "_type": "reservation"}}, {"type": "Feature", "geometry": {"type": "MultiPolygon", "coordinates": [[[[-84.92152000008267, 45.442927999835206], [-84.92154400037211, 45.43513700005379], [-84.9214580001584, 45.43513700005379], [-84.9196429999409, 45.43513400015882], [-84.9147990000613, 45.43512900012339], [-84.91478399999268, 45.43648099999439], [-84.91479099966537, 45.438640000139266], [-84.91479499986333, 45.439761000112426], [-84.91479700041148, 45.44011200019246], [-84.9147990000613, 45.44056100002791], [-84.91481199958179, 45.44287499995076], [-84.91481199958179, 45.44293099994607], [-84.92152000008267, 45.442927999835206]]], [[[-84.73401000025018, 45.769564000021255], [-84.73400799970204, 45.76928400030786], [-84.73400600005222, 45.769008000172576], [-84.73362399956248, 45.769008000172576], [-84.73253899998929, 45.769008000172576], [-84.73253899998929, 45.76906600030525], [-84.73253700033946, 45.76928400030786], [-84.73253999981418, 45.76954900008344], [-84.73401000025018, 45.769564000021255]]], [[[-84.88256899995591, 45.40204000011212], [-84.88244599993226, 45.40196499971482], [-84.88214499963338, 45.40172399995079], [-84.88174999962317, 45.40140700019273], [-84.88130299973442, 45.40109699989908], [-84.88044900013989, 45.401443999967704], [-84.880224000009, 45.40154999992178], [-84.880632000438, 45.40205399983886], [-84.88134799994026, 45.40241900005028], [-84.88256899995591, 45.40204000011212]]], [[[-84.88406699998099, 45.63326699980538], [-84.88406600015607, 45.629726999724895], [-84.87388200010432, 45.62974200015702], [-84.87388200010432, 45.630224000053765], [-84.87387100023366, 45.63289300009091], [-84.87387000040874, 45.63322700011299], [-84.87438900026753, 45.633229000129674], [-84.88381300043608, 45.63326599979773], [-84.88406699998099, 45.63326699980538]]], [[[-84.90842000034671, 45.39026999999244], [-84.90835199967633, 45.38905699999135], [-84.90832200043741, 45.389058999871324], [-84.90826200016295, 45.389064000201785], [-84.90815800040586, 45.389076000109895], [-84.90817199975127, 45.389302999836616], [-84.90817799959905, 45.38967000026227], [-84.90799199982622, 45.38966699984388], [-84.90761299970953, 45.38965999970813], [-84.90762299975526, 45.38975299999892], [-84.90765600026555, 45.390063999995576], [-84.90780100003052, 45.390279999807774], [-84.90842000034671, 45.39026999999244]]], [[[-84.91459400002189, 45.751717999847266], [-84.91459200037207, 45.75100399984131], [-84.9142509998902, 45.751018999751], [-84.91393799989578, 45.75102099994759], [-84.91388299964419, 45.75102099994759], [-84.91387400032167, 45.75196200018873], [-84.91392700002511, 45.75197399991082], [-84.914116000171, 45.75204399990983], [-84.91426199976087, 45.75213100021606], [-84.91459400002189, 45.751717999847266]]], [[[-84.96767500010455, 45.34860800004956], [-84.96769000017316, 45.34844899979837], [-84.96583800014577, 45.348483000068306], [-84.96582300007715, 45.349904999901796], [-84.96582300007715, 45.34999999992503], [-84.96755399973074, 45.34999899992562], [-84.96755499955563, 45.34991899991521], [-84.96765300036326, 45.34884500019054], [-84.96767500010455, 45.34860800004956]]], [[[-84.97065500026119, 45.36688100017125], [-84.97065400043627, 45.36662499974129], [-84.96947400042852, 45.36664999995019], [-84.96947299970529, 45.366900000169295], [-84.96946799968244, 45.36702699989274], [-84.97065199988813, 45.36700399987949], [-84.97065500026119, 45.36688100017125]]], [[[-84.97086299977533, 45.35565099979207], [-84.97087500036922, 45.35483999968759], [-84.96828000017706, 45.3548620003139], [-84.96847099997277, 45.355415000278796], [-84.96857499972982, 45.355655999920884], [-84.96866699979134, 45.355870000096935], [-84.96886400033316, 45.356302000098516], [-84.96893299993013, 45.35645300003721], [-84.96913799996953, 45.3564389997463], [-84.97074800014761, 45.356425999969055], [-84.97085100007976, 45.356436999975], [-84.97085299972959, 45.35630100021045], [-84.97085600010264, 45.35605699985071], [-84.97086299977533, 45.35565099979207]]], [[[-84.98562299991809, 45.35230300031235], [-84.98562700011605, 45.352033000083125], [-84.98285500037188, 45.352032000119635], [-84.9805199995724, 45.35203000019261], [-84.98052100029562, 45.350427999946426], [-84.98053899983897, 45.34844699974469], [-84.97740600041978, 45.348449999825164], [-84.97553000010292, 45.348451999878705], [-84.97552500008005, 45.348823999770616], [-84.97548400007217, 45.35201600007], [-84.97547999987421, 45.35231099998152], [-84.97546999982848, 45.35312300029005], [-84.97545499975985, 45.353830000001054], [-84.97545300011004, 45.35392100002853], [-84.97637600019983, 45.35392000009839], [-84.97637799984967, 45.3544030002799], [-84.9754439998892, 45.354400999805385], [-84.97541799994994, 45.3556499998925], [-84.98047299971674, 45.35567800022999], [-84.98049799983107, 45.35567800022999], [-84.98049500035636, 45.35388899973035], [-84.98560700002456, 45.35389599987601], [-84.98561100022252, 45.353688999981586], [-84.98561399969725, 45.3528880002831], [-84.98562299991809, 45.35230300031235]]], [[[-84.99040999989627, 45.478797000278185], [-84.9904040000485, 45.47565500006747], [-84.99040300022358, 45.47528300000192], [-84.99039800020071, 45.47151100002936], [-84.98960999983011, 45.47151100002936], [-84.98525899987001, 45.47151500024988], [-84.98530300025094, 45.47880099998159], [-84.99024099984187, 45.478797000278185], [-84.99033899975117, 45.478797000278185], [-84.99040999989627, 45.478797000278185]]], [[[-85.03683199988185, 45.57737300000233], [-85.03686000036926, 45.57265999997356], [-85.03548100016988, 45.57266399992577], [-85.03175200000071, 45.57263899974791], [-85.03178499961267, 45.57384699987083], [-85.0317729999171, 45.574795000166034], [-85.03178200013794, 45.57553300029367], [-85.03188400024519, 45.57974899997687], [-85.03441499996492, 45.57974499990049], [-85.03451799989709, 45.57974499990049], [-85.0348419997622, 45.57974400019571], [-85.03651200021473, 45.57974699993869], [-85.03682199983612, 45.57975999987101], [-85.03682900040712, 45.57805799982278], [-85.03683199988185, 45.57737300000233]]], [[[-85.12222099988773, 45.351650000146066], [-85.12222699973552, 45.35029400024941], [-85.12011699996525, 45.35027999969743], [-85.11721799999945, 45.35027299973578], [-85.11689900015723, 45.35027099974654], [-85.11684100043091, 45.35056499992584], [-85.11684999975344, 45.351458999823755], [-85.11684899992852, 45.352268999811955], [-85.11685599960121, 45.35400199999237], [-85.11686300017223, 45.35548200010155], [-85.11684499973056, 45.35760600006681], [-85.1215770003555, 45.35762099993373], [-85.12222300043587, 45.357623000294424], [-85.1222259999106, 45.35695799987313], [-85.12222099988773, 45.351650000146066]]], [[[-85.13272499960661, 45.37249500008857], [-85.1327229999568, 45.371876999784654], [-85.1327229999568, 45.3718420000729], [-85.13246000019107, 45.37182299984164], [-85.1320409998914, 45.37179300006141], [-85.13072799981425, 45.37168600021071], [-85.1306819997835, 45.371681000236315], [-85.13032399958323, 45.371648999884954], [-85.13010900039637, 45.37163000021998], [-85.13011299969601, 45.37189200028554], [-85.13025400016133, 45.37188400022927], [-85.13040099957611, 45.37186800011326], [-85.13050299968336, 45.371830000292945], [-85.13076999964704, 45.37178300013111], [-85.1309699996636, 45.37182599994501], [-85.13209899961774, 45.3722030000983], [-85.13272499960661, 45.37249500008857]]], [[[-85.50916000035433, 45.74859500027056], [-85.50911099995054, 45.74846599970102], [-85.50870800044271, 45.74846799998911], [-85.50872000013828, 45.74859600009886], [-85.50916000035433, 45.74859500027056]]]]}, "properties": {"NAME": "Little Traverse Bay Reservation", "GEOID": "1963R", "_type": "reservation"}}, {"type": "Feature", "geometry": {"type": "MultiPolygon", "coordinates": [[[[-90.82259999980984, 46.58851000011999], [-90.82260999985557, 46.587749999797424], [-90.8221599995938, 46.587759999805826], [-90.82212399960878, 46.587759999805826], [-90.82138999966486, 46.587759999805826], [-90.82072000019335, 46.587759999805826], [-90.82066599976667, 46.587759999805826], [-90.82050199973514, 46.587759999805826], [-90.82036000034324, 46.587759999805826], [-90.82030400026673, 46.58775900029896], [-90.82018100024308, 46.58775900029896], [-90.81890999999874, 46.587752000046166], [-90.81850999996564, 46.587749999797424], [-90.81669999977105, 46.587739999787125], [-90.81645000042408, 46.587739999787125], [-90.8150989998138, 46.58772900026757], [-90.81382900029267, 46.587719999761006], [-90.8130290002265, 46.587713000120544], [-90.81250000032199, 46.58770999974517], [-90.81205000006018, 46.58770999974517], [-90.81062900002802, 46.58769300008445], [-90.81034000032302, 46.587689999708026], [-90.80982999978676, 46.58767000028083], [-90.80905700038309, 46.587642999962], [-90.80866099964965, 46.587635000185074], [-90.80783200016948, 46.58762000013716], [-90.80700000031625, 46.58760500008505], [-90.80515400013665, 46.58759299979342], [-90.80398499999953, 46.58758700026399], [-90.80352999971487, 46.58757799973389], [-90.80216499975919, 46.58755499988142], [-90.80171000037284, 46.587547000091504], [-90.80169899960386, 46.58697300004502], [-90.80168600008338, 46.58619799995646], [-90.80166299961886, 46.585253000203124], [-90.80165000009836, 46.584680000124735], [-90.80166000014412, 46.58454999989331], [-90.80166099996903, 46.58448999996631], [-90.8016790004107, 46.583919999817226], [-90.8016800002356, 46.5839099997178], [-90.8016800002356, 46.58373000008217], [-90.80183900024426, 46.58344099995903], [-90.80183900024426, 46.5833520002603], [-90.80184099989408, 46.58293099976059], [-90.80185500013779, 46.58041199969738], [-90.80186000016066, 46.57957299999042], [-90.80184599991696, 46.57837799994386], [-90.80183000002343, 46.57690900021499], [-90.80182599982545, 46.57654500008065], [-90.80180599973399, 46.57479499997471], [-90.80179300021351, 46.57360099999239], [-90.80179300021351, 46.573590000074105], [-90.80179300021351, 46.57355899984333], [-90.80179400003843, 46.57354900030294], [-90.80180499990907, 46.57257299973151], [-90.80181400012991, 46.57140800023919], [-90.8018640003586, 46.5649849999897], [-90.80188100007705, 46.56284399971338], [-90.80186000016066, 46.559223000023216], [-90.80185900033575, 46.55897800004665], [-90.80184799956677, 46.55225600025922], [-90.80184099989408, 46.54836299980464], [-90.80183599987122, 46.54474299974433], [-90.8018219996275, 46.541215999890696], [-90.80178200034285, 46.530636999851154], [-90.80176999974897, 46.52724099970611], [-90.80176999974897, 46.52717600001311], [-90.80176999974897, 46.52711100024237], [-90.80175999970322, 46.527047999791264], [-90.80174999965749, 46.526984999885165], [-90.80174899983257, 46.52690799976339], [-90.80174899983257, 46.52679699974087], [-90.80167699986255, 46.52657700028437], [-90.80166900036494, 46.52639100000381], [-90.80168500025847, 46.526310000190996], [-90.80169199993115, 46.52628100018284], [-90.80179499986332, 46.52614100003239], [-90.80177399994693, 46.52123400029817], [-90.80171100019774, 46.50651299975814], [-90.80169000028134, 46.50160600013719], [-90.80133100025614, 46.50160600013719], [-90.80025400018056, 46.50160600013719], [-90.79989599998025, 46.50160600013719], [-90.7996809998951, 46.501602999945725], [-90.7991469999677, 46.5015970001807], [-90.79914799979262, 46.500657000162484], [-90.79909099989122, 46.4936059999312], [-90.79908000002055, 46.49264899991708], [-90.79896700004265, 46.48738900013872], [-90.79883800017124, 46.479153000226596], [-90.79880499966094, 46.47322599979275], [-90.79879600033844, 46.47174999998799], [-90.79880999968383, 46.46582599977518], [-90.7988149997067, 46.463141999774365], [-90.79882999977531, 46.457290999899456], [-90.79881600042992, 46.457290999899456], [-90.79891199979107, 46.45674099987786], [-90.79882999977531, 46.442874000176985], [-90.7988149997067, 46.44159399995561], [-90.798772000049, 46.437924000104374], [-90.79877000039917, 46.4377570002408], [-90.79875500033054, 46.43647799972174], [-90.79875299978242, 46.43628800018869], [-90.79874100008685, 46.43534999992153], [-90.79874000026194, 46.43526400022688], [-90.79869500005611, 46.43162299973237], [-90.79868099981239, 46.43045999982996], [-90.79867999998748, 46.43040999974199], [-90.79868099981239, 46.430366999728726], [-90.79869300040627, 46.42931400023502], [-90.79873100004112, 46.42602800015027], [-90.79874500028481, 46.4249329998689], [-90.79874100008685, 46.424849999925684], [-90.79872900039129, 46.424599999922556], [-90.79872500019333, 46.424518000127584], [-90.79866999994175, 46.42398600004762], [-90.7985050000853, 46.422390000239545], [-90.79844999983372, 46.42185799982865], [-90.79844999983372, 46.421769999725925], [-90.79844999983372, 46.42150699989528], [-90.79844999983372, 46.42141999993807], [-90.79844999983372, 46.42120999985384], [-90.79844499981084, 46.42100700028335], [-90.79842999974224, 46.42027999984315], [-90.79841300002379, 46.41977100025728], [-90.798399999605, 46.41936000013909], [-90.798399999605, 46.419239999814046], [-90.79838999955926, 46.41895000015736], [-90.79838100023673, 46.41835699985463], [-90.79838000041184, 46.418229999978934], [-90.79838000041184, 46.417590000302624], [-90.7983700003661, 46.41664999991315], [-90.7983500002746, 46.41606999999598], [-90.79833400038109, 46.415350000187], [-90.79831400028958, 46.414348000064045], [-90.79831000009162, 46.41416000001467], [-90.79409499967565, 46.414131999872815], [-90.79051500036772, 46.41415500012309], [-90.78938999971324, 46.414161000240654], [-90.7836289995916, 46.41420400003162], [-90.78101199965812, 46.414224000196484], [-90.77767599984934, 46.41423899985081], [-90.77307299999416, 46.41424600018356], [-90.76875200017128, 46.41425299989611], [-90.76845900026832, 46.41425299989611], [-90.76827799962005, 46.41425299989611], [-90.76775100026367, 46.414254000120394], [-90.76767000007283, 46.414254000120394], [-90.76220100002924, 46.41426099983187], [-90.76059699969895, 46.41426300028012], [-90.75719399994301, 46.414266999937766], [-90.756933999652, 46.414266999937766], [-90.7560370003998, 46.414268999766456], [-90.7520110001297, 46.41427699969987], [-90.74948600025773, 46.414268999766456], [-90.74844400034225, 46.41426599971372], [-90.74733299993144, 46.41423299974182], [-90.74684500003482, 46.41423000030645], [-90.74460300002008, 46.41423299974182], [-90.74175599993282, 46.41423599979642], [-90.73680800029616, 46.41424100029991], [-90.73142700011611, 46.41419900014407], [-90.72789600031368, 46.41417200024803], [-90.71939900043289, 46.41410600017059], [-90.71608600019032, 46.41408100006408], [-90.71456899989866, 46.4140969999849], [-90.71396700019922, 46.41410399971657], [-90.70774599977004, 46.414169999796435], [-90.70247300044338, 46.41422600002675], [-90.69548499956, 46.414301000112474], [-90.69387600010515, 46.41430799981792], [-90.6936200000121, 46.41430799981792], [-90.68503199989472, 46.4143409997444], [-90.67980600042371, 46.4143700000011], [-90.67690599973469, 46.41438700005901], [-90.67464600017662, 46.41439900024242], [-90.67258099971387, 46.41441000020179], [-90.67039099957766, 46.41441999993768], [-90.66625300005289, 46.41444499988878], [-90.66392099962646, 46.414455999838864], [-90.65928099996137, 46.41449299993614], [-90.65850500018463, 46.41449900001652], [-90.65331300015048, 46.414539999722294], [-90.65109600025009, 46.41450099983675], [-90.64934899980469, 46.41446999982841], [-90.64924099984965, 46.41446800000705], [-90.64902800031263, 46.41446399974485], [-90.64815399972831, 46.41444799993166], [-90.64522200015058, 46.41439600019679], [-90.6430339996642, 46.41435700020826], [-90.63791399960006, 46.41425100006679], [-90.63279199988611, 46.41414499971928], [-90.62876200031637, 46.41411900002325], [-90.62750299976757, 46.41411100006661], [-90.62727799963668, 46.4141099998397], [-90.62705099985595, 46.41410800000518], [-90.62689000019748, 46.41410699977822], [-90.6268290000981, 46.41410699977822], [-90.62333799958031, 46.41405799978255], [-90.62200600013492, 46.41403099981669], [-90.61888500041128, 46.41398299998203], [-90.61655299998485, 46.4139449999281], [-90.61532699994633, 46.41392200020855], [-90.61236600005628, 46.41385700006012], [-90.61140899963128, 46.41386899974081], [-90.60637800015392, 46.413869999972135], [-90.60348699968576, 46.413869999972135], [-90.6029479997355, 46.41387100020344], [-90.57762100012467, 46.41391499983421], [-90.56918000032036, 46.41393000019287], [-90.56884999970917, 46.413940000016815], [-90.5683660000105, 46.413949999838884], [-90.56791999994667, 46.41396000027851], [-90.56729999980556, 46.41396000027851], [-90.56592300015431, 46.413968000257256], [-90.5656200002056, 46.41397000009695], [-90.56523000021825, 46.413979999913515], [-90.56510999966935, 46.41398999972829], [-90.5636920000102, 46.41399099995739], [-90.55943999978432, 46.41399799970264], [-90.55808400004946, 46.414000000160534], [-90.55802299995008, 46.414000000160534], [-90.5579600002009, 46.414000000160534], [-90.55618799964112, 46.41400699990462], [-90.55068299961252, 46.41403200004505], [-90.54884900002678, 46.41404100024146], [-90.54884300017899, 46.415253000113985], [-90.54882599956224, 46.4188889997471], [-90.5488210004377, 46.420008999926345], [-90.54882399991241, 46.42006599985163], [-90.5488220002626, 46.42010100024338], [-90.5488210004377, 46.42014900026636], [-90.54881399986668, 46.421718000161434], [-90.54879299995028, 46.426573000096624], [-90.54878700010251, 46.42810900000997], [-90.54878700010251, 46.428192999913136], [-90.54878700010251, 46.428207000090815], [-90.54877500040693, 46.4302939999309], [-90.54874000024684, 46.43659900030099], [-90.54872900037618, 46.43870099982682], [-90.54872600000313, 46.439152000230095], [-90.54872000015536, 46.44050399972752], [-90.5487179996072, 46.44095599979819], [-90.5487030004369, 46.44399899993802], [-90.54868599982015, 46.44755000005056], [-90.54865900005598, 46.453132999923376], [-90.54864599963719, 46.45617800014885], [-90.54863499976653, 46.45814299982699], [-90.54860899982727, 46.46341499982727], [-90.54860600035254, 46.46403799973976], [-90.54859700013172, 46.46595699970265], [-90.54859799995661, 46.46600500017808], [-90.54859700013172, 46.46606300015473], [-90.54859299993375, 46.4668419998475], [-90.54858000041327, 46.4693530002135], [-90.54857600021532, 46.47019200000684], [-90.5485750003904, 46.47031500019405], [-90.54857299984225, 46.47068299989916], [-90.54857299984225, 46.470807000019434], [-90.54856399962142, 46.47255899996363], [-90.54853799968215, 46.47781400011203], [-90.54853000018457, 46.47956699991628], [-90.54852099996373, 46.48094800028744], [-90.5484990002224, 46.48509800004315], [-90.54849400019955, 46.48648200021464], [-90.54848499997871, 46.48818299984366], [-90.5484620004125, 46.493287999952976], [-90.5484559996664, 46.49499200003575], [-90.5484489999937, 46.49636300013772], [-90.54843200027526, 46.49994700009131], [-90.54846999991008, 46.500476000202724], [-90.54848300032889, 46.50064700017363], [-90.54968099988, 46.50072700003318], [-90.54974100015444, 46.50073000027298], [-90.54992199990441, 46.500741999993764], [-90.54998300000379, 46.500746999979704], [-90.54997899980583, 46.50309900025895], [-90.54997499960787, 46.50673800013648], [-90.54997100030822, 46.51015500019275], [-90.54997100030822, 46.51022100016574], [-90.54996799993518, 46.51250799989612], [-90.54996700011026, 46.512970999927425], [-90.54996600028535, 46.51304800002011], [-90.54996399973722, 46.51467099981553], [-90.54996399973722, 46.51521199969142], [-90.54996200008739, 46.517197999755545], [-90.54995399969147, 46.523156000212424], [-90.54995299986655, 46.52511499988229], [-90.54995200004166, 46.525142999852044], [-90.54995000039183, 46.52603899991628], [-90.54994600019387, 46.528728999770145], [-90.54994600019387, 46.52961900025396], [-90.54994299982081, 46.531538999691215], [-90.54993600014812, 46.53728000018867], [-90.5499350003232, 46.53919400011902], [-90.54993299977508, 46.54024199980154], [-90.54992899957712, 46.5433859998188], [-90.5499279997522, 46.544092000245364], [-90.54918299993761, 46.544088000233806], [-90.53767900013601, 46.544017999983794], [-90.53456000006221, 46.54399700020011], [-90.52686099969945, 46.54393800020535], [-90.5243640003149, 46.543840000177134], [-90.52110799997375, 46.54370200020308], [-90.5194500001151, 46.54363099975296], [-90.51675000034096, 46.54351700019347], [-90.51531099986711, 46.543517999898], [-90.51286600036109, 46.54351999992479], [-90.51121099997717, 46.543517999898], [-90.51027500036687, 46.54353699984083], [-90.50916399995609, 46.54352300027382], [-90.50637499959518, 46.54352500030048], [-90.5055240003737, 46.54355500007323], [-90.50243899973677, 46.5436940001222], [-90.49971399984825, 46.54376200015431], [-90.49584199956396, 46.54389999997585], [-90.49136199973242, 46.54399300018156], [-90.4877690000057, 46.54398799984898], [-90.485931000222, 46.54410400027832], [-90.48577200021334, 46.54410600028351], [-90.48577800006112, 46.54397999981024], [-90.48462399999264, 46.5439779998004], [-90.48332199978613, 46.54397500009438], [-90.48330300041786, 46.544856000138736], [-90.48323399992258, 46.548404999692906], [-90.48306300021835, 46.557017999942204], [-90.48303200025623, 46.558414000078685], [-90.48308300030985, 46.562466000054], [-90.48320999963315, 46.57260099993192], [-90.4832489999912, 46.57757600008298], [-90.48325700038711, 46.57859899974865], [-90.48375399960626, 46.57882199984845], [-90.48391400033815, 46.57889400024131], [-90.48552799981587, 46.57974599979221], [-90.48590899958236, 46.57985499970151], [-90.48605699972038, 46.57993599990572], [-90.48644900025586, 46.58015200006446], [-90.48692600028184, 46.58035000022584], [-90.48714899986459, 46.58046499985668], [-90.48762599989057, 46.58075600029741], [-90.48810299991655, 46.580976000039435], [-90.48842099993385, 46.581096999825746], [-90.48896099970904, 46.58141499969134], [-90.48927899972634, 46.58156900020238], [-90.48978800043767, 46.58185499972639], [-90.49058299958266, 46.58219500014228], [-90.49137699980105, 46.582459000127784], [-90.49188599961407, 46.58268900007763], [-90.49224399981435, 46.58289800012004], [-90.49264899987033, 46.58317300021566], [-90.49295799966679, 46.58330100024912], [-90.49341200012654, 46.58345799971836], [-90.49365899999874, 46.5835679997756], [-90.49411199973528, 46.58391399988127], [-90.4943660001785, 46.58405099989989], [-90.49490599995367, 46.584282000075625], [-90.49520100040476, 46.58438599981199], [-90.49525699958296, 46.584398999765014], [-90.49622599970351, 46.58488099971701], [-90.49679800016405, 46.58522100029485], [-90.49733899976412, 46.5854959997198], [-90.49800699958581, 46.58592399992907], [-90.49854700025931, 46.586181999974904], [-90.49899199959991, 46.586446000301265], [-90.49924699986802, 46.586566000080715], [-90.50016199956193, 46.587162000008725], [-90.50063399956504, 46.58736799969881], [-90.50126899977475, 46.587764000302585], [-90.50174599980073, 46.58798400000533], [-90.50203200003101, 46.58814899981377], [-90.50261299981405, 46.58837999981302], [-90.50292199961052, 46.588600000102325], [-90.50322399973432, 46.58886399976477], [-90.50358100010968, 46.589020999791465], [-90.50394199978471, 46.58920099976188], [-90.50408200042513, 46.58927099976042], [-90.50417799978628, 46.58933599981041], [-90.50459100023814, 46.58950699975961], [-90.50516399962527, 46.58962800026056], [-90.50552199982556, 46.589664999864915], [-90.50572000019228, 46.58971600006235], [-90.50594199995012, 46.58974400005356], [-90.50657799998477, 46.589732999705966], [-90.50683300025288, 46.589749999961555], [-90.50772299983242, 46.589958999944685], [-90.50804099984974, 46.58999700002336], [-90.50873999963356, 46.59004099995126], [-90.50982199973204, 46.59002000007434], [-90.51039400019256, 46.589948999724584], [-90.51147600029104, 46.589728999971875], [-90.5118889998446, 46.58968599987939], [-90.5126839998879, 46.589565000125276], [-90.51395599995715, 46.58919699998852], [-90.51417900043823, 46.589148000117326], [-90.51466399996183, 46.58899400014559], [-90.51554699986866, 46.58867600028665], [-90.516373999699, 46.58840199982038], [-90.51799599957265, 46.58803999991056], [-90.51850500028398, 46.587885999877614], [-90.51875899982888, 46.5878309999362], [-90.51904500005915, 46.58781499981928], [-90.51930000032726, 46.58776499980936], [-90.51977700035324, 46.58760100019393], [-90.52044500017494, 46.58741400017001], [-90.52117599974581, 46.587326999849886], [-90.52200299957616, 46.58733800006835], [-90.52232099959346, 46.58731600024652], [-90.52302100010053, 46.58731100020157], [-90.52384700010595, 46.58725000010999], [-90.52445200017846, 46.587163000143974], [-90.52531800036685, 46.586953999875], [-90.52585099957102, 46.58676800023107], [-90.52633599999291, 46.58656399978817], [-90.52735399961895, 46.58608099982801], [-90.52773500028378, 46.58588399976421], [-90.52839499970955, 46.58546100007251], [-90.52876100030575, 46.58525200003263], [-90.52982199958952, 46.584680000124735], [-90.53021599977481, 46.5844780002199], [-90.5307010001967, 46.584198000237855], [-90.5309880002519, 46.58407200023717], [-90.5314329995925, 46.58381299983065], [-90.53190200012087, 46.58359400007083], [-90.53226000032116, 46.58346799990117], [-90.53244400044419, 46.58338899982672], [-90.53264899958528, 46.58330300004466], [-90.53299099989204, 46.58311100019689], [-90.53337300038177, 46.58292899995134], [-90.53374599975236, 46.58271500017699], [-90.53393700044639, 46.582627000122784], [-90.53421500028072, 46.58252900018896], [-90.5345099998335, 46.58245199980799], [-90.53479600006376, 46.582335999845455], [-90.53498600003458, 46.582238000003045], [-90.53514500004322, 46.58212799971691], [-90.53582100026084, 46.58160599975082], [-90.53629900011171, 46.581315000167635], [-90.53642600033334, 46.58124900013398], [-90.536585000342, 46.581199999869945], [-90.53696600010849, 46.581133999696284], [-90.53747499992153, 46.58111699982568], [-90.53858799998213, 46.581199999869945], [-90.5388740002124, 46.5811940002504], [-90.53938300002542, 46.58122199970416], [-90.54049600008605, 46.58132099977378], [-90.54094100032498, 46.58145300020286], [-90.54171600027676, 46.5815879997901], [-90.54177800020105, 46.581598999938315], [-90.54183900030041, 46.58161600027524], [-90.5419580001261, 46.581650999935206], [-90.5428169997435, 46.58181599988013], [-90.54323699986806, 46.58185200026166], [-90.54332599955653, 46.58186000027458], [-90.54380199975759, 46.58193700026152], [-90.54443799979222, 46.582090000295885], [-90.54497799956738, 46.58216699995613], [-90.54545600031659, 46.58228800017159], [-90.54599600009175, 46.58239800013308], [-90.54650499990478, 46.58254099974934], [-90.54733099991022, 46.58282699970264], [-90.54756000023907, 46.58287999997085], [-90.54777699997405, 46.58293099976059], [-90.54897000040062, 46.58334399985011], [-90.54898899976888, 46.58334999984915], [-90.54915000032567, 46.583385000241925], [-90.5496530002909, 46.58349700023567], [-90.54969199975065, 46.58351500018004], [-90.54986099980505, 46.58359299986978], [-90.54993899962285, 46.58362900030613], [-90.55076600035152, 46.58392599975256], [-90.55078100042013, 46.583928000142414], [-90.55130500030177, 46.58400199969867], [-90.55155999967158, 46.58408999999063], [-90.5518779996889, 46.58423899998385], [-90.55241800036238, 46.58445299991647], [-90.55334099955387, 46.58476099991188], [-90.5535539999892, 46.58485200012287], [-90.55372200021871, 46.5849250000935], [-90.55443100004827, 46.58517000018977], [-90.55447100023123, 46.585195999716674], [-90.55464500030851, 46.58531000001224], [-90.55594900016483, 46.585771000219275], [-90.55644999958194, 46.585969999773546], [-90.55703000043839, 46.586200000262465], [-90.55725300002115, 46.58627700025915], [-90.55753900025142, 46.586330999774624], [-90.55769800026007, 46.58638600000325], [-90.55811199963854, 46.58656799975581], [-90.55865200031202, 46.58687499994157], [-90.55881100032069, 46.58693599983776], [-90.55928800034667, 46.58705599976726], [-90.55982899994673, 46.587293000282884], [-90.56087800043325, 46.587704999736566], [-90.56148199978252, 46.5879740000382], [-90.56233799992518, 46.58840600026976], [-90.56272299988966, 46.588600000102325], [-90.56342199967348, 46.588929000302834], [-90.56417800025702, 46.58925299987524], [-90.56428299983901, 46.58925299987524], [-90.56439199961895, 46.589352000095715], [-90.5654019997474, 46.589836000010855], [-90.56647600034826, 46.59024699981201], [-90.5665070003104, 46.59026199975029], [-90.56719900042152, 46.590592999883945], [-90.56778000020459, 46.590840999875454], [-90.56828099962169, 46.591087999904005], [-90.5695769999804, 46.59166400030847], [-90.57030799955129, 46.59208200014056], [-90.57067400014748, 46.59226800006909], [-90.57224800034055, 46.59295999997926], [-90.57312399967637, 46.593433000178315], [-90.57313600027027, 46.59343800027584], [-90.57374399981748, 46.59370699990346], [-90.57434800006507, 46.59403699997741], [-90.57534599959962, 46.59450000003819], [-90.57540099985123, 46.594526000028274], [-90.57558900017222, 46.594607999915354], [-90.57612200027468, 46.5948989997477], [-90.57673400001985, 46.59515700028401], [-90.57686100024146, 46.5952309999432], [-90.57715599979426, 46.59540399977818], [-90.57760900042909, 46.595640000232414], [-90.57810200034861, 46.595827000270546], [-90.57862700005515, 46.5960790002683], [-90.57891300028541, 46.59623299986151], [-90.57944600038789, 46.59660600017682], [-90.57970800032871, 46.59676000012413], [-90.5800749998515, 46.596919000027334], [-90.58061499962668, 46.59710000026162], [-90.58085400000128, 46.597209999794885], [-90.58135799979144, 46.597504000302116], [-90.58164099964866, 46.59772100015294], [-90.58188800041917, 46.59786899977463], [-90.58252399955549, 46.59815499971653], [-90.5828199998315, 46.59832999995094], [-90.58315999959012, 46.598494999742435], [-90.58365400023287, 46.5987919998292], [-90.58424199968859, 46.599076999921884], [-90.58458399999535, 46.599280000267015], [-90.58463599987391, 46.59930200017057], [-90.58526000021297, 46.599570999699765], [-90.58569000038328, 46.59982900021232], [-90.58613499972388, 46.60000999998458], [-90.5867399997964, 46.60030699979095], [-90.5871060003926, 46.60054799993572], [-90.5875509997332, 46.6007900001267], [-90.58790100043588, 46.601020999945995], [-90.58818799959276, 46.601147000049494], [-90.58855300036404, 46.60126200000084], [-90.58880000023625, 46.60137699970814], [-90.58891999988685, 46.60146500018336], [-90.58988999983232, 46.60203099969754], [-90.59011199959016, 46.60213899999515], [-90.59076500024155, 46.60245900018451], [-90.59148099974382, 46.602941999851424], [-90.59176799979899, 46.60307400009223], [-90.5919169997619, 46.60312100003485], [-90.59253899955286, 46.603463999878635], [-90.59288099985962, 46.60362299985946], [-90.5931839998083, 46.60383100020893], [-90.59392000030039, 46.604214999942926], [-90.59423400011974, 46.60437999971102], [-90.59466400029005, 46.604665999846596], [-90.59514100031603, 46.604912999814616], [-90.59555399986958, 46.60521999977172], [-90.59578499984826, 46.60536300027954], [-90.59598400003989, 46.605450999834744], [-90.59625500020155, 46.60552200024131], [-90.59721000007839, 46.60609300011875], [-90.59784600011302, 46.60649899993167], [-90.59875300030932, 46.60699299992334], [-90.59943799984944, 46.60746500006424], [-90.59978000015622, 46.60764700000315], [-90.59982199998902, 46.607664999950295], [-90.60031300025868, 46.60788300020685], [-90.6008060001782, 46.60814599999126], [-90.60153799957396, 46.60856300007536], [-90.60183100037524, 46.608751000300565], [-90.60188800027666, 46.60878799980847], [-90.60221499961649, 46.60903000021986], [-90.60264399996188, 46.609270999822776], [-90.60371799966444, 46.609814999913546], [-90.60393299974959, 46.60994099992894], [-90.60422800020069, 46.610155000204124], [-90.60483200044827, 46.61049500021173], [-90.60534200008622, 46.61082499986597], [-90.60585099989923, 46.61109899989117], [-90.60633700014604, 46.611455999760935], [-90.60722000005288, 46.61190600017499], [-90.60795200034698, 46.612383999953344], [-90.60813499974677, 46.61252599977695], [-90.60831800004487, 46.612718999992], [-90.60862099999359, 46.61292699997168], [-90.609010000156, 46.61312500012387], [-90.60946399971746, 46.613305999903965], [-90.60995800036018, 46.61356899989043], [-90.61043500038616, 46.613893000241234], [-90.61089700034353, 46.61417299984379], [-90.61170900010525, 46.61460100004394], [-90.6118189997101, 46.61467400005324], [-90.61214599994825, 46.61489199986727], [-90.61303800007592, 46.61539699990352], [-90.61368199960816, 46.61573100020789], [-90.61422399993145, 46.61607199998396], [-90.61500399990614, 46.61647800027731], [-90.61635700016627, 46.61730100006002], [-90.61728000025609, 46.617762000247794], [-90.61839499996651, 46.61844200010609], [-90.61892800006899, 46.618755000292154], [-90.61923900041361, 46.618902999834916], [-90.61984399958777, 46.619288000239834], [-90.62036099979673, 46.619567000175174], [-90.62065500042291, 46.61970500030178], [-90.62094199957978, 46.61991900024953], [-90.62181799981394, 46.62050599985834], [-90.62235900031233, 46.620769000045634], [-90.6233939996568, 46.62140600017588], [-90.6242380001039, 46.62184499997034], [-90.62487499996347, 46.622228999710835], [-90.62519600035382, 46.62239099982562], [-90.6252859998672, 46.62241999969219], [-90.62555600020393, 46.622606999841565], [-90.62573100010611, 46.622771999727334], [-90.62591299968099, 46.62290399976743], [-90.62660499979212, 46.62325599974051], [-90.62712100017615, 46.6234600002548], [-90.62796399990003, 46.62397700022943], [-90.62883799958604, 46.6245479998861], [-90.62963500017747, 46.6249310001416], [-90.6298910002705, 46.62509000003482], [-90.63059199970415, 46.625566999997105], [-90.63094999990444, 46.625748000141236], [-90.63145899971748, 46.62613199995972], [-90.6315950001599, 46.626259000291505], [-90.63191300017722, 46.626429000288745], [-90.63211200036885, 46.626511000009444], [-90.63235900024107, 46.62669200008175], [-90.63264499957302, 46.62681200019138], [-90.63290800023707, 46.626954999830765], [-90.63388800022828, 46.62764100024204], [-90.63440500043723, 46.62794800030623], [-90.63508999997735, 46.6283970000175], [-90.63557500039926, 46.62876499980513], [-90.63666599982024, 46.62940100026493], [-90.63710400038646, 46.629714000017984], [-90.63755799994792, 46.62997699988921], [-90.63793200004172, 46.630246000075005], [-90.63892000042885, 46.63078300019008], [-90.63950100021191, 46.6311450001526], [-90.63990700009276, 46.63143599989214], [-90.64033700026307, 46.631655000006134], [-90.64095800022909, 46.632099000196355], [-90.6416829999522, 46.63248900010106], [-90.64175900012016, 46.632546000188654], [-90.64216800037408, 46.63285599991688], [-90.64258299957747, 46.63308099988097], [-90.64294099977776, 46.63331700028023], [-90.6435219995608, 46.63378299987586], [-90.64415900031865, 46.634221999845614], [-90.6450830002334, 46.63475400000318], [-90.64543300003777, 46.634966999809436], [-90.64587900010162, 46.635275000128765], [-90.64644499981604, 46.635598000268736], [-90.64686699959043, 46.63591599983702], [-90.64740899991372, 46.636201000131585], [-90.64868299963281, 46.636990999864324], [-90.64954299997343, 46.637336000123035], [-90.6504340002762, 46.63759400024128], [-90.65103900034869, 46.637878999716484], [-90.65129500044173, 46.63797700008951], [-90.65154899998663, 46.638049000225294], [-90.65186799982887, 46.63808099977518], [-90.65189399976813, 46.6380779997218], [-90.65208000043928, 46.63820000011324], [-90.65249899984062, 46.63847399977734], [-90.65266000039742, 46.63852300006404], [-90.65287399975936, 46.63858800023736], [-90.65289499967575, 46.63866799982161], [-90.65295099975225, 46.638744999887976], [-90.65311999980663, 46.638857000181396], [-90.65370800016069, 46.63944699980512], [-90.65445700017324, 46.639939999831796], [-90.65458400039485, 46.64009900004335], [-90.65476000012194, 46.64056600021304], [-90.65489499984115, 46.64069200021809], [-90.65527700033088, 46.640817999929766], [-90.65642399982838, 46.64134400025567], [-90.65765099969181, 46.64204599975678], [-90.65908400031786, 46.64299399987695], [-90.66010399959376, 46.643592000176675], [-90.66064599991704, 46.64386099991132], [-90.66080499992572, 46.64398100019145], [-90.66141900021903, 46.64436999987593], [-90.66165799969531, 46.644589999760846], [-90.66215900001073, 46.64493500028755], [-90.6622760001866, 46.64499899985733], [-90.66305199996333, 46.64542899993708], [-90.66387299994588, 46.646048000207124], [-90.66451800020135, 46.646387999926056], [-90.66529800017602, 46.6467499997229], [-90.66598400043938, 46.6472160001912], [-90.6664780001838, 46.647571999709996], [-90.66670099976653, 46.64770899972679], [-90.66691599985171, 46.64781299982296], [-90.66726599965607, 46.64806599994539], [-90.66752900032013, 46.64821900011063], [-90.66794299969858, 46.64852100004932], [-90.66834199990676, 46.64885000019738], [-90.66870799960466, 46.64904700009848], [-90.67289000040867, 46.651374999879806], [-90.67299499999064, 46.65143700009925], [-90.67336200041179, 46.65169999984205], [-90.67361699978159, 46.65185300021065], [-90.67466000042032, 46.65255999980728], [-90.67581600013862, 46.65326700002745], [-90.67683600031282, 46.65395799994058], [-90.6776170001124, 46.65457200002847], [-90.67789599977166, 46.65472000029841], [-90.67842999969905, 46.655065999840744], [-90.67994500034087, 46.65592599992356], [-90.68067799956158, 46.656397000093826], [-90.68109199983834, 46.65663799972933], [-90.68145099986356, 46.65681900015901], [-90.68209600011903, 46.65709899970849], [-90.68295700028455, 46.65764100003257], [-90.68362599993115, 46.658030000132236], [-90.6847900000454, 46.658621999768584], [-90.68491800009191, 46.65871499993991], [-90.68514099967466, 46.65892899979299], [-90.68546700008791, 46.65916999985815], [-90.68587399979369, 46.65942199984424], [-90.68667100038512, 46.65986599969242], [-90.6876349995845, 46.66052899998548], [-90.68887099966877, 46.661258000227086], [-90.68978000041317, 46.66186100016141], [-90.69092699991066, 46.662497000034], [-90.69129400033178, 46.66272699990428], [-90.69183599975676, 46.662995000068086], [-90.69187400028991, 46.6630169999811], [-90.69201200038219, 46.66309899974624], [-90.69234700011793, 46.663346000106586], [-90.69271299981581, 46.66349900020061], [-90.69306400034343, 46.663679999857436], [-90.6932950003221, 46.663861000141274], [-90.69357399998135, 46.664036000125606], [-90.69405199983224, 46.664256000165295], [-90.69453899990397, 46.66459500015227], [-90.69481799956321, 46.66476000025516], [-90.69526399962704, 46.664968000018455], [-90.69563100004818, 46.66518199978137], [-90.69679500016241, 46.66599299985376], [-90.69757599996201, 46.666371000082925], [-90.69828599961647, 46.66691899992257], [-90.6988279999398, 46.66726899986927], [-90.69953799959426, 46.667669000291795], [-90.70002399984108, 46.667992999851165], [-90.70051900030872, 46.66840900020509], [-90.70073400039387, 46.66855700020494], [-90.70146699961455, 46.66895699972627], [-90.70167800040007, 46.66909600014447], [-90.70201800015869, 46.669319000104075], [-90.70228099992444, 46.66946099975372], [-90.70257600037552, 46.66966899992145], [-90.70398700036196, 46.67047500009987], [-90.70506400043757, 46.67119300015637], [-90.7068419999468, 46.672267000225936], [-90.70745600024016, 46.67271000019848], [-90.70920199996233, 46.673806000161825], [-90.70948200034483, 46.674020000069284], [-90.70987300015707, 46.67427699990099], [-90.71047900005448, 46.67463399978331], [-90.71134000022, 46.6750659998022], [-90.71161899987926, 46.67525700005646], [-90.71222499977667, 46.67567399970822], [-90.71287099985706, 46.676063000109515], [-90.71398800011562, 46.6768080001531], [-90.71490500035765, 46.67747099975948], [-90.71531200006342, 46.677690999973166], [-90.71569500037808, 46.6779260002206], [-90.71651600036063, 46.67851200023581], [-90.71719400022806, 46.67889599971031], [-90.71768100029978, 46.679213999905755], [-90.71808800000555, 46.67944899969268], [-90.71890999981302, 46.68007899995313], [-90.71962799986342, 46.68058299980293], [-90.72001899967569, 46.68080799971467], [-90.72070499993903, 46.68124599992883], [-90.72131900023236, 46.681678999712055], [-90.72265099967777, 46.6823689998956], [-90.7229059999459, 46.68252199976085], [-90.7235129996682, 46.68304800001206], [-90.72402400002937, 46.68340499987779], [-90.72461400003326, 46.683869999806], [-90.72487000012629, 46.68411199980332], [-90.7250130002414, 46.684309000037146], [-90.72509299970905, 46.684368999706024], [-90.72538800016015, 46.68450600016887], [-90.72560400007022, 46.68465399984215], [-90.72619499989901, 46.68517500003379], [-90.7269129999494, 46.685734000206075], [-90.72724000018756, 46.68595299989266], [-90.72769499957391, 46.68617199992386], [-90.727877999872, 46.686291999986494], [-90.72825299979074, 46.686654000101036], [-90.72844500030968, 46.68679599980357], [-90.728643999603, 46.68691100023518], [-90.72900299962818, 46.68706999978018], [-90.72978500015101, 46.68759100008722], [-90.73064799996637, 46.68826399980392], [-90.73119000028966, 46.68864200017283], [-90.7313979998038, 46.68881200011214], [-90.73213199974774, 46.68933300025458], [-90.73273799964512, 46.689682999853545], [-90.73345599969554, 46.69020900000996], [-90.73359200013797, 46.69027499976631], [-90.73391900037613, 46.69032899973101], [-90.73415799985241, 46.690439000268086], [-90.7353400004083, 46.69129900021746], [-90.73706299966597, 46.69232799994805], [-90.73840400023053, 46.69325999997054], [-90.73889100030225, 46.69364299996717], [-90.73932200029746, 46.69393899998121], [-90.74049599955913, 46.69467300001462], [-90.74066499961353, 46.69476599977518], [-90.74113400014191, 46.695023000129005], [-90.74137299961819, 46.69517599989075], [-90.74170099968124, 46.69540599994515], [-90.74206800010238, 46.69570200015411], [-90.74289800030577, 46.69627200009494], [-90.7433369997986, 46.69666699983217], [-90.74387999994681, 46.6970940001289], [-90.74414400043577, 46.697335000079796], [-90.74455100014153, 46.69767500014988], [-90.7448790002046, 46.69789400009431], [-90.74507800039622, 46.69806900016256], [-90.74541300013198, 46.69831000007463], [-90.74587699973917, 46.69871600008109], [-90.74610799971784, 46.69888000021052], [-90.74626799955142, 46.69896799990933], [-90.74646799956794, 46.699165000178354], [-90.74665199969097, 46.699307000258024], [-90.74727400038022, 46.69971300016089], [-90.74770600020035, 46.7000630002612], [-90.74813700019558, 46.700326000026415], [-90.74893999973646, 46.700888000145675], [-90.74916999989024, 46.701133999806345], [-90.74940599989179, 46.70125200014237], [-90.74969200012207, 46.70133100018141], [-90.74990399983417, 46.70142699980035], [-90.75005799981994, 46.70150200009623], [-90.7500750004367, 46.70150799994288], [-90.75010800004867, 46.70153000019636], [-90.75013900001082, 46.70154100001175], [-90.75019699973713, 46.70156199976501], [-90.75025299981361, 46.701584999866824], [-90.75037699966218, 46.70167899991312], [-90.75064799982383, 46.7017840001777], [-90.75090200026705, 46.7019509998199], [-90.75111700035221, 46.70214400023852], [-90.75121899956115, 46.702208999719886], [-90.75160199987577, 46.70242299986671], [-90.75196000007608, 46.70262799989125], [-90.75220299975032, 46.702758999923], [-90.75242100020853, 46.70285299977339], [-90.75290900010516, 46.703088000223566], [-90.75319100013746, 46.70320999996212], [-90.75322799994737, 46.703274000169166], [-90.75346700032199, 46.703512999973285], [-90.75360600023915, 46.70361500025322], [-90.75386300015711, 46.70373700003295], [-90.75402999966336, 46.70380299988972], [-90.75425099959632, 46.703842999819685], [-90.75482399988175, 46.70390799971962], [-90.75524099963327, 46.703934999977285], [-90.7559040003304, 46.70403799990079], [-90.75625300030985, 46.70413400025065], [-90.75652299974828, 46.704266000144926], [-90.7568680004281, 46.70445300016135], [-90.75711199992725, 46.704555999712596], [-90.75735399977658, 46.70473200017751], [-90.75757999973239, 46.70495200025981], [-90.75782199958174, 46.70511899995885], [-90.75804000003994, 46.705222000087446], [-90.75820800026942, 46.70527100026504], [-90.75856399992158, 46.70516999983778], [-90.7583820003467, 46.705414000101555], [-90.75856300009667, 46.705539000135126], [-90.75910200004692, 46.705791999943195], [-90.75928799981976, 46.706038000051294], [-90.75953200021723, 46.70623600018043], [-90.75984400038676, 46.70649000019733], [-90.75998300030395, 46.70661899992773], [-90.76018800034335, 46.706722000274304], [-90.7603740001162, 46.70697800000925], [-90.76053599959958, 46.70716999993769], [-90.76068700011062, 46.70733700016714], [-90.76085100014217, 46.70746400019864], [-90.76118099985504, 46.70771399972232], [-90.76122900043394, 46.707763000101856], [-90.76133099964287, 46.70786899999124], [-90.7617680003842, 46.70839100021057], [-90.76188999968461, 46.70860100029804], [-90.76205100024141, 46.70882899974949], [-90.76212599968615, 46.70889300007081], [-90.76253900013805, 46.709368999925516], [-90.76272800028393, 46.709525999816236], [-90.76285799998027, 46.70954599982053], [-90.76284399973656, 46.70957299972216], [-90.76290599966086, 46.709645999730796], [-90.76305999964663, 46.70972099969595], [-90.76318500021843, 46.70986800016296], [-90.76340100012848, 46.71007399996366], [-90.7636060001679, 46.71028599969715], [-90.76387800015445, 46.7105200001155], [-90.76416699985946, 46.71080500023398], [-90.76454000012836, 46.711252999887314], [-90.76499799988777, 46.711900999790814], [-90.7652389999122, 46.71209500003757], [-90.7653309999737, 46.712403000266825], [-90.76542800005808, 46.712583999965524], [-90.76575600012113, 46.712887999992326], [-90.76605700042002, 46.71318199990497], [-90.76630599994203, 46.71350099993215], [-90.76648900024014, 46.713811000048096], [-90.76672600006661, 46.71409499977944], [-90.76681599957998, 46.7141500001988], [-90.76700499972587, 46.71431600013909], [-90.76717999962806, 46.71450799983389], [-90.76755100024714, 46.715029000279536], [-90.76789600002863, 46.71555699975113], [-90.76803599977072, 46.715955999704185], [-90.76819300012956, 46.71628299982773], [-90.76837899990238, 46.71652999975629], [-90.76853799991105, 46.71679400018534], [-90.76865699973673, 46.7170750002495], [-90.7688800002178, 46.71739400005236], [-90.76905299957185, 46.717640999822514], [-90.76913999961049, 46.71775899979734], [-90.76952399975005, 46.7182620001569], [-90.7696750002611, 46.718409000147915], [-90.76986199985885, 46.718655000028875], [-90.77012499962458, 46.718931000047405], [-90.77072700022235, 46.719572000300055], [-90.77127100019548, 46.720321000062356], [-90.7714910003035, 46.72053899976878], [-90.77155999990048, 46.720613999992366], [-90.7718500003287, 46.720880999917654], [-90.77240400034758, 46.72142299983338], [-90.77287200015272, 46.721818999801805], [-90.7732370000257, 46.72197599980884], [-90.77398799968806, 46.72265199989243], [-90.77440399961465, 46.72299799993753], [-90.77472400018011, 46.72322299989393], [-90.775089999878, 46.72355400001806], [-90.77547999986535, 46.72394800021229], [-90.77568200043002, 46.72411400018592], [-90.77592500010428, 46.72426299976063], [-90.77628499995438, 46.72447799997972], [-90.77687699960809, 46.72497400014376], [-90.77716899968614, 46.72518699989464], [-90.77804400009538, 46.72587899973345], [-90.77870199987132, 46.72642299998442], [-90.77896999965992, 46.72659899995958], [-90.77922499992805, 46.72676599980045], [-90.779517999831, 46.72695200005073], [-90.77979800021349, 46.727145999760864], [-90.78035700025524, 46.72755300026588], [-90.78090399970309, 46.72793200022603], [-90.7812209998955, 46.72819099970368], [-90.78141000004138, 46.728373999997004], [-90.78157400007291, 46.72850299976004], [-90.78179300035603, 46.728607000198785], [-90.78221900032838, 46.72874999978197], [-90.78293099963267, 46.728934999984865], [-90.78329200020602, 46.729068000161426], [-90.7834589997123, 46.72914300022746], [-90.78362699994177, 46.7292000000355], [-90.7842200003187, 46.72943099980753], [-90.78441299976424, 46.729485000019416], [-90.78466200018457, 46.729481000142414], [-90.78479500025396, 46.72943900018441], [-90.78511099972314, 46.729390999752596], [-90.78558000025153, 46.72938999978163], [-90.7861910001718, 46.72953800020902], [-90.78654000015125, 46.72965300012763], [-90.78677199995485, 46.729746999937845], [-90.7868609996433, 46.72980299976003], [-90.78704200029159, 46.7298600001021], [-90.78753699986092, 46.72990600019376], [-90.78795299978752, 46.72998600012591], [-90.78823800019288, 46.730063000064], [-90.78857499957844, 46.73013300019222], [-90.78896299991595, 46.73024800007366], [-90.78953299982837, 46.73039400008928], [-90.7904020003898, 46.73057299988537], [-90.79071299983612, 46.73065100016454], [-90.79087000019494, 46.73067200029146], [-90.79115700025014, 46.73067799997437], [-90.7917959997595, 46.73073500000746], [-90.79217499987618, 46.73075099975746], [-90.79276400005516, 46.73090199997361], [-90.79316800028619, 46.73111199989763], [-90.79344100009767, 46.731162999843725], [-90.79370300003849, 46.731150000031064], [-90.79399299956842, 46.73111000001949], [-90.79450599957939, 46.731038999987405], [-90.794780999939, 46.731036000166114], [-90.79542299982141, 46.73102099982567], [-90.79591900011397, 46.731067000158674], [-90.7962310002835, 46.731109000080394], [-90.79674000009653, 46.73114499972337], [-90.79707999985516, 46.73116099996747], [-90.79773099995839, 46.73122700015456], [-90.79788900014215, 46.73122099991698], [-90.79800700014293, 46.731197000191486], [-90.79844599963575, 46.731034000285156], [-90.79893299970747, 46.73096300015307], [-90.7991679998841, 46.7309760000108], [-90.79937600029656, 46.731007000037806], [-90.79962200034387, 46.73107500029288], [-90.79992100009461, 46.73112600027398], [-90.80019300008118, 46.73119399976324], [-90.80049299965684, 46.7312360002018], [-90.80064800036584, 46.731275000183906], [-90.80084400018444, 46.73128700003068], [-90.80114700013313, 46.73122999996523], [-90.80126799960863, 46.731151999907716], [-90.80138599960941, 46.73104999994649], [-90.80170199997693, 46.73077299979079], [-90.80185000011492, 46.730695000303804], [-90.8019689999406, 46.73065200011213], [-90.80216599958409, 46.73062900008145], [-90.8028989997031, 46.73064299996743], [-90.8032789996447, 46.73063199992538], [-90.80376200041678, 46.73065899974471], [-90.80400900028899, 46.73069099990079], [-90.8042710002298, 46.730696000250575], [-90.80470499969975, 46.73065100016454], [-90.8049049997163, 46.7305369998606], [-90.80540900040477, 46.73038499990153], [-90.80563199998753, 46.73036199975695], [-90.80594800035503, 46.73032299973039], [-90.80655400025243, 46.73022699978164], [-90.80702899973028, 46.73013700002087], [-90.80729499986906, 46.73003400002827], [-90.80792300040609, 46.72972200020739], [-90.80836000024908, 46.729578000154945], [-90.80853400032635, 46.72949099983437], [-90.8089090002451, 46.72928199972933], [-90.80944599964721, 46.72894199984033], [-90.80974000027341, 46.72880300007803], [-90.80988300038852, 46.7287660001208], [-90.80996200003125, 46.72874499986754], [-90.81030599998782, 46.72871499975539], [-90.81071100004378, 46.728732000087795], [-90.81082999986947, 46.728706999886896], [-90.81076799994517, 46.728624999934674], [-90.81049900033167, 46.72854899977753], [-90.81024900008642, 46.728506999709566], [-90.81004200039719, 46.728448999796555], [-90.8097200001819, 46.728325999848906], [-90.80958499956436, 46.728298000101965], [-90.80935600013383, 46.72827400030735], [-90.80916100014015, 46.72823400001011], [-90.80878600022143, 46.72812800009497], [-90.80835299967809, 46.72802199997156], [-90.8082280000046, 46.727991000076166], [-90.80793000007877, 46.72793200022603], [-90.80786200030673, 46.72799300006996], [-90.80776400039741, 46.728136000049346], [-90.80757600007644, 46.72826699974948], [-90.80705300001972, 46.728580999953984], [-90.80681700001817, 46.72867699975362], [-90.8065879996893, 46.728742999901634], [-90.80635199968775, 46.728765000138246], [-90.80559199980455, 46.72878699975013], [-90.80518799957352, 46.728742999901634], [-90.8047430002329, 46.728742999901634], [-90.80400799956574, 46.72878299982136], [-90.80361099990573, 46.728777999909994], [-90.80332700022359, 46.72878799973227], [-90.80304000016842, 46.728765000138246], [-90.80275399993815, 46.728723000238475], [-90.80229700000366, 46.72869700004955], [-90.80186500018353, 46.72869700004955], [-90.80135200017254, 46.728722000255125], [-90.80088099999435, 46.72875900024254], [-90.80023999993684, 46.72874699983336], [-90.79991199987379, 46.72876800008585], [-90.79969000011594, 46.728753999713184], [-90.79936500042591, 46.72872100027176], [-90.79879100031556, 46.728664999941955], [-90.79851799960578, 46.72862399994951], [-90.79803599955693, 46.72857000010715], [-90.797814999624, 46.72853799992418], [-90.7974630001698, 46.728495999847645], [-90.79722700016823, 46.7284999997977], [-90.79683100033311, 46.72859099981279], [-90.79671400015727, 46.728580999953984], [-90.79619199992545, 46.72853399997694], [-90.79563299988371, 46.72844199987715], [-90.79533300030805, 46.728427000046764], [-90.79481399955097, 46.72830900000431], [-90.79388999963625, 46.72816599986775], [-90.79321599996678, 46.728026999953016], [-90.79307299985163, 46.7279970000573], [-90.79233300005994, 46.72784799971232], [-90.7920340003092, 46.72778799970511], [-90.79085599995125, 46.72747699982985], [-90.79001200040247, 46.72732599987731], [-90.78943900011703, 46.727243000277966], [-90.78875200002877, 46.72709499971107], [-90.78854600016444, 46.72700999972613], [-90.78833799975199, 46.726961000195544], [-90.78780800002257, 46.72680599995474], [-90.78713600000292, 46.72660400007294], [-90.78665800015203, 46.7264419998589], [-90.78655799969461, 46.7263870002686], [-90.78618899962365, 46.72625100016757], [-90.78572800038953, 46.72613599976934], [-90.78523799994475, 46.72597399999716], [-90.78472300028395, 46.72576599985006], [-90.78452999994009, 46.725671999875715], [-90.78428499971771, 46.72558600007013], [-90.78393699956318, 46.72547100010156], [-90.78361600007112, 46.725321000122214], [-90.78308799999151, 46.72510400008305], [-90.78268899978335, 46.724942999728306], [-90.78223900041986, 46.724737000030935], [-90.78185600010522, 46.72452200022826], [-90.78145500024723, 46.724320999864034], [-90.78073700019682, 46.72402400007817], [-90.78024799957697, 46.72383399990489], [-90.77977300009913, 46.72360900003354], [-90.77937499971587, 46.72342999991177], [-90.77896299998724, 46.72325999995837], [-90.7788199998721, 46.72320400011727], [-90.77851400044867, 46.72304399972302], [-90.77833399962529, 46.72296899979828], [-90.77779499967502, 46.72270700021171], [-90.77727199961829, 46.72236299973447], [-90.77676199998037, 46.722048000177075], [-90.77614799968703, 46.721712000100005], [-90.7755610000562, 46.72133999977325], [-90.77513400025894, 46.7211060000812], [-90.77490699957991, 46.721013000119136], [-90.77431800029925, 46.72070400024628], [-90.77389700034978, 46.720434999787045], [-90.7733359997599, 46.7200820001602], [-90.77264299982386, 46.71973599988975], [-90.7720190003831, 46.71933600001571], [-90.77131100037845, 46.71896799997604], [-90.77112499970728, 46.71880600023402], [-90.77114499979878, 46.71863499970494], [-90.77122799963945, 46.718510999994315], [-90.77179699972693, 46.71805399983723], [-90.77192499977345, 46.71790000005523], [-90.77196499995642, 46.71777000000106], [-90.77197400017727, 46.71755399995762], [-90.77179900027507, 46.717360999820364], [-90.77163400041863, 46.717240999814635], [-90.77149600032638, 46.71709399972102], [-90.77131899987604, 46.71693799987499], [-90.77119300037766, 46.71683699972235], [-90.77094099958427, 46.71659799978501], [-90.77081599991081, 46.71644199973686], [-90.77053999972628, 46.716158000038966], [-90.77037900006779, 46.71594799979122], [-90.77018300024922, 46.71561999987502], [-90.77012399979967, 46.71545699970653], [-90.77009500038567, 46.71522200013486], [-90.7701539999369, 46.71506099985332], [-90.77030999957252, 46.71476799994853], [-90.77062199974205, 46.714462000161696], [-90.77074800013874, 46.714299000190934], [-90.77081799956063, 46.714174000117865], [-90.7708229995835, 46.714123999761185], [-90.77084000020025, 46.713976999799286], [-90.77083600000229, 46.713774000278825], [-90.7708719999873, 46.713509999857294], [-90.77084400039821, 46.71322999997744], [-90.77078400012375, 46.71311199995372], [-90.77068399966632, 46.712984000001654], [-90.77040400018215, 46.71278999987088], [-90.77007199992113, 46.712593999709966], [-90.76990500041488, 46.71251900004147], [-90.76979400008679, 46.7125159998062], [-90.76973600036045, 46.712498000238796], [-90.7696469997737, 46.712424000106424], [-90.76953200014597, 46.71235799970302], [-90.7695210002753, 46.7123040002088], [-90.76955300006237, 46.71216100014664], [-90.76976399994956, 46.71182300011739], [-90.7698719999046, 46.711716999985605], [-90.7698369997445, 46.71161700021668], [-90.76964199975082, 46.711586000133664], [-90.76962099983443, 46.7114869998089], [-90.76952299992514, 46.71129600014378], [-90.76953600034393, 46.71128899984652], [-90.7696839995836, 46.711208999904564], [-90.76968699995668, 46.71114600017477], [-90.76957200032895, 46.71109000007946], [-90.76940099972641, 46.71109600009242], [-90.76932100025877, 46.71090799998439], [-90.76927000020514, 46.710787000095934], [-90.7690419997012, 46.710584999983205], [-90.7689289997233, 46.7105019998824], [-90.76882800033927, 46.710401000003166], [-90.7687959996539, 46.71023800008611], [-90.7687599996689, 46.7101380000407], [-90.76844599984953, 46.71015999985713], [-90.7683019999095, 46.71014800023835], [-90.76814999957352, 46.710157000106705], [-90.76796600034884, 46.71004199989673], [-90.76758600040723, 46.709755999726134], [-90.76729199978104, 46.709569999939106], [-90.76698700018252, 46.70936600013108], [-90.76675600020384, 46.7092350001166], [-90.76672100004374, 46.70914499982834], [-90.76669199973142, 46.708883000256584], [-90.76663300018019, 46.70873800027846], [-90.76656899970779, 46.70871000022078], [-90.76647599982135, 46.70874399993693], [-90.76640600039948, 46.708849999747784], [-90.76625200041369, 46.708776000157464], [-90.76603599960531, 46.70862800005639], [-90.76578000041057, 46.70850600024235], [-90.76558799989164, 46.70838499989691], [-90.76539600027102, 46.70829099982314], [-90.76523100041459, 46.70817099997599], [-90.76494900038227, 46.70792899997586], [-90.76474900036573, 46.707811000065945], [-90.76459700002978, 46.70770599981954], [-90.76427700036263, 46.707503999879926], [-90.76354699971834, 46.70681500022699], [-90.76327200025705, 46.70649399993097], [-90.76311200042349, 46.706256999955485], [-90.76270700036754, 46.70585399997093], [-90.7623180002051, 46.70553099991004], [-90.76197000005057, 46.705229999742336], [-90.76191399997407, 46.70518100014352], [-90.76166200007899, 46.70493300020966], [-90.76153900005534, 46.704781999994914], [-90.76136300032825, 46.704575999710286], [-90.7611480002431, 46.70439200019096], [-90.76082900040086, 46.704205999784975], [-90.7605590000641, 46.70408399983307], [-90.76004699987803, 46.70380299988972], [-90.75966600011152, 46.703543999764726], [-90.75938499990414, 46.70337700012169], [-90.75940900019357, 46.703310999744076], [-90.7593969995997, 46.703244000062284], [-90.75939199957683, 46.703210999802295], [-90.75931299993411, 46.70315100011791], [-90.75911399974248, 46.70308500008005], [-90.75828500026232, 46.70293000024327], [-90.75771199997688, 46.70278600013926], [-90.75697999968277, 46.70256599985471], [-90.75583300018529, 46.70218500002476], [-90.75481399983602, 46.70192500028216], [-90.75427200041104, 46.70174300008694], [-90.75403600040946, 46.70161600014921], [-90.75395400039369, 46.70157300018991], [-90.75340600022263, 46.701154999717964], [-90.75323899981804, 46.701050000078276], [-90.75195000003033, 46.7005209998733], [-90.7515039999665, 46.70025699993091], [-90.75125000042159, 46.70008100027891], [-90.75102699994054, 46.69997100028215], [-90.75074099971026, 46.69984900000116], [-90.75016199957703, 46.699670999823894], [-90.74991100040518, 46.69961500014521], [-90.74949700012839, 46.69956100022398], [-90.74930600033268, 46.699507000248765], [-90.74892200019312, 46.69926000003869], [-90.74841199965688, 46.699029999765024], [-90.74751799987938, 46.6985590001705], [-90.74745299958204, 46.69851900002215], [-90.74713499956472, 46.698323999722], [-90.74585699964769, 46.697376999769446], [-90.74558499966112, 46.697112999857325], [-90.74534600018482, 46.69680599982761], [-90.74508199969587, 46.69636800008315], [-90.74484099967144, 46.69588499974023], [-90.74447300032372, 46.69529299970598], [-90.74409699968177, 46.69478799969508], [-90.74322600036882, 46.693802000028576], [-90.74300200006283, 46.69345099998984], [-90.74281799993982, 46.693208999931734], [-90.74254699977816, 46.692990000087654], [-90.7422039996465, 46.69279300008819], [-90.74212300035394, 46.692684000067416], [-90.7420200004218, 46.692442000269395], [-90.74189200037529, 46.692310999852516], [-90.74150200038792, 46.692076999986874], [-90.74145299998413, 46.69204799986707], [-90.74116500010405, 46.69185100012852], [-90.74091800023184, 46.69165899994205], [-90.74050300013015, 46.69128099973692], [-90.74019900035651, 46.690952000200625], [-90.73977500003402, 46.690404000037454], [-90.73972700035341, 46.69027200014324], [-90.73973499985104, 46.690117999961586], [-90.73970300006398, 46.690031000097], [-90.73961500020043, 46.68996500004254], [-90.7395640001468, 46.689941999920556], [-90.74125600034064, 46.68594700016632], [-90.74633299984875, 46.67396200014928], [-90.7480259998675, 46.66996800014722], [-90.74810799988326, 46.669946999820446], [-90.74836300015137, 46.669903000078016], [-90.74845000019002, 46.669899999940185], [-90.74890399975145, 46.66988499986488], [-90.74973800015282, 46.669952000251236], [-90.74976499991699, 46.66995499976975], [-90.75016900014803, 46.66994200000565], [-90.75018400021665, 46.66994200000565], [-90.75048799999026, 46.66997399979875], [-90.75064799982383, 46.66996299971792], [-90.75090300009197, 46.66988700016283], [-90.75103799981117, 46.669826999822135], [-90.75112700039796, 46.66976099974032], [-90.75119900036798, 46.66962899995135], [-90.75118299957613, 46.669513999718326], [-90.75111200032934, 46.66946399991592], [-90.75104799985691, 46.66944799987075], [-90.75020099993509, 46.669410000052714], [-90.74993800016935, 46.669361999855056], [-90.74992200027583, 46.66932399997651], [-90.74995400006289, 46.66930700003846], [-90.75014800023163, 46.66930300001597], [-90.7502999996693, 46.66928699992318], [-90.75042799971581, 46.66928200004727], [-90.75163799986079, 46.66927300014629], [-90.75173400012028, 46.669245999817775], [-90.7518139995879, 46.66919099988318], [-90.75191800024328, 46.66903200011605], [-90.75202200000035, 46.66895000010376], [-90.75214900022196, 46.66889499986797], [-90.75230900005553, 46.66886799996708], [-90.75283399976207, 46.66891199993562], [-90.75354500013978, 46.6690410000572], [-90.7535669998811, 46.66904500009907], [-90.75401299994493, 46.66905700022286], [-90.75410900020441, 46.6690410000572], [-90.75414900038737, 46.669007999854706], [-90.75411699970202, 46.6689309997148], [-90.75403800005928, 46.668898000061596], [-90.75337699991029, 46.66881400012487], [-90.75321700007675, 46.66878099978378], [-90.75267599957834, 46.66858299977985], [-90.75210300019121, 46.66849899997005], [-90.75202399965016, 46.6684339999836], [-90.75201600015258, 46.66839000024241], [-90.75204799993963, 46.66835700025886], [-90.75211999990965, 46.668317999804074], [-90.75240699996483, 46.66823599994147], [-90.75285399985357, 46.668022999814916], [-90.75320500038116, 46.667902999860154], [-90.75368300023204, 46.667783000255476], [-90.75397100011214, 46.66768399974916], [-90.75460799997168, 46.66740500003682], [-90.75515100011991, 46.66723599981786], [-90.75550199974919, 46.66702200017218], [-90.75596500042977, 46.666659999822265], [-90.75632500027987, 46.66629900003758], [-90.7565090004029, 46.6661669998081], [-90.7567560002751, 46.6660409999609], [-90.75676499959762, 46.66597000000568], [-90.75674100020649, 46.665948000061405], [-90.75657399980192, 46.665920000007276], [-90.7565179997254, 46.66588699974879], [-90.75651000022779, 46.66586000019477], [-90.75655000041077, 46.66579400020079], [-90.75667000006138, 46.66572800012627], [-90.75674200003141, 46.665656999759946], [-90.75681400000141, 46.66554099978564], [-90.75681400000141, 46.66551400005886], [-90.75677499964337, 46.6654869997021], [-90.75654299983977, 46.66554099978564], [-90.75659200024357, 46.665419999945804], [-90.75711100010234, 46.66500400001478], [-90.75729400040045, 46.664877999922716], [-90.75758200028054, 46.66471899979836], [-90.75796499969687, 46.66457099977029], [-90.75831500039955, 46.664495000031636], [-90.75863400024178, 46.66448500000943], [-90.75898499987107, 46.664506999932605], [-90.75924000013919, 46.664376000201884], [-90.75939900014784, 46.66433200023995], [-90.75949500040731, 46.664321000243866], [-90.75971799999007, 46.66433200023995], [-90.75999599982443, 46.66441800024426], [-90.75996400003737, 46.6647009997083], [-90.75998800032681, 46.66474499998639], [-90.7600589995736, 46.66479399990363], [-90.76018599979521, 46.66482700021291], [-90.76036999991823, 46.66482800014727], [-90.76062500018637, 46.66476799973922], [-90.76078400019502, 46.66470200026143], [-90.76085600016503, 46.664641999713545], [-90.76088799995209, 46.66458099977664], [-90.76092099956405, 46.664306999797276], [-90.76102500021943, 46.664131000126474], [-90.76112899997652, 46.664075999919206], [-90.76174200044493, 46.66407200012612], [-90.7619020002785, 46.66401200011195], [-90.76199000014203, 46.663913000097125], [-90.76203799982261, 46.6637759998212], [-90.76205399971614, 46.66361600019789], [-90.76215099980054, 46.66347399998918], [-90.76225399973268, 46.66339200017636], [-90.76241399956625, 46.66332099982445], [-90.76257400029814, 46.66321599999274], [-90.76288599956935, 46.66288199984125], [-90.76342799989267, 46.662525999988475], [-90.7635719998327, 46.66237200024362], [-90.76376500017655, 46.66211499990474], [-90.76378299971991, 46.662073999907975], [-90.76347899994629, 46.66190900023833], [-90.76329499982326, 46.661877999975175], [-90.76307300006542, 46.6617789997516], [-90.76300100009539, 46.66169099988019], [-90.76290700038406, 46.66146499990441], [-90.76263700004733, 46.661201000176796], [-90.76259000019166, 46.661004000156694], [-90.76262199997872, 46.66091600025689], [-90.76272599973578, 46.660794999929635], [-90.7628539997823, 46.66072399986626], [-90.76304499957801, 46.66067499995925], [-90.76308499976099, 46.66064200019809], [-90.76308499976099, 46.66052099987417], [-90.76310900005043, 46.660476999857345], [-90.7636839999857, 46.66009899972322], [-90.76372400016868, 46.66004399972975], [-90.76369999987922, 46.65997299991328], [-90.76367700031301, 46.659950999994635], [-90.76357299965763, 46.659929000067045], [-90.76328599960245, 46.65997800003365], [-90.76287200022396, 46.66008700007691], [-90.7621700000671, 46.660360999865645], [-90.76159599995674, 46.660448000036894], [-90.76122100003802, 46.6605679998946], [-90.76099000005934, 46.660600000304875], [-90.76045600013194, 46.66059600025462], [-90.75949799988204, 46.657755000180465], [-90.75930799991126, 46.65718899980629], [-90.75626400018051, 46.6493639999545], [-90.75517799988408, 46.64657100005456], [-90.75522899993771, 46.646387999926056], [-90.75555600017586, 46.646037000191434], [-90.75570099994081, 46.64580599996147], [-90.75584499988085, 46.64571299979064], [-90.75616399972309, 46.64560399975824], [-90.7563550004171, 46.645510999856796], [-90.75649099996123, 46.64540099974046], [-90.75735999962437, 46.644841999852716], [-90.7578629995896, 46.64447000021485], [-90.7579379999327, 46.64439700029401], [-90.75840699956274, 46.643942999740936], [-90.75855899989871, 46.64376800009702], [-90.75881499999176, 46.643395000143855], [-90.75909500037422, 46.64313200010582], [-90.75925400038288, 46.643028000260955], [-90.76009200008389, 46.6426169999912], [-90.7608820001043, 46.64203599989989], [-90.76199900036286, 46.64136799984605], [-90.76254199961278, 46.640907000224736], [-90.76314900023341, 46.64051300024072], [-90.76401100022385, 46.639905000195725], [-90.76424499967726, 46.639760000052455], [-90.76462600034209, 46.63952699996963], [-90.76523999973709, 46.63906600008143], [-90.76632500020862, 46.638497000219544], [-90.76673399956421, 46.638258999971264], [-90.76718600037415, 46.63799799988199], [-90.76875800001906, 46.63716100007898], [-90.76977099962227, 46.63656300024617], [-90.76987899957729, 46.63650399977242], [-90.77040900020503, 46.63621300014353], [-90.77118300033193, 46.63583500003126], [-90.7713859998232, 46.63570499977735], [-90.77187700009287, 46.63539100026722], [-90.7724910003862, 46.635078999904096], [-90.77312099967475, 46.63470699975348], [-90.77433400019278, 46.63393399994829], [-90.77549800030701, 46.63344100009848], [-90.77566499981327, 46.63346899969975], [-90.77567900005698, 46.633453000105604], [-90.77564899991974, 46.633392000144546], [-90.77570499999624, 46.633354000275645], [-90.77578399963896, 46.63331200016222], [-90.77655100009316, 46.63290999989487], [-90.77686099971456, 46.63283400007031], [-90.77701300005053, 46.632730000169865], [-90.77731599999923, 46.63257999973613], [-90.77773100010094, 46.6323739998282], [-90.778243000287, 46.632086999889], [-90.778496000007, 46.631946000087815], [-90.77929400042333, 46.63144200011833], [-90.77986799963537, 46.631135000131664], [-90.77999599968189, 46.63111899984751], [-90.78015499969055, 46.63119099985519], [-90.78020999994213, 46.63119099985519], [-90.78022699966057, 46.63114700003322], [-90.78019499987352, 46.63105900028195], [-90.78023500005649, 46.631031999993134], [-90.78071999958007, 46.63092200004797], [-90.78092899981743, 46.63084799979084], [-90.78103099992471, 46.630812999825714], [-90.78125500023069, 46.63069799969283], [-90.78149399970697, 46.6305280001484], [-90.78185299973217, 46.63035800007006], [-90.78200800044118, 46.630285000231765], [-90.7824820000941, 46.630087999864166], [-90.78264100010279, 46.63002299996759], [-90.78268999960825, 46.63000300012606], [-90.78289899984564, 46.62993199973443], [-90.78367799999539, 46.6296710001966], [-90.78378900032347, 46.62963500011904], [-90.78386200011842, 46.62960599979919], [-90.78393599973826, 46.629578000050046], [-90.78419000018147, 46.62947899991745], [-90.78443500040385, 46.62938400011219], [-90.78462700002447, 46.62928600021634], [-90.78490599968373, 46.62909299982705], [-90.7850170000118, 46.629017000194466], [-90.78514000003545, 46.628954000207116], [-90.78527300010485, 46.628886000236385], [-90.7853190001356, 46.628867999939565], [-90.78587599962921, 46.628656000174075], [-90.7860220001174, 46.62860100028257], [-90.78606300012528, 46.628588999816536], [-90.78624499970016, 46.62853499984551], [-90.78631699967016, 46.628514000082134], [-90.78673900034288, 46.62834399984703], [-90.78677699997772, 46.62832699997922], [-90.7869519998799, 46.62825199988179], [-90.78718200003367, 46.62815299979148], [-90.78737700002733, 46.628070000093416], [-90.78785700042636, 46.62782300023904], [-90.78808099983405, 46.627709999929905], [-90.78820600040582, 46.62765999971785], [-90.78858399979929, 46.62751200005322], [-90.78871000019598, 46.627463000283505], [-90.7888459997401, 46.62740899980607], [-90.78903499988598, 46.627335999691915], [-90.78925300034419, 46.62724099982691], [-90.78938800006341, 46.62718300030793], [-90.78953100017854, 46.6271200000367], [-90.78996399982358, 46.62693100001691], [-90.79010799976363, 46.626869000088604], [-90.79017399988585, 46.626839000117734], [-90.7903730000775, 46.62675300019128], [-90.79040599968945, 46.62673899988903], [-90.79044099984957, 46.62672600022207], [-90.79056700024626, 46.626678999786535], [-90.79094499963972, 46.62654000013669], [-90.79107199986132, 46.626494000182845], [-90.79125299961129, 46.62642600020629], [-90.79179800030764, 46.62622599988907], [-90.79197999988251, 46.626160000257634], [-90.79207000029419, 46.626125999761804], [-90.79234200028077, 46.62602700010159], [-90.79243299961904, 46.625994000174614], [-90.79257599973418, 46.625941000118964], [-90.79275599965924, 46.62587500014005], [-90.79300900027754, 46.62578899991593], [-90.79315400004249, 46.6257409998606], [-90.79409399985074, 46.625423999775734], [-90.7944140004162, 46.62531700029919], [-90.79541500032381, 46.624960999936036], [-90.79640299981264, 46.6246320001097], [-90.79678399957915, 46.62452200011364], [-90.79691800037178, 46.62448899988617], [-90.79788400011927, 46.624259999716486], [-90.79808800033378, 46.62421200015617], [-90.79856399963653, 46.624123000164815], [-90.79859799997172, 46.62411400015059], [-90.7991679998841, 46.623968000190985], [-90.7997090003825, 46.623872999967766], [-90.80073700005431, 46.62365000013317], [-90.80124699969222, 46.6235399999926], [-90.80129799974587, 46.623529999800496], [-90.8014540002798, 46.623521000304656], [-90.80209399961409, 46.623483999756694], [-90.8021940000715, 46.623468000295595], [-90.8023480000573, 46.623445000252254], [-90.80276099961085, 46.623346000007736], [-90.80314300010058, 46.6232240000619], [-90.80330100028432, 46.623151999944604], [-90.80358699961629, 46.62290999970554], [-90.80382500016597, 46.622771999727334], [-90.80408700010679, 46.62271700002694], [-90.80423199987175, 46.62265899997951], [-90.80436499994113, 46.622606999841565], [-90.80495999996789, 46.622524999759904], [-90.80537199969653, 46.622494999849486], [-90.80565299990393, 46.62250500023277], [-90.80660600013097, 46.62240500001847], [-90.8070170000347, 46.622363000046086], [-90.80716699982253, 46.622347000253704], [-90.80737100003705, 46.62232599994064], [-90.80761399971128, 46.6222760003082], [-90.80776199984929, 46.62224699974755], [-90.80819700004247, 46.622158999716916], [-90.80864200028138, 46.622049000248744], [-90.80883100042729, 46.62198199973399], [-90.8089600002987, 46.621937999829676], [-90.8104230001637, 46.62171500004519], [-90.81096299993887, 46.621588000158624], [-90.8109949997259, 46.621588000158624], [-90.811065999871, 46.621636999693514], [-90.81113000034344, 46.6216420002731], [-90.811178000024, 46.62162100030352], [-90.81119300009263, 46.62153799984462], [-90.81128099995617, 46.62150500026608], [-90.81199800018166, 46.62140500005562], [-90.81248899955303, 46.62133799997787], [-90.81290200000488, 46.6212159998259], [-90.81307500025726, 46.6211769999216], [-90.81325199980928, 46.62113799998926], [-90.81337800020597, 46.62112000020082], [-90.81395099959308, 46.62104299973584], [-90.81429399972475, 46.62098300010692], [-90.8145990002216, 46.620931000210156], [-90.8149370003304, 46.62090399980509], [-90.8152240003856, 46.62086000025867], [-90.81550899989263, 46.6208039997185], [-90.81563699993914, 46.620760000090826], [-90.81617000004162, 46.620656999953155], [-90.81633599972298, 46.62062600010695], [-90.81655900020404, 46.62062100005052], [-90.81675800039568, 46.62067499989551], [-90.81679699985541, 46.620509999788645], [-90.81697000010777, 46.62042800023283], [-90.81766499969363, 46.620200000303484], [-90.8184210002772, 46.62001799997383], [-90.81902499962646, 46.61991999978023], [-90.81972799960825, 46.619822000026254], [-90.82037000038898, 46.61979199985209], [-90.82089199972248, 46.61967799990227], [-90.82133000028871, 46.61957999971029], [-90.82159499970426, 46.61954600001777], [-90.82179499972081, 46.619469999938296], [-90.82220499979962, 46.61937499984317], [-90.82221099964741, 46.61870300010664], [-90.82221599967029, 46.618390999795906], [-90.82223300028704, 46.616771000298556], [-90.8222449999826, 46.61580500015171], [-90.82225500002835, 46.61490699977126], [-90.82227500011983, 46.613110999999776], [-90.8222950002113, 46.611362000104705], [-90.82231500030281, 46.609614000222635], [-90.8223160001277, 46.609517000052755], [-90.82231699995262, 46.60944199981502], [-90.82232000032569, 46.609326000221984], [-90.82231899960244, 46.60923699982851], [-90.82233500039428, 46.607863000208525], [-90.8223570001356, 46.60590299972957], [-90.822378000052, 46.604058000112204], [-90.82238999974756, 46.602109999759236], [-90.82236999965608, 46.601070000192486], [-90.82237600040217, 46.600712999762386], [-90.82238999974756, 46.59994000027735], [-90.82241999988479, 46.598829999887045], [-90.82245000002203, 46.59743000004334], [-90.82245800041794, 46.5965230002642], [-90.8224700001135, 46.59541000029422], [-90.82247599996128, 46.59512700002635], [-90.822490000205, 46.59440999997614], [-90.822490000205, 46.5936510002976], [-90.822490000205, 46.59341999992264], [-90.82254999958113, 46.5916999997061], [-90.82259399996207, 46.589225000247794], [-90.82259999980984, 46.588910000201125], [-90.82259999980984, 46.58851000011999]]], [[[-90.59020000035204, 46.86048100023388], [-90.59019100013121, 46.86033600015017], [-90.59016400036704, 46.85990100000647], [-90.59015599997112, 46.859757000207644], [-90.59013800042776, 46.85939100015801], [-90.59008700037413, 46.85829499985381], [-90.59006999975739, 46.85792999970933], [-90.59003200012255, 46.856666999974045], [-90.5900220000768, 46.856353999896236], [-90.58999399958941, 46.85498099978962], [-90.58998199989382, 46.854201999949154], [-90.58917099995702, 46.854201999949154], [-90.58731899992962, 46.85401299996256], [-90.58665699995571, 46.85392900002808], [-90.58615300016555, 46.853865999990944], [-90.5855289998265, 46.85381299984401], [-90.58503599990698, 46.8537719998567], [-90.58468199990466, 46.85374300005655], [-90.58466900038417, 46.8535119999878], [-90.58467299968382, 46.853274999993516], [-90.58466900038417, 46.85321599971056], [-90.58465900033843, 46.85296900013367], [-90.58463900024695, 46.852430000283896], [-90.5846430004449, 46.85196500029793], [-90.58464500009472, 46.851704000123135], [-90.5846509999425, 46.85093000030291], [-90.58465400031555, 46.85063600028172], [-90.58241700032369, 46.850646999784885], [-90.57964100038156, 46.850661999997406], [-90.5794329999691, 46.84919799981147], [-90.57941799990049, 46.848679999806755], [-90.5793760000677, 46.84691000030362], [-90.57793199957098, 46.84687799973977], [-90.57454100040891, 46.84679699984005], [-90.57450700007372, 46.846666000130575], [-90.5742159998206, 46.84552699993743], [-90.57415700026935, 46.84554100007777], [-90.57356499971733, 46.845595999716046], [-90.57244699963387, 46.845761999791], [-90.57237399983893, 46.84577300029232], [-90.57117499956459, 46.846045000242434], [-90.57083200033124, 46.846150000193575], [-90.5703369998636, 46.84626500008005], [-90.57014400041807, 46.84633799994441], [-90.56953699979742, 46.84669800020631], [-90.56922600035111, 46.84696600001575], [-90.56906599961924, 46.847165000199], [-90.56888999989214, 46.84747700014468], [-90.56882600031804, 46.84769600002837], [-90.56881799992212, 46.84785300014456], [-90.56884999970917, 46.848132999964136], [-90.5689300000751, 46.84840899990257], [-90.56904300005303, 46.848679999806755], [-90.56913000009165, 46.84888600003216], [-90.56930599981875, 46.84910100010178], [-90.56952099990392, 46.849239999808766], [-90.56972099992043, 46.84934400007031], [-90.57011299955761, 46.84948699994756], [-90.57047900015381, 46.84960699982141], [-90.57087199961589, 46.84973700015013], [-90.57136000041083, 46.84984599980048], [-90.57192699995018, 46.84999399990727], [-90.57252100015202, 46.8501959998764], [-90.57268600000846, 46.850251999848936], [-90.57323800037751, 46.850516000249414], [-90.57396499975043, 46.85090500027593], [-90.57475599959577, 46.85121400011166], [-90.57604399955856, 46.851638000068654], [-90.57646000038348, 46.85180799991402], [-90.5768429997998, 46.85193799983023], [-90.57757099989594, 46.85224100020451], [-90.57840899959695, 46.852632999833126], [-90.58033599996742, 46.853537000029895], [-90.5812070001787, 46.85397899971238], [-90.58244200043804, 46.85472500003979], [-90.5831579999403, 46.85515800015566], [-90.58438900000169, 46.85597600027677], [-90.58471700006476, 46.856176999786506], [-90.58692399991939, 46.857748999696874], [-90.5872760002719, 46.857989999768854], [-90.5875800000455, 46.85823900028222], [-90.58806700011723, 46.85872199988788], [-90.58832900005805, 46.858946000108645], [-90.58921899963758, 46.85970499974175], [-90.59020000035204, 46.86048100023388]]]]}, "properties": {"NAME": "Bad River Reservation", "GEOID": "0140R", "_type": "reservation"}}, {"type": "Feature", "geometry": {"type": "MultiPolygon", "coordinates": [[[[-88.94614800015138, 44.927890000231734], [-88.94610399977046, 44.924290999751406], [-88.94607700000627, 44.921805999925624], [-88.9459730002492, 44.9135209998126], [-88.94578300027841, 44.899055999699016], [-88.94563199976734, 44.89182099996085], [-88.94053400034285, 44.89180099971986], [-88.94053699981758, 44.89163200004695], [-88.94052199974895, 44.89124999979618], [-88.94052299957387, 44.890508000278594], [-88.94050900022849, 44.88989900019838], [-88.94052299957387, 44.88931500031203], [-88.94051599990118, 44.88900600026415], [-88.94052500012201, 44.888656999713234], [-88.94053000014489, 44.88794099993448], [-88.94052299957387, 44.88731300001666], [-88.9405319997947, 44.88695700026133], [-88.94052000009914, 44.88665900021663], [-88.9405319997947, 44.8863030002325], [-88.94052299957387, 44.88589399996614], [-88.94053299961962, 44.88560700028544], [-88.9405379996425, 44.884595999910516], [-88.93026400007737, 44.88454299995033], [-88.93029699968933, 44.877358000186064], [-88.92532099956523, 44.877358000186064], [-88.9252820001055, 44.87368099978387], [-88.92017999958472, 44.87366999990729], [-88.9201789997598, 44.873897000290185], [-88.91509100038104, 44.87377899974859], [-88.91507799996226, 44.87209000008338], [-88.91506399971854, 44.87009799981866], [-88.91473900002853, 44.87009899998534], [-88.91386500034254, 44.87010199984862], [-88.91345299971557, 44.870109999907754], [-88.9132510000492, 44.870109999907754], [-88.91280599981027, 44.870112999770505], [-88.91275499975667, 44.870113999936926], [-88.91234800005088, 44.87012399969025], [-88.91181599977331, 44.87012300016065], [-88.91158200031991, 44.87012799971844], [-88.91078899992644, 44.87013000005074], [-88.91020200029561, 44.87012700018887], [-88.91007599989892, 44.87012600002268], [-88.91009599999039, 44.87454400003845], [-88.91010900040918, 44.877299999716065], [-88.90499699984265, 44.877257999866025], [-88.90503600020072, 44.880885999985516], [-88.90724100040555, 44.8808939998186], [-88.92012100003349, 44.8809489999142], [-88.92009300044438, 44.88449099985786], [-88.91410499964373, 44.88448800010814], [-88.90006299955138, 44.88448100005498], [-88.90009299968861, 44.891820000171705], [-88.89500799978457, 44.89182499975365], [-88.89497500017261, 44.88451100009484], [-88.90006299955138, 44.88448100005498], [-88.90000900002302, 44.87360600017882], [-88.88988900044367, 44.87370200006318], [-88.88992000040584, 44.87732500011239], [-88.88920400000525, 44.87733099972212], [-88.88484100034957, 44.87737100007486], [-88.88485999971783, 44.88188900030525], [-88.88487200031173, 44.884570000212356], [-88.88487999980933, 44.88569500007807], [-88.88489700042608, 44.888212999741114], [-88.8849130003196, 44.89182499975365], [-88.87991299990608, 44.891820000171705], [-88.87982599986744, 44.88550100026971], [-88.8798230003927, 44.8846010001204], [-88.87985600000466, 44.88352800023776], [-88.87984699978385, 44.88323499994343], [-88.8798519998067, 44.88313299977319], [-88.8798519998067, 44.883114000270645], [-88.87984599995893, 44.88268999975613], [-88.87984900033197, 44.88219499988855], [-88.87985799965448, 44.88102900001723], [-88.87986100002753, 44.88073699970793], [-88.87985799965448, 44.88026999994772], [-88.87986900042345, 44.87944099979015], [-88.87987199989819, 44.879241999858856], [-88.87986299967736, 44.878791999689824], [-88.87986600005041, 44.87852399997663], [-88.87986900042345, 44.87827900022021], [-88.87986699987532, 44.878102000064096], [-88.87986400040057, 44.87777300022984], [-88.87986900042345, 44.877454000176996], [-88.87357600002426, 44.877511999855145], [-88.86950500044665, 44.87755000000776], [-88.86952899983777, 44.87549400012698], [-88.86959199958697, 44.87035900007826], [-88.8688409999246, 44.87036999995099], [-88.86700999981359, 44.87038800031702], [-88.86567699964496, 44.87040200003185], [-88.86370499996694, 44.870407999726716], [-88.86310699956715, 44.8704150002188], [-88.86095099976615, 44.8704420001079], [-88.85916300021114, 44.87045400012532], [-88.85908600021826, 44.87045500028581], [-88.85901599989805, 44.87045500028581], [-88.85892399983655, 44.870455999809636], [-88.85843299956686, 44.87045999981477], [-88.85709000025079, 44.87047199982838], [-88.85693799991485, 44.87047199982838], [-88.85602700041892, 44.870472999988564], [-88.85383899993253, 44.87048399983955], [-88.85384999980316, 44.87363100027021], [-88.8538940001841, 44.8777399997576], [-88.85032900004647, 44.87779499968539], [-88.84834899997254, 44.87782600006129], [-88.84834800014762, 44.87795100015508], [-88.84833999975172, 44.87820200019044], [-88.84834399994966, 44.87853800025856], [-88.84833399990391, 44.87892699972814], [-88.84831999966022, 44.88080199976113], [-88.84832200020836, 44.881100000230305], [-88.84831700018549, 44.88137399986353], [-88.84831200016261, 44.881727999868986], [-88.8482960002691, 44.88226799984615], [-88.8482960002691, 44.882861000132465], [-88.84863900040077, 44.88510699989196], [-88.85140199992411, 44.88507999988196], [-88.85338299982294, 44.88506099974945], [-88.85940199968742, 44.885009000125216], [-88.85947100018272, 44.88853800031778], [-88.85954200032782, 44.89215600025866], [-88.85962299962037, 44.895768999915326], [-88.85970399981122, 44.899381999748485], [-88.85968600026787, 44.90068200010282], [-88.8596800004201, 44.901101999926105], [-88.85960900027499, 44.90303600026969], [-88.85962199979545, 44.903975000279274], [-88.8596310000163, 44.90460200002749], [-88.85963400038935, 44.90528499986004], [-88.85964199988695, 44.90663399968837], [-88.8647789996695, 44.90655899977673], [-88.86483899994397, 44.91039500014352], [-88.86485900003544, 44.91165099987177], [-88.86489300037064, 44.913800999846124], [-88.86481800002757, 44.9184870000433], [-88.86479700011117, 44.91979100002459], [-88.8647779998446, 44.92103899988497], [-88.86681900001788, 44.92101699979493], [-88.8699399997415, 44.92098499988024], [-88.86988399966502, 44.92312800003727], [-88.86984500020527, 44.92462899996697], [-88.86978400010591, 44.92821499978135], [-88.88020300033429, 44.9280909999666], [-88.88029200002275, 44.92895999982346], [-88.88023500012136, 44.929464000220705], [-88.88021500002986, 44.92999900024913], [-88.88021199965682, 44.930313999848885], [-88.88021199965682, 44.93040400005316], [-88.88016499980115, 44.93119799970241], [-88.88011499957244, 44.93222499986072], [-88.88002500005906, 44.9344780000413], [-88.87998800024913, 44.934885000045725], [-88.88002199968602, 44.935125999713605], [-88.88004699980037, 44.93539200023359], [-88.88010100022706, 44.935654000234564], [-88.88019199956533, 44.93579399991012], [-88.88031200011424, 44.93594199968657], [-88.88005000017343, 44.93592899968279], [-88.8796540003383, 44.935920999874675], [-88.87932999957489, 44.93589299990162], [-88.87895100035652, 44.93581699972425], [-88.87874799996692, 44.9357719997475], [-88.87855200014835, 44.93580600028433], [-88.87825400022253, 44.93582199993144], [-88.87820800019176, 44.93582199993144], [-88.87778700024228, 44.935827999798], [-88.87621100039941, 44.93579900011935], [-88.8744150004485, 44.9357719997475], [-88.87382700009444, 44.93577300004414], [-88.86947399958619, 44.93562000024366], [-88.86978400010591, 44.92821499978135], [-88.86462200020898, 44.92827700022431], [-88.8647779998446, 44.92103899988497], [-88.8637920000056, 44.92105299999568], [-88.85961900032073, 44.9211060000205], [-88.85968399971975, 44.918310000210596], [-88.85970399981122, 44.917486999868295], [-88.85973599959827, 44.91386900019365], [-88.85944299969532, 44.913873999766956], [-88.8543589996162, 44.91395299983829], [-88.85432199980627, 44.91122899996246], [-88.8542669995547, 44.9067219997568], [-88.84879400021147, 44.90680999969051], [-88.84883900041731, 44.91039600024591], [-88.84888600027296, 44.91403900007427], [-88.84350599991785, 44.9141250001816], [-88.84340100033587, 44.908032999868304], [-88.8433820000693, 44.9068980001258], [-88.84337399967336, 44.905280999730905], [-88.84335100010715, 44.903287000295585], [-88.84626000011868, 44.90324899996411], [-88.84876200042441, 44.903202999696596], [-88.85318000033166, 44.90313500009137], [-88.85417299984336, 44.90311999984016], [-88.85417299984336, 44.90290300000948], [-88.85417399966828, 44.899536999931726], [-88.85216400035543, 44.899564000154946], [-88.84810299992526, 44.89962100016029], [-88.84651100018883, 44.89964300016952], [-88.84580599965891, 44.89965299988174], [-88.84350599991785, 44.89968500022171], [-88.84301299999836, 44.89969100004486], [-88.8379130000257, 44.899760999844226], [-88.83800900028518, 44.90705900009617], [-88.83277799989297, 44.907005000314456], [-88.83272299964139, 44.8997710001722], [-88.82758699968373, 44.89977599969924], [-88.82752800013249, 44.899089999696805], [-88.8275420003762, 44.89609000029942], [-88.82619400013895, 44.89609900027838], [-88.82239999967244, 44.89612299979128], [-88.82233899957308, 44.89966100028654], [-88.8223329997253, 44.89978099986216], [-88.81715900013282, 44.89979100018665], [-88.81713300019355, 44.89979100018665], [-88.81204300026666, 44.89973100012242], [-88.806943000294, 44.899670999995635], [-88.80696800040838, 44.90327800016912], [-88.8071049997774, 44.90327899975905], [-88.80710599960231, 44.903379000023044], [-88.80699400034764, 44.90688399974742], [-88.80634200041948, 44.90687299985676], [-88.80618500006065, 44.90680299980917], [-88.8060760002807, 44.90686899983819], [-88.80599799956458, 44.906868000310624], [-88.80195999959892, 44.90681899990032], [-88.80206000005636, 44.91044899992154], [-88.80704399967804, 44.91051099981613], [-88.8070610002948, 44.91411899995638], [-88.80214299989703, 44.91406199969394], [-88.80217100038443, 44.914180000308505], [-88.80218499972982, 44.914441999739346], [-88.80217300003426, 44.91551699987736], [-88.80216700018647, 44.91614499968514], [-88.80215600031582, 44.91653599990335], [-88.8021489997448, 44.917316000027824], [-88.80215100029295, 44.917651000003566], [-88.80214399972195, 44.91794199995249], [-88.80212399963044, 44.918326000279016], [-88.80210899956184, 44.91910299978879], [-88.80210400043728, 44.9198949999352], [-88.80210299971405, 44.92015300029513], [-88.80209100001849, 44.92104500002372], [-88.80207500012497, 44.921354000279095], [-88.80174200003903, 44.928609999683886], [-88.81216000044252, 44.9287110001793], [-88.81215899971929, 44.924768999804975], [-88.81286099987618, 44.92475700030474], [-88.81335999964345, 44.92474299982453], [-88.81425599996908, 44.92473399987748], [-88.81484199977501, 44.924723000222954], [-88.81546199991611, 44.924704999685126], [-88.8161099996463, 44.92469099982829], [-88.81731700031656, 44.92467399977036], [-88.81734300025585, 44.92467399977036], [-88.8173130001186, 44.92876100015106], [-88.82242200031209, 44.928749999995624], [-88.82229799956521, 44.93237599972745], [-88.82774200039275, 44.932363000188325], [-88.83477700023347, 44.93234700021341], [-88.83726799977025, 44.93234099998321], [-88.83766799980333, 44.93234099998321], [-88.83755300017559, 44.9359780000729], [-88.83287099977939, 44.93597299987929], [-88.83240799999712, 44.935972000222066], [-88.83239700012645, 44.936373000003535], [-88.83231699976051, 44.939618000063945], [-88.83115900039238, 44.93959699968879], [-88.83004299995872, 44.939589999985955], [-88.82741099995664, 44.93955899983832], [-88.8271890001988, 44.93955700001279], [-88.82727299986438, 44.93596599973467], [-88.8221429997545, 44.9359610001759], [-88.82203599962438, 44.939618000063945], [-88.81697099981184, 44.93965100000205], [-88.80207799959969, 44.939618000063945], [-88.79664899973909, 44.939608999904074], [-88.79664200006638, 44.94322000014411], [-88.7985300000788, 44.9432139997783], [-88.80448100017125, 44.94319099974789], [-88.8110959998874, 44.94316700017625], [-88.81686100020698, 44.94316499984061], [-88.82233500027343, 44.94316300014069], [-88.82828700019077, 44.9431609998049], [-88.82830399990922, 44.9431609998049], [-88.82892999989811, 44.9431600002728], [-88.83085999974331, 44.9431600002728], [-88.83133799959421, 44.9431600002728], [-88.83150400017388, 44.94315900010489], [-88.83732800004469, 44.94312500010701], [-88.85227700033333, 44.943039000172114], [-88.85430599991275, 44.94302800020809], [-88.8545059999293, 44.94302299999256], [-88.85490699978729, 44.9430179997766], [-88.85510699980382, 44.94301600007156], [-88.85605300035816, 44.942991999790955], [-88.85671199995902, 44.942983000160034], [-88.85695700018141, 44.942980000282745], [-88.85731399965847, 44.942972999720645], [-88.8576829997294, 44.9429650002581], [-88.85788799976882, 44.94296100020846], [-88.85879099976714, 44.94295199993683], [-88.85900900022536, 44.942950000229544], [-88.85900900022536, 44.94287099997199], [-88.85906799977658, 44.939062000047024], [-88.85909799991381, 44.93717300015977], [-88.85912200020327, 44.935654000234564], [-88.85923299963302, 44.93565899982007], [-88.86428099972713, 44.93564500008934], [-88.86426099963565, 44.93654100014053], [-88.86412599991644, 44.94292999997338], [-88.86630099998403, 44.94293500019705], [-88.86638200017488, 44.94292999997338], [-88.86685199962984, 44.942902000238924], [-88.86720499980727, 44.942810000197795], [-88.86726000005885, 44.942847999804165], [-88.86747599996892, 44.942847999804165], [-88.86832600026379, 44.942847999804165], [-88.86860999994592, 44.942847999804165], [-88.8751130004074, 44.94296999984283], [-88.87622399991987, 44.94296900030742], [-88.87952999959143, 44.94296900030742], [-88.87971299988952, 44.93895700025713], [-88.88474599991503, 44.93892000022487], [-88.8845540002944, 44.94296900030742], [-88.89098999991042, 44.94296900030742], [-88.89907000003967, 44.94304300021628], [-88.90360799959753, 44.943084999709704], [-88.90664399983066, 44.94324700019288], [-88.90668099964059, 44.94324700019288], [-88.90884700038565, 44.94320999974601], [-88.915348000299, 44.94309900016983], [-88.91751499997068, 44.94306299979721], [-88.91856199990904, 44.943055999881096], [-88.92170600009722, 44.94303600029775], [-88.92275399986049, 44.94302999991271], [-88.92392100034778, 44.94301499990114], [-88.92456900007798, 44.94300600027377], [-88.92543400044147, 44.94300500010317], [-88.92627499961719, 44.94300299976188], [-88.92673699957457, 44.94300600027377], [-88.92844700021006, 44.94302000011736], [-88.92844800003498, 44.94302000011736], [-88.92852699967767, 44.94302100028774], [-88.92860899969344, 44.94302299999256], [-88.9286339998078, 44.94302199982222], [-88.92879600018951, 44.94302400016289], [-88.92895299965004, 44.94302899974249], [-88.92942399982823, 44.94303999970632], [-88.9302239998944, 44.943038000002055], [-88.9309019997618, 44.943054000177426], [-88.93110199977836, 44.94305100030385], [-88.93169099995733, 44.94303299978739], [-88.9318800001032, 44.94302999991271], [-88.93204499995967, 44.94302800020809], [-88.94048699958886, 44.94297100001409], [-88.94071300044298, 44.93872100008918], [-88.94087800029943, 44.935291000040195], [-88.94088400014722, 44.93514099987846], [-88.94103399993503, 44.931504999934646], [-88.94605299971683, 44.931518000303896], [-88.94614800015138, 44.927890000231734]], [[-88.93053699988883, 44.90258899987758], [-88.92989699965624, 44.90258700003741], [-88.92971199970833, 44.90258700003741], [-88.92783799993961, 44.90257200027946], [-88.92728700029379, 44.90257700019924], [-88.92719299968412, 44.90257799980136], [-88.9269859999949, 44.90256999980245], [-88.92687999968969, 44.90256799996161], [-88.92594200042959, 44.90255699988137], [-88.92563000026004, 44.90255399980125], [-88.92544299976397, 44.902551999959854], [-88.92541099997693, 44.89910799998695], [-88.9287240002195, 44.89911300020797], [-88.93049000003317, 44.8991159998313], [-88.93053699988883, 44.90258899987758]], [[-88.81734999992852, 44.910635000040934], [-88.81217100031317, 44.91057200018079], [-88.81209799961992, 44.90695099984572], [-88.81222800021457, 44.9069199998954], [-88.81727899978341, 44.90705900009617], [-88.81734999992852, 44.910635000040934]], [[-88.83810299999651, 44.91421100016018], [-88.83794099961479, 44.92151800019039], [-88.83583800041554, 44.92146499990955], [-88.8328089998551, 44.92147299982308], [-88.83293400042689, 44.914215999703785], [-88.83307900019184, 44.914215999703785], [-88.83810299999651, 44.91421100016018]], [[-88.88022300042579, 44.913621000072055], [-88.88021699967969, 44.91731700000978], [-88.88021199965682, 44.92089799994256], [-88.87504100043738, 44.92093099982476], [-88.87504100043738, 44.91731300008191], [-88.86990999960429, 44.91736299979664], [-88.869923999848, 44.91571500025366], [-88.86993300006883, 44.91465499979245], [-88.86994099956642, 44.913748000080766], [-88.87512199972993, 44.91368299972565], [-88.87969199997312, 44.91362699971311], [-88.88022300042579, 44.913621000072055]], [[-88.92570200023007, 44.92052500009112], [-88.92478400016314, 44.92051799997188], [-88.92282699965541, 44.920510999851736], [-88.9214740002936, 44.92050000002474], [-88.92061599960282, 44.9204980001716], [-88.92042200033238, 44.9204980001716], [-88.91898700005648, 44.920482999998804], [-88.91808400005816, 44.92048100014512], [-88.916658999828, 44.92047900029133], [-88.91557599990462, 44.9204689997492], [-88.91557500007973, 44.91358000006944], [-88.92059300003659, 44.91356099981006], [-88.92498500000458, 44.91354799982986], [-88.92560900034364, 44.91354699978232], [-88.92561799966616, 44.913828999774445], [-88.92570200023007, 44.92052500009112]], [[-88.90541699996723, 44.920459999768674], [-88.90538699983001, 44.92761700005396], [-88.9053860000051, 44.92792500014439], [-88.9053860000051, 44.927978999985925], [-88.90294700034686, 44.92796200026507], [-88.90035499962943, 44.92794000028211], [-88.89025699979139, 44.92801500027612], [-88.89015700023229, 44.92625500017038], [-88.89017099957768, 44.92563100017634], [-88.89018999984425, 44.92508000007797], [-88.89020300026304, 44.92472700027103], [-88.89021400013368, 44.924304999705726], [-88.89627300018117, 44.92423800012055], [-88.90037800009397, 44.9241939998379], [-88.90040099966018, 44.920459999768674], [-88.90051199998827, 44.92045899984142], [-88.90101800032656, 44.92046400011357], [-88.9020429996253, 44.92045799991415], [-88.90380799961407, 44.920456999986854], [-88.90399900030809, 44.920456999986854], [-88.90423600013456, 44.920456999986854], [-88.90494999998701, 44.92045899984142], [-88.90518799963837, 44.920459999768674], [-88.90541699996723, 44.920459999768674]]], [[[-88.79677199976274, 44.90680999969051], [-88.79676400026513, 44.90048400011279], [-88.79676300044021, 44.899551000190435], [-88.79523100007995, 44.89954499971639], [-88.79176999969938, 44.899534999985384], [-88.78794299962092, 44.89952300030594], [-88.7867519997425, 44.89951800012058], [-88.78672199960528, 44.90674800025732], [-88.78765499974082, 44.90675399997965], [-88.79677199976274, 44.90680999969051]]], [[[-88.93041700023825, 44.867194000188874], [-88.93042300008602, 44.86658599992362], [-88.92530499967171, 44.86661899978869], [-88.925302000197, 44.867274999894434], [-88.92093000032048, 44.86734599988843], [-88.92020499969908, 44.867342000303616], [-88.91911400027809, 44.86733399985976], [-88.91750499992493, 44.86732300004345], [-88.91584299986833, 44.86724100018912], [-88.91511999979507, 44.86720600024678], [-88.91511899997015, 44.86724100018912], [-88.91509999970356, 44.86823000000405], [-88.91506700009161, 44.86991800009156], [-88.91506399971854, 44.87009799981866], [-88.9152350003211, 44.870094999955114], [-88.91569100043066, 44.870088000060775], [-88.91623200003076, 44.87008500019676], [-88.91627499968845, 44.87008500019676], [-88.91671300025467, 44.87007599996709], [-88.91745200022149, 44.870115000103326], [-88.91753500006216, 44.87012199999439], [-88.92019899985131, 44.87009399978837], [-88.92069500014384, 44.87008900022762], [-88.92529200015125, 44.8700400003076], [-88.92529200015125, 44.870252999981425], [-88.92737500015734, 44.87017200001002], [-88.92911300038192, 44.870104000181826], [-88.9303939997737, 44.87005400010712], [-88.93041700023825, 44.867194000188874]]], [[[-88.83290500011456, 44.877877999812455], [-88.83287199960431, 44.87428399975341], [-88.82770800005754, 44.874366999852086], [-88.8276750004456, 44.8779439999431], [-88.8277740001798, 44.8779389997912], [-88.82805399966395, 44.877928000092], [-88.82848800003225, 44.87792099987727], [-88.82885499955505, 44.87792099987727], [-88.83050999993895, 44.87789999986443], [-88.83082600030644, 44.87789899983332], [-88.83096799969834, 44.87789899983332], [-88.83125800012658, 44.87789300028282], [-88.83290500011456, 44.877877999812455]]], [[[-88.79169500025463, 44.89589599991476], [-88.79160999986581, 44.89220799978611], [-88.79016000041963, 44.892204000019944], [-88.78664600033561, 44.892194000285116], [-88.78669599966601, 44.89585599971468], [-88.78930299955374, 44.89587599981823], [-88.79169500025463, 44.89589599991476]]], [[[-88.85989499960694, 44.91386600006773], [-88.85977099975837, 44.913602999872815], [-88.85973599959827, 44.91356700009354], [-88.85973599959827, 44.91386900019365], [-88.85989499960694, 44.91386600006773]]]]}, "properties": {"NAME": "Stockbridge Munsee Community", "GEOID": "4015R", "_type": "reservation"}}, {"type": "Feature", "geometry": {"type": "MultiPolygon", "coordinates": [[[[-84.96860400004215, 43.68869999979772], [-84.96859599964623, 43.68771699990145], [-84.96856700023223, 43.68684899997451], [-84.9685510003387, 43.685689999795535], [-84.96850500030796, 43.683484000259604], [-84.96847699982054, 43.683394000270106], [-84.96843499998775, 43.68334900022473], [-84.96835200014708, 43.68328900011171], [-84.96839700035292, 43.681203999838324], [-84.96827400032927, 43.680808000066264], [-84.96820099963601, 43.680456000095774], [-84.96816999967388, 43.67940900009177], [-84.96818599956741, 43.679119999723085], [-84.9682340001463, 43.67685000001125], [-84.96818499974249, 43.675504000105676], [-84.96803800032771, 43.674346000289965], [-84.96802099971096, 43.67340199977462], [-84.96801300021335, 43.67265900004569], [-84.96799700031984, 43.672057999795804], [-84.96796100033482, 43.6709669998556], [-84.96794799991603, 43.670307000107], [-84.96793700004537, 43.66971699982902], [-84.96787199974804, 43.66898300018268], [-84.96787000009822, 43.66841700004826], [-84.96791199993102, 43.66512100007188], [-84.96793700004537, 43.66322599987787], [-84.96792799982455, 43.662454000296556], [-84.96790500025833, 43.66219599987145], [-84.96772600015818, 43.654174000265755], [-84.96780300015106, 43.654061999715516], [-84.96781499984664, 43.65399000017995], [-84.96778700025756, 43.65254900014291], [-84.96780599962581, 43.65061800009929], [-84.96776600034116, 43.64797700023491], [-84.96775000044762, 43.64696499984095], [-84.96773200000597, 43.64301400021568], [-84.96770600006668, 43.641368000020464], [-84.96780099960294, 43.6403650000594], [-84.96779899995312, 43.64011799999688], [-84.96779599958006, 43.63976500011626], [-84.9677909995572, 43.63962599980228], [-84.96776499961793, 43.6359870003072], [-84.96770900043975, 43.634333999737876], [-84.9677069998916, 43.63423799979806], [-84.96770500024179, 43.63410999985646], [-84.9676859999752, 43.633502000149285], [-84.96768099995234, 43.63339100002958], [-84.96767900030251, 43.63333399994114], [-84.96763300027176, 43.629729000078704], [-84.9676280002489, 43.62955900031587], [-84.96762400005093, 43.62945400026038], [-84.96762099967789, 43.62933400015815], [-84.96758899989084, 43.62802800026384], [-84.96759100043896, 43.62793999981508], [-84.96759300008878, 43.627815000293616], [-84.96751899957061, 43.6251310000932], [-84.96751100007302, 43.62444100025484], [-84.96735399971418, 43.61073700009724], [-84.96725400015508, 43.59649499982217], [-84.9669110000234, 43.58187299990572], [-84.96673000027344, 43.567436000246836], [-84.96670900035704, 43.56658399988671], [-84.96664099968666, 43.56304400013516], [-84.9666159995723, 43.56166199978016], [-84.9665720000897, 43.56140599986205], [-84.96623599963071, 43.5604449998795], [-84.96639899983732, 43.55874200017666], [-84.96645499991382, 43.55846699996631], [-84.96651299964014, 43.557815999884546], [-84.9665160000132, 43.556704000066915], [-84.96648099985309, 43.553012999839304], [-84.94672299984494, 43.55302499985291], [-84.94641900007133, 43.55301999984751], [-84.93653299994541, 43.55303799986489], [-84.9268440003613, 43.55306199987966], [-84.9265129999252, 43.55306699988152], [-84.92143300004403, 43.55307799988424], [-84.91662799962417, 43.55307099988273], [-84.91201999974614, 43.55310199988306], [-84.90690800007792, 43.55311699987748], [-84.89683299980611, 43.553158999842026], [-84.8956550003465, 43.55315699984438], [-84.88717400035922, 43.55317599981939], [-84.88034100018487, 43.55319599978656], [-84.86826699957255, 43.55324299968332], [-84.86792699981392, 43.553247000323886], [-84.86777799985101, 43.55327100025541], [-84.86750400021462, 43.55334000000541], [-84.86582299989144, 43.553333000034385], [-84.86390100044214, 43.5533110001201], [-84.86335400009598, 43.55330600013847], [-84.86218699960868, 43.553286000207805], [-84.86084500011754, 43.55326400027637], [-84.85872000027865, 43.55324399968072], [-84.85521100021751, 43.55320099977731], [-84.84950299979934, 43.55328800020118], [-84.84920999989636, 43.553287000204506], [-84.8489160001685, 43.553287000204506], [-84.84815100026242, 43.5532850002111], [-84.84748900028853, 43.55326400027637], [-84.84753100012132, 43.553756000079204], [-84.84755299986263, 43.55486900023424], [-84.84756100025855, 43.555271000027545], [-84.84768000008425, 43.55707500009426], [-84.84767599988629, 43.56055199973906], [-84.84774700003139, 43.567790000175826], [-84.84778399984133, 43.57501199975994], [-84.84777100032083, 43.576423000200585], [-84.84777999964336, 43.576907999785426], [-84.84781900000141, 43.577048000240566], [-84.8478730004281, 43.57715600014616], [-84.84783599971985, 43.577617999941864], [-84.84783300024513, 43.5778299998082], [-84.84782800022225, 43.57818500005253], [-84.847902999667, 43.57978999991002], [-84.8478390000929, 43.58000099973396], [-84.84780099955975, 43.58029300004097], [-84.847802000283, 43.58106400031643], [-84.84781999982633, 43.58225499968814], [-84.84791699991071, 43.58954300031241], [-84.84792600013152, 43.59269300011094], [-84.8479660003145, 43.59513900008744], [-84.84798100038313, 43.59664899990559], [-84.84279799967149, 43.596682000104565], [-84.83432300043033, 43.59681300014408], [-84.83183299982015, 43.59682900023861], [-84.82751600019522, 43.596898000190976], [-84.81705000011118, 43.596925000065966], [-84.81274600000674, 43.596935999867], [-84.80774599959321, 43.59695399977363], [-84.80266700043528, 43.5969869998053], [-84.79772899994605, 43.597035999858356], [-84.7951990000512, 43.59703300009526], [-84.7927770001114, 43.59705099997287], [-84.7908199996037, 43.59706500016307], [-84.7902990000951, 43.59706500016307], [-84.78666199998743, 43.597092999883195], [-84.78645600012312, 43.59709199996311], [-84.78625199990863, 43.59709100004301], [-84.78512899980227, 43.597122000160425], [-84.7822800000652, 43.5971380001728], [-84.78111799960078, 43.59714399968843], [-84.77998100014905, 43.59715199969222], [-84.77857799966021, 43.59715500009997], [-84.77757500010277, 43.59715899977602], [-84.77661600002796, 43.597157999857025], [-84.77586399964237, 43.59716599985896], [-84.7753599998522, 43.59716699977782], [-84.77414499968434, 43.59717000018481], [-84.77405299962284, 43.59717000018481], [-84.77195200007341, 43.597164000021195], [-84.77139800005453, 43.59716200018341], [-84.7712349998479, 43.59716200018341], [-84.77048400018555, 43.59716300010229], [-84.76972699977709, 43.59716699977782], [-84.76902700016836, 43.59716599985896], [-84.76832300036166, 43.59717599969726], [-84.76757699982386, 43.59717700026647], [-84.76638199974748, 43.59719500010101], [-84.76519500006702, 43.59722000000683], [-84.76311700008381, 43.59721800017091], [-84.7627439998149, 43.59722099992478], [-84.76191799980948, 43.597222999760604], [-84.75894500022386, 43.59723899974616], [-84.7575969999866, 43.59724800030536], [-84.75636299955217, 43.59724499990225], [-84.75515300030548, 43.597251000057796], [-84.754548000233, 43.59724699973732], [-84.75401099993258, 43.59724699973732], [-84.75337499989793, 43.59724900022285], [-84.75082300026179, 43.59725299989261], [-84.74768699957123, 43.597258000130026], [-84.73907199968967, 43.597157999857025], [-84.73850000012746, 43.59711500007237], [-84.73802300010148, 43.59710099989377], [-84.73762600044144, 43.597109999823076], [-84.73292499977866, 43.597049000131285], [-84.72755000034472, 43.59697999970149], [-84.71871799982985, 43.59710500022394], [-84.70949600022598, 43.59723599999314], [-84.70779599963622, 43.59725999996466], [-84.70782199957549, 43.5951940000542], [-84.70782199957549, 43.59515499997648], [-84.70782300029872, 43.59509600016116], [-84.70782400012364, 43.59506099983539], [-84.70782499994854, 43.59500299988273], [-84.70782599977346, 43.59491499989268], [-84.70781800027584, 43.59409500024558], [-84.70781699955262, 43.59399799983548], [-84.7078159997277, 43.59377599989817], [-84.70781400007787, 43.59363499997868], [-84.70780499985706, 43.59241000007385], [-84.70780999987991, 43.590912000215106], [-84.70780999987991, 43.59084800002477], [-84.70781300025298, 43.589950999934786], [-84.70780099965909, 43.588886000002155], [-84.70776700022223, 43.58581699971011], [-84.7078070004052, 43.584634000246346], [-84.70717899986816, 43.58465800003802], [-84.70370599979202, 43.58466900012912], [-84.70350699960039, 43.58467299998431], [-84.70345899991982, 43.5846740001107], [-84.70343600035359, 43.58467000025562], [-84.70341399971397, 43.58467000025562], [-84.70334199974396, 43.584670999731394], [-84.70310099971955, 43.584670999731394], [-84.70264600033317, 43.58467500023712], [-84.70335400033784, 43.58270600025637], [-84.7027969999459, 43.58270799992385], [-84.70203000039004, 43.582710999750304], [-84.69878099972158, 43.58272100003831], [-84.69865000020032, 43.58272200019717], [-84.69813800001424, 43.58272399986413], [-84.69779499988257, 43.582780000272244], [-84.69780300027848, 43.58476099998425], [-84.69779800025562, 43.586021999911004], [-84.69779499988257, 43.58724799978517], [-84.68931300007038, 43.58725499971962], [-84.68931499972021, 43.588217000169465], [-84.68783900033476, 43.588213999966754], [-84.68783900033476, 43.588305000193834], [-84.68784299963441, 43.589270999678305], [-84.68784400035763, 43.589814999717355], [-84.68843600001134, 43.58983499988343], [-84.68855099963905, 43.58984699971964], [-84.68865500029445, 43.58985700012346], [-84.6891089998559, 43.589932999885406], [-84.68908899976441, 43.59026500021988], [-84.68851300000424, 43.59025900001846], [-84.68784500018253, 43.59031199982528], [-84.6878490003805, 43.59301299968085], [-84.6878490003805, 43.59323599981458], [-84.6878490003805, 43.593325000290776], [-84.68785000020542, 43.59348599988935], [-84.68785000020542, 43.593722999888776], [-84.69210099970809, 43.59371100017476], [-84.69284499969775, 43.593629000113246], [-84.69395699993346, 43.59362500020261], [-84.69583599972505, 43.593629000113246], [-84.69784299956315, 43.59363599995621], [-84.69819400009072, 43.59363499997868], [-84.70002900039972, 43.593632000046036], [-84.70262399969356, 43.59362700015794], [-84.70269099964071, 43.59584899993477], [-84.7027259998008, 43.59727400010623], [-84.70025199998248, 43.59726299971645], [-84.69887699998104, 43.597257000212686], [-84.69867899961432, 43.59725600029537], [-84.69848500034388, 43.59725499972742], [-84.6978319996925, 43.597251999975235], [-84.69397500037512, 43.597258000130026], [-84.69307599967645, 43.59725900004735], [-84.69286999981212, 43.59725900004735], [-84.68849399973766, 43.5972720002721], [-84.68787600014468, 43.59727400010623], [-84.68381399988958, 43.59726899987019], [-84.68347900015382, 43.59726899987019], [-84.6815979998141, 43.59726700003585], [-84.67794900001088, 43.59728300000967], [-84.6680240004252, 43.597298999979266], [-84.6624480002515, 43.59726799995303], [-84.6480439997609, 43.59714800001574], [-84.64646700009311, 43.59717000018481], [-84.64472800004361, 43.597172000022326], [-84.64296399987974, 43.59718700010294], [-84.6297729999072, 43.5972379998285], [-84.62804399990343, 43.59724100023195], [-84.62755299963375, 43.59723899974616], [-84.6254370000157, 43.597228000000506], [-84.6246980000489, 43.59722500024698], [-84.62272999967054, 43.59726999978729], [-84.61757000032176, 43.59721399984824], [-84.61298800038298, 43.59711500007237], [-84.60782499976283, 43.59704599971825], [-84.60782499976283, 43.5970890002028], [-84.60782800013588, 43.59721900008885], [-84.60782800013588, 43.597520000018164], [-84.60782800013588, 43.59782300020938], [-84.6078289999608, 43.59962900005528], [-84.60783399998367, 43.60093400028809], [-84.60783900000654, 43.601141000097314], [-84.6078719996185, 43.60443899993771], [-84.60785999992294, 43.611554999926774], [-84.60785499990006, 43.61272700012471], [-84.60789300043321, 43.614153999801566], [-84.60790900032673, 43.61462400012695], [-84.60791699982434, 43.61520899989766], [-84.60795199998444, 43.6173620001456], [-84.60801800010667, 43.618798999888895], [-84.60803599965003, 43.619189999940765], [-84.6080409996729, 43.62027600001847], [-84.6080409996729, 43.62036800006514], [-84.6080409996729, 43.62045999997102], [-84.60804200039613, 43.62066600004143], [-84.60804200039613, 43.620873000231505], [-84.60804499987087, 43.621038000287264], [-84.60804700041899, 43.62116799979545], [-84.60804900006883, 43.62128600025624], [-84.60805099971864, 43.62140500000138], [-84.60806599978726, 43.62237200019179], [-84.60807699965791, 43.62310300018804], [-84.60808099985587, 43.62333999991919], [-84.60808199968079, 43.62342400006881], [-84.60808400022891, 43.62350699996979], [-84.60808599987874, 43.623575999886405], [-84.60808599987874, 43.62364300011606], [-84.60808699970366, 43.62365900022782], [-84.60809400027466, 43.624805999784805], [-84.60810000012243, 43.62596500000164], [-84.60809400027466, 43.62605300009052], [-84.60810599997023, 43.62667600025726], [-84.60804400004595, 43.63268699973319], [-84.60804300022104, 43.63279399994584], [-84.60803800019816, 43.63324900001683], [-84.60801399990872, 43.634790999739295], [-84.60798999961928, 43.637888000004736], [-84.60796000038036, 43.64073399978245], [-84.60784599967921, 43.655304000051274], [-84.60772799967846, 43.66418500020325], [-84.6076530002337, 43.66987700023527], [-84.60760399982989, 43.67703500009799], [-84.60760300000497, 43.67748600014595], [-84.60760200018007, 43.677937000052594], [-84.60758200008858, 43.681113999676676], [-84.60756100017218, 43.68429199974783], [-84.60743099957753, 43.69441400032302], [-84.60736299980547, 43.69882099997592], [-84.6073569999577, 43.70157099991229], [-84.60727699959176, 43.70671399999238], [-84.6072389999569, 43.71327100032116], [-84.6072239998883, 43.71343200008487], [-84.60720700016985, 43.714505000037676], [-84.60694400040413, 43.72795700010593], [-84.60686900006105, 43.73527799988498], [-84.6068580001904, 43.7377929999065], [-84.60684700031975, 43.74261000009225], [-84.60678299984733, 43.74779899972909], [-84.60675500025823, 43.75038099970517], [-84.60672099992306, 43.75351899986335], [-84.60665700034895, 43.757098999711], [-84.60657799980793, 43.76255300027805], [-84.60654299964781, 43.76482600009803], [-84.60653699980003, 43.76521199980777], [-84.60650900021095, 43.76566100016839], [-84.60648300027167, 43.76948299982003], [-84.60648099972354, 43.76980900017858], [-84.60648099972354, 43.770315000208434], [-84.60646099963206, 43.77062800024019], [-84.60644399991362, 43.77099700010326], [-84.60644100043888, 43.77120800006016], [-84.60643700024092, 43.771577000236846], [-84.60634799965415, 43.77881300015841], [-84.60632400026302, 43.782407000016505], [-84.60629599977561, 43.78574999991664], [-84.60628699955478, 43.7860220001627], [-84.606252000293, 43.789073000306516], [-84.60621200011002, 43.79179699981138], [-84.60613400029222, 43.80052300019435], [-84.60608599971333, 43.804059000165815], [-84.6060840000635, 43.80420400028941], [-84.60607999986556, 43.80438599973178], [-84.60607900004064, 43.80443800021156], [-84.60601100026857, 43.80782299998991], [-84.6060199995911, 43.81034999974257], [-84.60602100031431, 43.810546000245914], [-84.60603600038293, 43.81515400001271], [-84.60603499965971, 43.81521799972979], [-84.60603700020785, 43.81536499969123], [-84.60818799998599, 43.81532499981251], [-84.60990199992115, 43.8153410000265], [-84.61293200030647, 43.815284999907036], [-84.61526100035985, 43.815284999907036], [-84.61613000002299, 43.81526100021015], [-84.61901599957, 43.8152369998554], [-84.62496400018769, 43.815228999735005], [-84.63346400044152, 43.81516500002976], [-84.63440500007468, 43.815188999765184], [-84.63760199996628, 43.81517300015868], [-84.64108699973798, 43.81517300015868], [-84.64365400034107, 43.81516500002976], [-84.64459499997422, 43.81517300015868], [-84.6462059999772, 43.81517300015868], [-84.64673700042984, 43.815166999738], [-84.6519229997179, 43.81517700022276], [-84.65613099956288, 43.815184999701906], [-84.66275299985003, 43.815192000298644], [-84.6667289998914, 43.8151459998812], [-84.67901900041379, 43.81512300030742], [-84.68436999955827, 43.81511399999265], [-84.68502800023255, 43.81511200028264], [-84.68689899962821, 43.81510899974519], [-84.70715700012684, 43.81505300005634], [-84.7284430002973, 43.814994999952866], [-84.72846699968844, 43.81256900010987], [-84.72845800036592, 43.81211999999512], [-84.72842999987851, 43.81143700028328], [-84.72842099965767, 43.811217000085364], [-84.72844099974917, 43.80809200002005], [-84.72842900005361, 43.80776300003962], [-84.72843499990138, 43.80034799974875], [-84.72844699959694, 43.79222400025542], [-84.72844999997, 43.78587599999373], [-84.72844499994711, 43.782051999745974], [-84.72845699964269, 43.77865400001011], [-84.72846300038877, 43.77350299969183], [-84.72845499999286, 43.77141000015763], [-84.72845199961982, 43.77114700005074], [-84.72844499994711, 43.770614000277924], [-84.72839300006859, 43.76430999977914], [-84.72844499994711, 43.763557999939394], [-84.72838200019793, 43.75704599971361], [-84.72826300037225, 43.74706899982929], [-84.72823999990771, 43.742575000013346], [-84.72814399964824, 43.73889999987475], [-84.72812500027999, 43.72925300013545], [-84.72811100003628, 43.72809399971145], [-84.73303600010674, 43.728072000080225], [-84.73672500009295, 43.728061000261576], [-84.74188699998984, 43.72802499977871], [-84.74661600024172, 43.728001000093954], [-84.74792699977074, 43.72798699989471], [-84.75831500003699, 43.72793600011501], [-84.75870400019943, 43.727936999805614], [-84.76589999969863, 43.727909000023125], [-84.76789200036644, 43.72791799983872], [-84.77263999998658, 43.727869000032875], [-84.7835329998679, 43.727824000255424], [-84.7879419995543, 43.72780900032209], [-84.78944700015039, 43.72778200017296], [-84.80791100034797, 43.727601000253415], [-84.81302700021413, 43.727569000228684], [-84.8137229996249, 43.727565000143244], [-84.81790000040606, 43.72751899979066], [-84.81845000022696, 43.727513000306516], [-84.82300600022647, 43.727428999676], [-84.82766500015815, 43.7274279999769], [-84.82790600018258, 43.72741999978693], [-84.84532300044177, 43.7272840002888], [-84.84850600008967, 43.727258000254125], [-84.85307100031002, 43.72720899990838], [-84.85863400006494, 43.72715699976264], [-84.86322299967642, 43.72710199980905], [-84.86828800038727, 43.72704699980491], [-84.87276099964777, 43.727015999839374], [-84.87840899979153, 43.72698400015124], [-84.88232000043386, 43.72698000002673], [-84.88844399988037, 43.72695899969328], [-84.88973100001823, 43.72695100008984], [-84.89846999974836, 43.72688099978138], [-84.90842700001939, 43.72680400012655], [-84.9132990003864, 43.72677700017353], [-84.91477300012204, 43.726775000104396], [-84.92850200021994, 43.726692999809224], [-84.94140799978716, 43.72669000002583], [-84.9486769999796, 43.726703000167895], [-84.9536670003474, 43.726638000078715], [-84.96107700010684, 43.726566999690974], [-84.96739200024733, 43.72652799981708], [-84.96835200014708, 43.72652400031125], [-84.968388999957, 43.71201200031598], [-84.96835100032216, 43.71002400021772], [-84.96832899968253, 43.70557000022508], [-84.96831799981189, 43.70321800006589], [-84.96830799976614, 43.70166499977069], [-84.96827900035213, 43.699946000198935], [-84.96825199968964, 43.69764400029651], [-84.96827000013131, 43.69705999986338], [-84.96828000017706, 43.69644800004113], [-84.96828299965178, 43.696260000055744], [-84.96828500019991, 43.6961600001412], [-84.96828600002483, 43.696058999837405], [-84.96828199982687, 43.69591800012553], [-84.9682759999791, 43.693865999853124], [-84.96828299965178, 43.69066599997721], [-84.9683470001242, 43.69036300002584], [-84.96856100038444, 43.689728000313686], [-84.96860400004215, 43.68869999979772]]], [[[-83.89626700003124, 43.93852900012357], [-83.89625500033569, 43.93771600025235], [-83.89471600030274, 43.93771500018841], [-83.89471700012764, 43.93799700009719], [-83.89378999983987, 43.937999000215655], [-83.89379499986275, 43.93889099976191], [-83.89453200017971, 43.93889199980612], [-83.89502799957395, 43.93888700023183], [-83.89502699974904, 43.93872700004869], [-83.89502699974904, 43.938599999770695], [-83.89502599992412, 43.938531000224096], [-83.89626700003124, 43.93852900012357]]], [[[-83.9020859998792, 43.93133900014778], [-83.90208500005429, 43.93126800024114], [-83.90207099981059, 43.930892999747215], [-83.90107499992584, 43.930897999993626], [-83.90107300027603, 43.93085099998976], [-83.90100799997869, 43.92867900020286], [-83.89975500017599, 43.928686999989], [-83.89903899977541, 43.92868800020481], [-83.89909900004987, 43.93047099981941], [-83.89860500030547, 43.9304739997298], [-83.89859199988668, 43.92995099990822], [-83.89856000009962, 43.92869199977389], [-83.8963690001385, 43.92869700020535], [-83.89612599956595, 43.92869899998964], [-83.89615300022844, 43.930418999838764], [-83.89616300027419, 43.93104999977937], [-83.89617400014484, 43.93174499969891], [-83.89618300036565, 43.93233099998312], [-83.89618400019057, 43.9324049997276], [-83.89649999965974, 43.93236299974402], [-83.89850599967293, 43.932311000123796], [-83.8986360002676, 43.93230800030602], [-83.89863000041981, 43.931939000220375], [-83.89862100019897, 43.93137300013687], [-83.90037699996692, 43.931366999759646], [-83.90038000033998, 43.931761999903316], [-83.90028900010337, 43.931776000258246], [-83.90005300010183, 43.931820999851865], [-83.89996199986523, 43.93186499989606], [-83.89989400009317, 43.93189800006953], [-83.89988499987234, 43.931907000231334], [-83.89989999994096, 43.932257000146514], [-83.90113000017743, 43.93224699988178], [-83.90111099991086, 43.931667999930106], [-83.9011000000402, 43.93134300018554], [-83.90126400007173, 43.93134300018554], [-83.9020859998792, 43.93133900014778]]], [[[-83.9137920002455, 43.92804599988662], [-83.91537200028631, 43.9249760001113], [-83.91131900025205, 43.92501199976395], [-83.91106200033411, 43.9250140003191], [-83.9111049999918, 43.9255979997446], [-83.91110699964162, 43.92576299969903], [-83.91094599998316, 43.92576700011181], [-83.91036299965197, 43.92577099987735], [-83.91013000002346, 43.92577400002479], [-83.9101600001607, 43.92693999972732], [-83.91017699987914, 43.92719500023978], [-83.91036299965197, 43.92719299975797], [-83.91097500029547, 43.92718900008804], [-83.91113400030412, 43.92718900008804], [-83.91114199980174, 43.92742500020839], [-83.9111590004185, 43.9279939997268], [-83.91130599983326, 43.927988999883226], [-83.9119069997078, 43.927996000181714], [-83.91191799957846, 43.92808400007423], [-83.91193099999725, 43.928589000108786], [-83.91252199982603, 43.92856399984285], [-83.91352500028178, 43.9285750002976], [-83.9137920002455, 43.92804599988662]], [[-83.91187900011869, 43.92675699986559], [-83.91190500005797, 43.9270560002355], [-83.9112930003128, 43.92702600004767], [-83.91112900028125, 43.92702199971957], [-83.91112199971025, 43.926755000015994], [-83.91110900018977, 43.92590900003387], [-83.9112599998025, 43.925907000155775], [-83.91186099967705, 43.92590500027761], [-83.91187900011869, 43.92675699986559]]]]}, "properties": {"NAME": "Isabella Reservation", "GEOID": "1610R", "_type": "reservation"}}, {"type": "Feature", "geometry": {"type": "MultiPolygon", "coordinates": [[[[-89.88594500024979, 47.98653800005621], [-89.88682300013375, 47.98670600024353], [-89.8778719997932, 47.97630500021148], [-89.87493400036769, 47.97268900007824], [-89.86776499973435, 47.96367699970785], [-89.86240199999597, 47.95704999988471], [-89.86163299989194, 47.956099999722355], [-89.86099799968223, 47.95531499996338], [-89.86026299991337, 47.954406000293936], [-89.85566500008107, 47.94872399986381], [-89.85549500020177, 47.94829000028278], [-89.85481399996128, 47.94737700026205], [-89.85481300013637, 47.94696499985043], [-89.85477899980118, 47.946280000176095], [-89.85463900005911, 47.94606099979419], [-89.85848500040414, 47.946172999935094], [-89.85892999974476, 47.934475999989004], [-89.86777300013027, 47.93492400019587], [-89.86828199994328, 47.90009000019466], [-89.8684519998226, 47.888434999717006], [-89.86850200005131, 47.88498600001493], [-89.86854700025715, 47.88194200010657], [-89.86855999977764, 47.88143599973473], [-89.8687189997863, 47.87563299972913], [-89.8687120001136, 47.875464000229165], [-89.86870899974056, 47.874793000273186], [-89.86871100028868, 47.87439999972757], [-89.86868899964905, 47.874400999964266], [-89.86855999977764, 47.87440599994227], [-89.86822800041493, 47.87441900000341], [-89.86688000017769, 47.87443500016689], [-89.86534299979454, 47.874046000290534], [-89.86470000008721, 47.873803000196354], [-89.86390099984595, 47.873791999874975], [-89.8616930001664, 47.874232999698734], [-89.86108999974373, 47.8743590002502], [-89.86019599996622, 47.87421299971692], [-89.85994400007115, 47.87422799970399], [-89.85974499987952, 47.87424099980983], [-89.85883900040648, 47.8745309998389], [-89.85806500027957, 47.874639999941316], [-89.85753600037506, 47.874714999817854], [-89.85638999980418, 47.874633000124085], [-89.8552590002002, 47.87398100008685], [-89.85461300011984, 47.873871999803335], [-89.85396000036677, 47.87399699978301], [-89.85345400002848, 47.874258999904555], [-89.85222999963977, 47.87489000011175], [-89.85210800033936, 47.8751830001862], [-89.85159899962802, 47.87533100023152], [-89.85064799994912, 47.87545599970434], [-89.84952800021581, 47.875821999853976], [-89.84864600013387, 47.876232999869075], [-89.84796700044154, 47.87673599987258], [-89.84779800038716, 47.877215999842164], [-89.84627100004974, 47.87858699971623], [-89.84545599991498, 47.87861000028364], [-89.8452180002636, 47.878381999892405], [-89.84457300000813, 47.87826700006222], [-89.84430199984648, 47.87842699983504], [-89.84423400007441, 47.87872399980173], [-89.84392899957759, 47.87918099972762], [-89.84352100004688, 47.87938700014541], [-89.84304599967072, 47.87947800019195], [-89.8427400002473, 47.87934199983161], [-89.84219700009908, 47.87863399979081], [-89.84148400007155, 47.878176999859946], [-89.84077100004403, 47.878176999859946], [-89.84036299961502, 47.878497000069785], [-89.84019399956063, 47.878954000190525], [-89.84036400033825, 47.87968500016595], [-89.84009300017661, 47.880005000099004], [-89.8391080001625, 47.88009600026504], [-89.83842899957185, 47.88036999992544], [-89.83815800030851, 47.880689999844805], [-89.8373769996106, 47.881443999938604], [-89.83635899998457, 47.881970000240024], [-89.8360529996628, 47.882037999726485], [-89.83452500039881, 47.881924000270985], [-89.8339820002506, 47.88190200006183], [-89.83367699975375, 47.88215300022306], [-89.83316700011582, 47.882130000023686], [-89.83309900034375, 47.882016000168214], [-89.83272600007486, 47.881742000176445], [-89.83204700038252, 47.88178799970457], [-89.83153699984626, 47.88133099988134], [-89.83068800027462, 47.88137699977446], [-89.83045100044815, 47.88181100005584], [-89.82929700037965, 47.88222200015749], [-89.82875300040652, 47.88267899995256], [-89.8278369999894, 47.88318200003082], [-89.82702199985464, 47.88320499976311], [-89.82647899970642, 47.88290800018179], [-89.8263089998271, 47.88295399987952], [-89.82607100017573, 47.88343300001458], [-89.82573200024201, 47.8835020000514], [-89.82505299965135, 47.88341099984382], [-89.8243589998904, 47.88298599974991], [-89.82389799975796, 47.88270299998461], [-89.823456999717, 47.88268000002939], [-89.82301499985113, 47.88277099971379], [-89.82284599979671, 47.88295399987952], [-89.82311699995837, 47.883228000087655], [-89.8230490001863, 47.88345600023788], [-89.82257399981016, 47.88359300009912], [-89.8220990003323, 47.88347899984852], [-89.82104599964785, 47.883731000257065], [-89.82009599979385, 47.88434700011096], [-89.81951800038384, 47.88466700016394], [-89.81782100016714, 47.884735999761865], [-89.81741299973815, 47.8844620003011], [-89.81758299961746, 47.883821999902494], [-89.81720900042197, 47.88384499995308], [-89.81697199969719, 47.88395900000066], [-89.81608899979034, 47.884369999928424], [-89.81612300012553, 47.884735999761865], [-89.81649600039444, 47.88512400007637], [-89.81649600039444, 47.88549000000399], [-89.81622500023278, 47.8856040000458], [-89.81598699968308, 47.88544400014862], [-89.81554599964213, 47.8853529997381], [-89.81513800011143, 47.88537599971132], [-89.81496800023211, 47.885558000291624], [-89.81513800011143, 47.88590099983243], [-89.81513800011143, 47.886380999830365], [-89.81486699994977, 47.88649499971838], [-89.8144590004191, 47.886380999830365], [-89.81354200017708, 47.88608399978403], [-89.81286299958641, 47.886175000115074], [-89.81197999967956, 47.886175000115074], [-89.81160700030898, 47.886426000053966], [-89.81119899987998, 47.88660899995791], [-89.81014699991874, 47.88647200024209], [-89.80990900026737, 47.88663199997579], [-89.80939999955602, 47.886814999754364], [-89.80861799993153, 47.8874080000161], [-89.80793900023919, 47.887499999812036], [-89.80749800019821, 47.88763699982075], [-89.80681899960756, 47.88800200008901], [-89.80634300030482, 47.88845900009412], [-89.80593599970072, 47.888663999799924], [-89.80518900023633, 47.88870999980755], [-89.80454300015595, 47.88916700019166], [-89.80403299961968, 47.88994300020067], [-89.80376099963314, 47.890263000016496], [-89.80237800013408, 47.890432999961526], [-89.80148600000642, 47.890194999882226], [-89.80077299997889, 47.89007999977092], [-89.80039899988508, 47.89046899973657], [-89.79978799996479, 47.89062799984909], [-89.79941399987098, 47.89110800001196], [-89.7986670004066, 47.89140500016235], [-89.79808999992319, 47.891450000237356], [-89.79788599970868, 47.891608999747376], [-89.79747800017799, 47.89167799973517], [-89.7972749997884, 47.8914950002732], [-89.79690099969459, 47.891289999726176], [-89.79608599955982, 47.891289999726176], [-89.79571300018921, 47.89122199973568], [-89.79544100020266, 47.89094800025119], [-89.79472800017513, 47.890993000120936], [-89.79353899994653, 47.8913580002297], [-89.79306299974547, 47.89190600003625], [-89.79251999959726, 47.892156999909574], [-89.79217999983862, 47.892407999770974], [-89.79211200006658, 47.892910000060446], [-89.79184000008, 47.893390000153495], [-89.79116100038767, 47.8935950002177], [-89.7903460002529, 47.89364100006186], [-89.78980200027976, 47.893731999764086], [-89.78919100035948, 47.89421200006788], [-89.78854500027911, 47.89514800030021], [-89.7881720000102, 47.89542199984758], [-89.78660899968781, 47.895558999981006], [-89.78592999999546, 47.89585599990048], [-89.78504700008861, 47.8961069999014], [-89.7833139998869, 47.89669999977376], [-89.78287200002103, 47.897270999775415], [-89.7812080003146, 47.8977729998987], [-89.78049500028708, 47.89784200010505], [-89.7798490002067, 47.8976360002028], [-89.7796449999922, 47.89781799986042], [-89.77893199996467, 47.898091999733396], [-89.7784569995885, 47.89795500027931], [-89.77821899993714, 47.898091999733396], [-89.7775050000847, 47.8984119997848], [-89.77723300009814, 47.898593999725975], [-89.77726700043331, 47.89891400028827], [-89.77780999968321, 47.89921100023551], [-89.77760600036703, 47.899508000285756], [-89.77709699965568, 47.89959899991556], [-89.77645200029855, 47.89964499984626], [-89.77539799978916, 47.90000999979824], [-89.77529599968192, 47.9010610000807], [-89.7747180002719, 47.90128900001986], [-89.77400400041948, 47.90197400014125], [-89.77318900028469, 47.90217899994515], [-89.77301900040538, 47.902110999800534], [-89.77291800012304, 47.90176799981731], [-89.77261199980128, 47.90160799987127], [-89.77233999981473, 47.90169900002544], [-89.77233999981473, 47.90217899994515], [-89.77213599960022, 47.90254400009822], [-89.77060699961301, 47.90277200013033], [-89.76934999961236, 47.90274900005376], [-89.76843300026864, 47.902497000038096], [-89.76707499998565, 47.90261099998204], [-89.76693900044152, 47.90238200014662], [-89.76663300011977, 47.9022000002729], [-89.76632799962292, 47.9022680003006], [-89.76625900002595, 47.902495999741625], [-89.76602100037456, 47.902816000274484], [-89.76551199966323, 47.90290700011179], [-89.7628620001178, 47.903249000095144], [-89.76218300042548, 47.90327100027024], [-89.76167299988921, 47.90343099989409], [-89.76133300013059, 47.90381899986386], [-89.76045000022376, 47.90390999974461], [-89.75898900000858, 47.90370399989826], [-89.75790199988724, 47.903725999880024], [-89.75664499988659, 47.90395400012588], [-89.75657700011455, 47.90418199996973], [-89.756813999941, 47.90438799972042], [-89.7563000001051, 47.907928000183496], [-89.75555199991747, 47.90838500016974], [-89.75504300010444, 47.90854400006467], [-89.7543280004271, 47.909205999704895], [-89.75303700009125, 47.9096169997862], [-89.75259500022538, 47.91002800021641], [-89.75174499993051, 47.91069000014267], [-89.75082699986355, 47.91096299979543], [-89.75009200009472, 47.911155999783766], [-89.74921900023362, 47.91162300016574], [-89.74755499962889, 47.91182999992182], [-89.74728299964231, 47.91201200025663], [-89.74741900008475, 47.91235499979613], [-89.74741999990967, 47.912605999886374], [-89.74691000027171, 47.91274399980347], [-89.74494000024353, 47.91262999989837], [-89.74473600002904, 47.91279000009552], [-89.74483800013628, 47.91290499974342], [-89.74531400033736, 47.91299599990677], [-89.74541600044459, 47.913224000261636], [-89.74517799989492, 47.91352099999369], [-89.74470300041708, 47.91372699990544], [-89.74436399958506, 47.91400099986752], [-89.74429599981299, 47.91459400008469], [-89.74273400021382, 47.91525700005322], [-89.74236000011999, 47.91514300026565], [-89.74185100030695, 47.91514300026565], [-89.74147700021317, 47.91553199978512], [-89.74076400018564, 47.915508999959904], [-89.73991499971565, 47.91578400015873], [-89.73991499971565, 47.91589799973817], [-89.73974499983633, 47.91633199972595], [-89.73944000023783, 47.91646899991504], [-89.7388279995943, 47.91662999970434], [-89.7386920000502, 47.91669800004077], [-89.73821699967404, 47.91672099993952], [-89.73760499992885, 47.91692699975503], [-89.73747000020964, 47.91713299995444], [-89.73719800022307, 47.917337999926104], [-89.73597499965929, 47.91738499975521], [-89.73553299979342, 47.9174990000216], [-89.73558300002213, 47.91769899973422], [-89.73563599972557, 47.91790999986326], [-89.73594200004734, 47.918183999950685], [-89.73685900028937, 47.918138000239495], [-89.73753899980662, 47.918182999957395], [-89.73787899956524, 47.918548999821375], [-89.73787899956524, 47.91879500006135], [-89.73788000028847, 47.91930200022162], [-89.73757399996671, 47.91975899970395], [-89.73706500015369, 47.919987999716575], [-89.73598499970502, 47.92011500029876], [-89.73550199983127, 47.92017200016477], [-89.73492400042127, 47.919921000051744], [-89.73427800034091, 47.91987500007892], [-89.73421100039376, 47.92021799987355], [-89.73397299984406, 47.92040100015531], [-89.73336100009887, 47.92028700026309], [-89.73281799995067, 47.92047000030077], [-89.73264800007135, 47.92078899993392], [-89.73285200028585, 47.9209720000019], [-89.73251300035213, 47.921635000116765], [-89.73264899989624, 47.92197699976045], [-89.73207200031116, 47.92293700010274], [-89.73108700029708, 47.92302899998011], [-89.73030599959917, 47.92323400006723], [-89.73003399961262, 47.923554000003506], [-89.7302379998271, 47.92401099984946], [-89.73034099975926, 47.924490999928175], [-89.72972999983901, 47.9252449997789], [-89.72894800021449, 47.92560999979504], [-89.72823400036205, 47.92572499984376], [-89.72748699999934, 47.92620500026978], [-89.72548199981105, 47.92693700007823], [-89.72470100001146, 47.92755399981996], [-89.72235699988947, 47.928719000210116], [-89.72157500026496, 47.92899400001565], [-89.71912900003572, 47.929496999836076], [-89.71698800030332, 47.929749000204275], [-89.71573100030265, 47.93006900016328], [-89.71552700008816, 47.93048000005746], [-89.71488100000778, 47.931006000039446], [-89.71399800010093, 47.93130300001868], [-89.71291000015468, 47.93157700019319], [-89.71267300032822, 47.93176000001514], [-89.71318299996615, 47.93214800006099], [-89.71297899975166, 47.932468000222634], [-89.71284300020753, 47.93294800006258], [-89.7125720000459, 47.93411299992081], [-89.71219799995207, 47.93443299995981], [-89.70750800005825, 47.93619199973593], [-89.70696499991004, 47.93619199973593], [-89.70655700037933, 47.93632999993502], [-89.70635300016485, 47.93653500026605], [-89.7066589995883, 47.93710600015294], [-89.70635300016485, 47.93724300009318], [-89.70621699972241, 47.93744900003602], [-89.70584400035182, 47.93790599988015], [-89.70414399976205, 47.938317000075926], [-89.70380400000346, 47.93865999974865], [-89.70336299996248, 47.93900300015477], [-89.7023090003514, 47.93943700008475], [-89.69928399998894, 47.94046499990958], [-89.69853599980131, 47.94087600022277], [-89.69761899955928, 47.94128799982398], [-89.69347000016386, 47.94233900009357], [-89.69129500009626, 47.94231600015147], [-89.68996899960032, 47.94243000023511], [-89.68752099972124, 47.94311599989601], [-89.68701199990824, 47.94338899994891], [-89.68504000023022, 47.94391399970129], [-89.68364599996221, 47.94389099985821], [-89.68316999976115, 47.94389099985821], [-89.68252399968077, 47.94425700014979], [-89.68160599961384, 47.9445759999031], [-89.68102800020384, 47.944919000170955], [-89.68109599997591, 47.945376000173574], [-89.68177600039147, 47.94576399973911], [-89.68180999982833, 47.94642699976359], [-89.68180999982833, 47.946997999909485], [-89.6822860000294, 47.94733999971817], [-89.6826600001232, 47.948048000195335], [-89.68255800001596, 47.94841399993325], [-89.68184400016352, 47.94953300021373], [-89.68194600027078, 47.95001299987058], [-89.68245599990871, 47.95056100022577], [-89.68364599996221, 47.951224000085354], [-89.68469999957328, 47.95158900024538], [-89.68616199961335, 47.95174900027754], [-89.68752200044447, 47.95177200023392], [-89.6886780001628, 47.95213700013325], [-89.68976600010903, 47.952617000271495], [-89.6900720004308, 47.952982000218846], [-89.69020799997493, 47.954079000036145], [-89.68980000044424, 47.95563199970758], [-89.68972599992607, 47.95574500003249], [-89.68922200013593, 47.95652300029973], [-89.68912000002867, 47.95684299999584], [-89.6884399996131, 47.957732999726964], [-89.68813099981662, 47.958126999908735], [-89.68776000009586, 47.95860100026819], [-89.68758299964554, 47.95868999982791], [-89.6870799996803, 47.95894400010069], [-89.68626399972061, 47.959469000062526], [-89.68575400008267, 47.960770999780834], [-89.68537999998885, 47.961388000035356], [-89.68456400002916, 47.961936000068434], [-89.68374700024455, 47.962050999934526], [-89.6832369997083, 47.96211900010629], [-89.68289699994966, 47.96255300024382], [-89.68191000028577, 47.96342099980589], [-89.68007400015188, 47.96399199985754], [-89.67996799984667, 47.9640490000861], [-89.67939399973632, 47.9643570000536], [-89.67779500032722, 47.964906000161605], [-89.67609499973744, 47.96531699980861], [-89.67497199963111, 47.96545400016723], [-89.67374800014072, 47.96577300020869], [-89.67191100018195, 47.96584199996606], [-89.67010900038323, 47.96613799984941], [-89.66857799984788, 47.96620699972063], [-89.66735400035752, 47.96652599992345], [-89.66589099959421, 47.96652599992345], [-89.66167400042674, 47.96689100025769], [-89.65840899986475, 47.966912999836175], [-89.65718399965115, 47.96672999994043], [-89.6569839996346, 47.96665999990749], [-89.65626599958419, 47.96641000013233], [-89.65521199997315, 47.96613599991277], [-89.65344399961131, 47.96554099999113], [-89.65317199962476, 47.96471899978853], [-89.65245799977232, 47.96442199989211], [-89.6522539995578, 47.9641020002211], [-89.65245899959724, 47.963416999722135], [-89.65222099994585, 47.96316499983824], [-89.65225500028104, 47.96277699978076], [-89.65266299981174, 47.96257200005424], [-89.65283400041426, 47.96220600013361], [-89.65269799997183, 47.96213800007638], [-89.65249399975733, 47.96179499979429], [-89.65266399963663, 47.96149799992872], [-89.65286799985115, 47.96115599997351], [-89.65208600022665, 47.960926999979684], [-89.65201799955626, 47.96046999973166], [-89.65127100009187, 47.95998999975421], [-89.64943499995798, 47.95937300024807], [-89.64865300033348, 47.958960999820974], [-89.64715699995823, 47.95809299991379], [-89.64610300034715, 47.95765900020658], [-89.64555900037404, 47.957544000188825], [-89.64457299963671, 47.95713300005771], [-89.64406399982369, 47.95663000016863], [-89.643656000293, 47.95605899995733], [-89.642262000025, 47.9556010000917], [-89.64205799981049, 47.955349999857944], [-89.64141299955504, 47.954847000057775], [-89.64117499990365, 47.95466500001929], [-89.6395449996341, 47.95358999984641], [-89.63927299964755, 47.95347599970911], [-89.63899999983607, 47.95397799971669], [-89.6387279998495, 47.95409299985041], [-89.63828500015872, 47.95427500009876], [-89.63859899997807, 47.95483199995985], [-89.6385029997186, 47.95522000013005], [-89.63909799974536, 47.955656000212564], [-89.63940700044016, 47.95593000007355], [-89.63971600023662, 47.956479000103805], [-89.63978800020665, 47.95768999979096], [-89.64016800014825, 47.9590139997622], [-89.6400019995686, 47.95925600023305], [-89.63978800020665, 47.95974099997166], [-89.6401210002926, 47.96041900023906], [-89.64111999965206, 47.96163000021346], [-89.64130899979796, 47.96216600014616], [-89.64300400036484, 47.96539000010638], [-89.64416400028111, 47.966710999854946], [-89.64463000043644, 47.96768099975295], [-89.64492499998923, 47.968136999732174], [-89.64644700030375, 47.969240999817785], [-89.64676000029819, 47.969753999804055], [-89.64730900029417, 47.970370000232926], [-89.64741999972397, 47.970495000009976], [-89.64789599992503, 47.97134100014164], [-89.64796299987218, 47.97236899990372], [-89.6476900000607, 47.97467600014984], [-89.6484709998603, 47.97590900020007], [-89.64898100039655, 47.97652600004237], [-89.64972700003602, 47.978741999993844], [-89.6495909995936, 47.97928999991783], [-89.64928400034525, 47.979838000038335], [-89.64826300034615, 47.98045499983128], [-89.64754799977048, 47.980819999735104], [-89.6460509995703, 47.98113899987215], [-89.64513199967845, 47.98189299979444], [-89.64380500025592, 47.98273800024288], [-89.64179599986967, 47.984244000250165], [-89.6417280000976, 47.9849299998023], [-89.6415230000582, 47.98534100002924], [-89.63999099969793, 47.98650499999809], [-89.63832299979353, 47.98735000010441], [-89.63723400002237, 47.98766900017122], [-89.63675799982131, 47.98787400008568], [-89.63529400013142, 47.988261999783006], [-89.63311599969077, 47.988808999824876], [-89.632673, 47.98908299998893], [-89.63199199975952, 47.98944800021007], [-89.6312439995719, 47.98951700019891], [-89.62977999988199, 47.99020099980366], [-89.62882599983006, 47.9910000002972], [-89.62821400008487, 47.991297000045364], [-89.62705699964332, 47.99138799993989], [-89.62654600018048, 47.991843999782404], [-89.62620499969861, 47.99189000005433], [-89.62593299971205, 47.99200400018553], [-89.62589900027518, 47.992324000104645], [-89.62508800033838, 47.992712000012624], [-89.62448999993856, 47.99286900027427], [-89.6241839996168, 47.99318799989369], [-89.62452500009866, 47.99389599970755], [-89.62442399981633, 47.9943760001795], [-89.62381100024622, 47.99478699972908], [-89.62241600015331, 47.995085000233644], [-89.61962599996748, 47.99579499985848], [-89.61731299980761, 47.99622999981437], [-89.61639399991577, 47.99634500026075], [-89.61544099968873, 47.99618500009265], [-89.61435100009264, 47.9956830002822], [-89.61421499965022, 47.99554600016936], [-89.6107080001372, 47.99392699978649], [-89.6094479997635, 47.992877000087205], [-89.60917599977695, 47.99271699998618], [-89.60835899999233, 47.99239799985978], [-89.60757599964461, 47.99198699991823], [-89.60672500042314, 47.990639000010276], [-89.60617899990187, 47.9891549999355], [-89.60631500034431, 47.988766999736974], [-89.60730100018331, 47.98840100027275], [-89.60798099970056, 47.9882180001685], [-89.6085590000089, 47.987783000007106], [-89.60903500020996, 47.987485999876405], [-89.609988000437, 47.98714300018803], [-89.61127999969943, 47.98675400002483], [-89.61189200034292, 47.98620599996756], [-89.61226600043675, 47.98604600022716], [-89.61250400008811, 47.98572599985958], [-89.61328599971262, 47.98542800002185], [-89.61406900006034, 47.98554199999751], [-89.61519200016669, 47.98519900001657], [-89.61529300044904, 47.9849929997949], [-89.61508900023452, 47.98478799986144], [-89.61457899969828, 47.984696999753254], [-89.61379500042396, 47.98419500001921], [-89.61276500020402, 47.98419500001921], [-89.61253699970008, 47.98419500001921], [-89.61182200002273, 47.98378400028761], [-89.61076599986353, 47.98289400023776], [-89.6105950001593, 47.9820489999377], [-89.61039000011989, 47.98092999973549], [-89.61023699995901, 47.980768999890465], [-89.60991300009391, 47.980428000047276], [-89.60930100034872, 47.98024499993624], [-89.60923199985344, 47.980016999787374], [-89.60919800041655, 47.979787999829576], [-89.60780300032366, 47.97981199993583], [-89.6077020000413, 47.980543000232025], [-89.60664800043025, 47.981136999915144], [-89.60613700006908, 47.98104599998491], [-89.60576299997525, 47.980863000260605], [-89.60538899988147, 47.98090900009793], [-89.60484499990834, 47.981206000191456], [-89.60338200004334, 47.98120700016863], [-89.6026330000308, 47.98077299983296], [-89.60256500025876, 47.98040800019816], [-89.60269999997796, 47.979837000034635], [-89.60212199966965, 47.979607999879704], [-89.60188300019337, 47.979517000260884], [-89.60127100044816, 47.97972300008713], [-89.6007950002471, 47.97958600029716], [-89.59980799968488, 47.9798610001181], [-89.59902600006036, 47.98006599977508], [-89.59851600042242, 47.9801810001649], [-89.59821000010068, 47.9804780002375], [-89.59814200032864, 47.98086600021205], [-89.5975640000203, 47.981232000193216], [-89.59613600031544, 47.98178100011002], [-89.59518300008838, 47.98157500007756], [-89.5945360001831, 47.98123300016989], [-89.59416200008928, 47.98107300004702], [-89.59382200033066, 47.98104999990589], [-89.59317500042538, 47.98130199971657], [-89.5924950000098, 47.981234000146536], [-89.59201899980874, 47.981576000047596], [-89.5915090001708, 47.981576000047596], [-89.59059000027895, 47.98134799976399], [-89.58946700017259, 47.980845999931304], [-89.58929700029327, 47.980663000099355], [-89.58912700041397, 47.98061800003148], [-89.58780000009311, 47.9813259997203], [-89.58674499975882, 47.98123500012318], [-89.5860309999064, 47.98141799973137], [-89.58535100038914, 47.981623999789065], [-89.58477200025591, 47.98153300011598], [-89.58395600029621, 47.98116699986362], [-89.58361499981437, 47.981236000099834], [-89.58361599963928, 47.98148700023341], [-89.58371799974653, 47.98215000009511], [-89.5835479998672, 47.9826059997865], [-89.5830380002293, 47.982972000058396], [-89.5821529997743, 47.98338300024245], [-89.58096299972081, 47.98322400010727], [-89.58031599981551, 47.983314999805884], [-89.57844500041985, 47.984023999707716], [-89.5779349998836, 47.9843209999179], [-89.57636999991138, 47.98454900029843], [-89.5748729997112, 47.984572000083105], [-89.57402199959141, 47.98480099986382], [-89.57296799998034, 47.98489300029571], [-89.57109599986146, 47.98564700010045], [-89.57027900007685, 47.98587500003518], [-89.57014299963441, 47.98596599987031], [-89.5716060003977, 47.98621799973271], [-89.57232100007506, 47.986195000080215], [-89.57266099983367, 47.98607999986025], [-89.5734090000213, 47.986262999728964], [-89.57357999972552, 47.986446000151375], [-89.5734440001814, 47.986810999782264], [-89.57392000038246, 47.98754200017353], [-89.57347799961828, 47.988935999710954], [-89.57330799973897, 47.98946100024115], [-89.57290000020829, 47.98966700006559], [-89.57194699998125, 47.989804000156056], [-89.57082399987489, 47.98973499994967], [-89.57014400035763, 47.989644000146406], [-89.5695650002244, 47.989689999974516], [-89.56827200023875, 47.99012399988965], [-89.56725200006457, 47.99012399988965], [-89.56670700026652, 47.989873000270144], [-89.56493800007978, 47.98946200005842], [-89.5614330002166, 47.9896220000311], [-89.56133100010936, 47.98973599976167], [-89.56139899988142, 47.99007900025368], [-89.56177299997523, 47.99007900025368], [-89.56231799977326, 47.98998700004744], [-89.56282800030952, 47.990101999979], [-89.56303199962571, 47.99046700020769], [-89.56347500021481, 47.990764000017414], [-89.56442699971862, 47.99099200019328], [-89.56537999994566, 47.990650000152876], [-89.56612899995821, 47.990650000152876], [-89.56677500003858, 47.990512000106534], [-89.5671159996221, 47.99060399997802], [-89.56714999995731, 47.99094599972212], [-89.56667299993134, 47.991563000210874], [-89.5665370003872, 47.99190599998246], [-89.56602699985095, 47.9920200000783], [-89.5657549998644, 47.99249999996579], [-89.56418900006723, 47.99284300012225], [-89.56258999975984, 47.993321999825966], [-89.56061600043199, 47.99361900003713], [-89.55894900035253, 47.99371099978009], [-89.55741799981718, 47.99355099986036], [-89.55705999961687, 47.99340000011984], [-89.55687300001912, 47.993321999825966], [-89.55615800034178, 47.99371099978009], [-89.55537599981896, 47.99423599982677], [-89.55435499981988, 47.99444199982757], [-89.55248299970097, 47.9945100000325], [-89.55149600003705, 47.99428199976987], [-89.55071400041255, 47.99430399970205], [-89.5499989998369, 47.994623999786015], [-89.54839899970456, 47.99473799988884], [-89.54802499961076, 47.99471499982507], [-89.5477190001873, 47.9944410001068], [-89.54748099963763, 47.994030000205896], [-89.54676599996029, 47.994099000080055], [-89.54632400009439, 47.993961000239494], [-89.54618799965195, 47.99359600007579], [-89.54622199998715, 47.99329899973225], [-89.54571099962597, 47.993276000229415], [-89.54540500020254, 47.99373299995567], [-89.54288700000328, 47.99425799977856], [-89.54091299977713, 47.99459999995378], [-89.54023200043497, 47.99448600014724], [-89.53982400000596, 47.99466900026798], [-89.53989199977804, 47.99489700002292], [-89.54019800009978, 47.99530800023175], [-89.5395169998593, 47.99560499983253], [-89.53672599984856, 47.99606199997174], [-89.5360460003313, 47.996152999879236], [-89.53550099963496, 47.99603899989704], [-89.53345899963675, 47.99640400021257], [-89.53206400044215, 47.996745999989905], [-89.53145099997373, 47.99651699970781], [-89.53138300020169, 47.99640299992866], [-89.53172399978521, 47.99599200002616], [-89.53172399978521, 47.99590099983466], [-89.53141699963854, 47.99583199996566], [-89.52978399989426, 47.996470999953765], [-89.52818399976192, 47.99676800007375], [-89.52798000044575, 47.9969729999122], [-89.52750300041977, 47.996996000171634], [-89.52675500023213, 47.996652999969044], [-89.52644800008548, 47.9967219999424], [-89.52621000043409, 47.997087000235254], [-89.52621000043409, 47.997270000148085], [-89.52389399990119, 47.9978400001712], [-89.52321299966071, 47.99793200020274], [-89.52253300014347, 47.99774900023349], [-89.52215800022474, 47.99777099988965], [-89.52154599958124, 47.99804499995812], [-89.5207969995687, 47.9979759999507], [-89.52028600010586, 47.99815899971589], [-89.51963900020056, 47.99852400006166], [-89.5191289996643, 47.99854700023084], [-89.5187200003087, 47.99891200023607], [-89.51783499985373, 47.99891200023607], [-89.51752900043029, 47.99941099981142], [-89.51684800018981, 47.99936899993681], [-89.51609900017726, 47.999536999831165], [-89.51582700019071, 47.99988600019227], [-89.51571800041077, 48.00042199978518], [-89.5152070000496, 48.00078699974883], [-89.51432199959463, 48.00115200013535], [-89.51343700003797, 48.00121999991212], [-89.51292599967681, 48.00101399992397], [-89.51241600003887, 48.00058000023302], [-89.51190600040093, 48.00087700014166], [-89.51136099970458, 48.00078499995203], [-89.51064600002721, 48.00121899972157], [-89.51013499966605, 48.00121899972157], [-89.50982900024263, 48.001081999882636], [-89.50962500002812, 48.00108100029051], [-89.50942099981361, 48.00124099970133], [-89.50908000023009, 48.00119499995158], [-89.50877399990834, 48.001058000048864], [-89.50860400002902, 48.00108100029051], [-89.50836600037763, 48.00124099970133], [-89.50700399989668, 48.00119399976056], [-89.50645900009864, 48.00140000023209], [-89.50611900034002, 48.00135400002308], [-89.50601700023279, 48.00126200008305], [-89.50543800009956, 48.001375999945225], [-89.50455299964456, 48.00146700009731], [-89.50325999965891, 48.001260999893326], [-89.50227299999499, 48.00096399979109], [-89.501864999566, 48.00112299997348], [-89.50148999964726, 48.00137400017126], [-89.50008600023183, 48.001543999915675], [-89.4996600002595, 48.00157699997436], [-89.49946199989276, 48.00169099974151], [-89.49867900044335, 48.00176000018997], [-89.49840699955848, 48.0021490002423], [-89.49776100037641, 48.002194999742436], [-89.49684099976132, 48.00212700004873], [-89.49619499968095, 48.002354999905556], [-89.49534399956117, 48.002356000074066], [-89.49524200035222, 48.00256099994832], [-89.49537899972125, 48.0030179997819], [-89.4953109999492, 48.003292000233024], [-89.49466499986882, 48.00345300014609], [-89.49435900044539, 48.003703999825774], [-89.49398399962836, 48.003749999742375], [-89.49374599997697, 48.003933000062865], [-89.49347399999041, 48.00422999990065], [-89.49284200015373, 48.00421300005524], [-89.49262299987062, 48.00420699986096], [-89.49207899989749, 48.004549999728475], [-89.49173900013888, 48.00521200012914], [-89.49166999964358, 48.00551999979272], [-89.49163799985652, 48.00566899991632], [-89.49197799961516, 48.005713999780276], [-89.49282100023733, 48.0053150002584], [-89.4931350000567, 48.00516599971322], [-89.49364499969464, 48.005165000200186], [-89.49446200037755, 48.005325000166636], [-89.49463300008178, 48.005530000262205], [-89.49592699989235, 48.00580399999144], [-89.49687900029447, 48.00555200020648], [-89.49701599966352, 48.00562000019344], [-89.49735700014536, 48.00607699997178], [-89.49817399992997, 48.00612200008081], [-89.49885400034553, 48.00598500004079], [-89.4995349996877, 48.00600699979095], [-89.50008600023183, 48.006043000290774], [-89.50063400040291, 48.00596399977872], [-89.5025059996235, 48.00596499987725], [-89.50328899997123, 48.00566899991632], [-89.50441200007758, 48.005737999851924], [-89.50557000034402, 48.00550999992228], [-89.50560499960581, 48.004802000201586], [-89.5054349997265, 48.00461899995896], [-89.50536699995443, 48.00441399984889], [-89.5058780003156, 48.00430000008897], [-89.50655899965776, 48.00377500026785], [-89.50672900043539, 48.00377500026785], [-89.50723900007333, 48.004048999703166], [-89.50805599985793, 48.004255000193446], [-89.50815799996518, 48.004460999861074], [-89.50737499961745, 48.004665999784386], [-89.50754500039508, 48.0050999999594], [-89.50805500003301, 48.0050999999594], [-89.50863400016624, 48.005329000009134], [-89.5091100003673, 48.00521499986739], [-89.50965500016535, 48.00523800005861], [-89.5113909998418, 48.00533000011998], [-89.51217400018952, 48.00517100028301], [-89.51258199972023, 48.00482799973673], [-89.5126510002155, 48.00448499991474], [-89.51214099967926, 48.00409700018269], [-89.51207299990719, 48.00375399970706], [-89.51265200004042, 48.00288700026065], [-89.51319699983844, 48.00240799979386], [-89.51513799955431, 48.00192900028877], [-89.51643200026321, 48.001289999977615], [-89.51762300014163, 48.001244999860575], [-89.51840599959104, 48.000948000267314], [-89.51925699971083, 48.00115399991796], [-89.52078900007109, 48.000948999862004], [-89.52119699960177, 48.00115500010971], [-89.52180900024528, 48.001406000151796], [-89.52245600015056, 48.001200999895126], [-89.52269399980194, 48.001384000242446], [-89.52354499992174, 48.0015889997719], [-89.5240560002829, 48.00147599996491], [-89.5240560002829, 48.00136100013594], [-89.5236129996938, 48.0011099998749], [-89.52368200018908, 48.00088199992511], [-89.52501000033486, 48.000348000116674], [-89.52573099985999, 47.99988600019227], [-89.528146999952, 47.99988600019227], [-89.52894700001818, 48.000059000069534], [-89.52933799983042, 47.99988600019227], [-89.53317800032767, 47.99988600019227], [-89.5334839997511, 48.00023499999566], [-89.53416499999159, 48.00024599989597], [-89.5349480003393, 48.00037100007374], [-89.53702399977439, 48.0002689998985], [-89.53791000005428, 48.0002580000031], [-89.53882700029632, 48.0005880000526], [-89.54124500003815, 48.000633999742504], [-89.54168699990402, 48.00081700029793], [-89.54243599991656, 48.00086200018728], [-89.54345699991568, 48.00058900025537], [-89.54464799979408, 48.00084000004589], [-89.54604399971191, 48.00084000004589], [-89.54764399984424, 48.00040600009331], [-89.54869900017853, 48.00037299988658], [-89.54975399961451, 48.00030399998727], [-89.55122300022558, 47.99988499997587], [-89.55916199988953, 47.99988499997587], [-89.56604699994244, 47.99988499997587], [-89.56612999978312, 47.99935200029268], [-89.56691300013084, 47.999100000244], [-89.56718500011742, 47.99923699993658], [-89.56769599958025, 47.999259999787846], [-89.56827399988856, 47.99907699972029], [-89.56892099979386, 47.998301000137516], [-89.57031599988677, 47.99731799972212], [-89.57096199996715, 47.996976999801234], [-89.57276600031396, 47.99683899984315], [-89.57422900017896, 47.9965879998226], [-89.57552200016463, 47.996519000271135], [-89.57848300005469, 47.996085000036175], [-89.57892499992056, 47.99576499999579], [-89.58008200036211, 47.99537599989657], [-89.58096699991876, 47.99532999972644], [-89.58396200014401, 47.995878000289345], [-89.58525500012966, 47.99649300015487], [-89.58583400026289, 47.99736099972843], [-89.58576700031574, 47.9985029997676], [-89.58583199971476, 47.999811000138145], [-89.58552000044354, 47.99986300001894], [-89.5851870003576, 48.001183000062404], [-89.5851510003726, 48.00132799993902], [-89.58518300015965, 48.001368000247844], [-89.58524000006106, 48.00143900029877], [-89.58550399965169, 48.00176399970788], [-89.58645299968077, 48.002013000042986], [-89.58696499986685, 48.00214699989727], [-89.58750800001506, 48.00228999973009], [-89.58812099958517, 48.00245000019962], [-89.58936699971518, 48.00252600018873], [-89.59030999989648, 48.002582999956786], [-89.59068300016538, 48.002606000119535], [-89.5910649997568, 48.00262900027202], [-89.5913180003751, 48.00273500003213], [-89.5915379995848, 48.00282699974942], [-89.59220299993176, 48.003106000181944], [-89.59248199959102, 48.003720000297925], [-89.59281100037731, 48.004022000240234], [-89.59396399972256, 48.00423899988726], [-89.59475100026826, 48.004582000143024], [-89.59575700019873, 48.00473399973731], [-89.59610799982802, 48.00467000027904], [-89.59672499959608, 48.00440800027905], [-89.59748899967724, 48.00432800013772], [-89.59771700018118, 48.00447200006236], [-89.59780900024269, 48.00460600014035], [-89.59786199994613, 48.00476999992356], [-89.59823600003996, 48.00511200013944], [-89.60104499959404, 48.00510100007469], [-89.60334000021055, 48.00610900004002], [-89.60601099967238, 48.00623200024879], [-89.60663800038449, 48.00626099994258], [-89.60716999976376, 48.0063789999377], [-89.60743799955235, 48.00653000015903], [-89.60814800010515, 48.00693200013764], [-89.60857599972732, 48.00778699995316], [-89.60928499955689, 48.008427999816], [-89.60979599991805, 48.009327999788546], [-89.61052800021214, 48.00972199999012], [-89.61048100035649, 48.01007600005059], [-89.60965799982579, 48.01076700000413], [-89.60896200041502, 48.01115100005056], [-89.60853700026757, 48.01179700009695], [-89.60855200033618, 48.01269199972765], [-89.60944699993858, 48.014406999996595], [-89.6097869996972, 48.01505799972768], [-89.60950800003795, 48.0159490002259], [-89.60925399959473, 48.016758999772904], [-89.60948899977139, 48.01738099981854], [-89.61069600044164, 48.0179270001544], [-89.61162000035637, 48.01781199974887], [-89.61221200001008, 48.01642399974519], [-89.61285800009045, 48.01614300004337], [-89.6136570003317, 48.01579399970781], [-89.61375299969285, 48.015723000187194], [-89.61493000022587, 48.014850999793325], [-89.61551000018402, 48.01358899995131], [-89.6160509997841, 48.01270399994415], [-89.61712700003478, 48.01200900017931], [-89.61772399971134, 48.011242999781096], [-89.61843300043923, 48.01087599987758], [-89.6197890001741, 48.01070600023908], [-89.621761999677, 48.01139100020507], [-89.62284299995058, 48.011765999938156], [-89.62325600040245, 48.01175800004927], [-89.62375799964445, 48.01174800018635], [-89.62403399982898, 48.01174200026771], [-89.62505099963012, 48.01172199993281], [-89.62554100007489, 48.01171200006296], [-89.62712299976556, 48.01149799997906], [-89.62816600040429, 48.01118899995916], [-89.62933299999325, 48.01046099984497], [-89.63192999983522, 48.010067999899526], [-89.63304399972075, 48.00972500006706], [-89.63414300043598, 48.009650999921384], [-89.63716799990014, 48.00944599997861], [-89.63803300026363, 48.009119000215456], [-89.63830600007512, 48.00890500018904], [-89.63845199966498, 48.008454999977594], [-89.63763599970528, 48.00740999999322], [-89.63759300004757, 48.00704099970252], [-89.63752799975025, 48.00649399999916], [-89.6371219998694, 48.00575300019157], [-89.63665700043728, 48.00490299970934], [-89.63687400017227, 48.004489999949556], [-89.63705699957207, 48.004139999948265], [-89.63874799994099, 48.00356400014068], [-89.63988600011594, 48.00385799988192], [-89.64009100015537, 48.00409899985109], [-89.64049799986114, 48.00457899976692], [-89.64142799962363, 48.00567399983637], [-89.64292900002177, 48.006334000052895], [-89.64587499984322, 48.00626099994258], [-89.6463669999378, 48.00609900028378], [-89.64701800004106, 48.00588400024764], [-89.64834100016395, 48.00405600005137], [-89.64910799971983, 48.00378600001438], [-89.65087100005879, 48.00361699998888], [-89.6512600002212, 48.00373200019801], [-89.65303000023286, 48.004255000193446], [-89.6542930000813, 48.00605900003741], [-89.65435300035574, 48.00614399977258], [-89.65483799987933, 48.00649399999916], [-89.65571999996126, 48.007612000016344], [-89.65610800029879, 48.00810299972232], [-89.6568070000826, 48.00987400006252], [-89.65767800029387, 48.01036199982898], [-89.65917999961859, 48.01050399971384], [-89.6605239996579, 48.0106310002911], [-89.66195200026108, 48.01076700000413], [-89.66265199986982, 48.01070200021255], [-89.66313399991866, 48.01040499978034], [-89.66377499997617, 48.00869800019479], [-89.66467399977654, 48.008012999916765], [-89.66586600037817, 48.00760899981649], [-89.66679399959253, 48.00729500017114], [-89.6671280004017, 48.00742100016661], [-89.66789300030777, 48.007702999985476], [-89.66875100010026, 48.00802099978565], [-89.66902300008681, 48.00812300025878], [-89.66930900031709, 48.00834899995205], [-89.67011400040612, 48.00898699992215], [-89.67154200011099, 48.010119000240465], [-89.67191000035703, 48.01073899984508], [-89.67220300025998, 48.01123299981831], [-89.67290799989158, 48.011566999929016], [-89.67387600018725, 48.01155900000925], [-89.67492099957748, 48.01134999986217], [-89.67612599969961, 48.01128900018577], [-89.67745899986824, 48.01092100000622], [-89.6784480000803, 48.01064899983182], [-89.68010799958877, 48.01019100028242], [-89.68197100038513, 48.010119000240465], [-89.68408299980521, 48.00981299984213], [-89.68575599973249, 48.00977800019543], [-89.68629499968274, 48.010071999975196], [-89.68638599991932, 48.0107219997411], [-89.68743100020788, 48.01091900000134], [-89.68811200044837, 48.01089999995109], [-89.68831999996252, 48.010807000205], [-89.68837900041206, 48.01078100007799], [-89.68874199973689, 48.01061900019316], [-89.68965999980384, 48.01020899997671], [-89.69005599963896, 48.010143000065305], [-89.69204099973575, 48.00981299984213], [-89.69500199962582, 48.00872500021503], [-89.69682299969108, 48.008229000147814], [-89.69876900032813, 48.007699999790916], [-89.6994589998911, 48.007345000177544], [-89.70049699960866, 48.00681200004148], [-89.70102800006131, 48.00653899974432], [-89.70240899991052, 48.00635799983605], [-89.70328900034262, 48.006620000148395], [-89.70440499987798, 48.00720999992879], [-89.70478800019264, 48.00741300020466], [-89.70558300023592, 48.00783299983454], [-89.7072159999802, 48.009373000066034], [-89.70755699956374, 48.00981699993762], [-89.70803100011499, 48.010434000132605], [-89.70829600042886, 48.01048200007891], [-89.70860600005025, 48.01053800005994], [-89.71049200041286, 48.01034000013347], [-89.71209800039294, 48.01017199996393], [-89.71273899955214, 48.01020899997671], [-89.71449400039349, 48.009569000042035], [-89.71535100036107, 48.00933600005444], [-89.71612600031288, 48.00944700000962], [-89.71658300024735, 48.00970600017786], [-89.71673100038537, 48.01031199974254], [-89.71628899962117, 48.01173899970714], [-89.7161289997876, 48.01267299972966], [-89.71621099980337, 48.01305100023952], [-89.71667199993581, 48.013575999989826], [-89.71671700014166, 48.013627999816094], [-89.7169809997323, 48.0137879999696], [-89.71702099991528, 48.01398100016271], [-89.71661000001153, 48.01430000024939], [-89.71653800004151, 48.01500299977105], [-89.7161639999477, 48.01639700015039], [-89.71624299959043, 48.016865999825356], [-89.71700500002176, 48.01722500011987], [-89.71791399986785, 48.0173129997152], [-89.71853200035915, 48.01724400024324], [-89.71924200001362, 48.0168470001636], [-89.71968800007745, 48.01586899995854], [-89.72000899956952, 48.01515599982188], [-89.72077299965066, 48.014533000043215], [-89.72173699974836, 48.014130999820075], [-89.72260399976167, 48.01355199995987], [-89.72369500008097, 48.01346399995477], [-89.72417700012983, 48.013761000196396], [-89.72392299968661, 48.01520799985752], [-89.72455100022364, 48.01612599991815], [-89.72394899962588, 48.01716099993747], [-89.72264999979242, 48.017575000256755], [-89.72062299986283, 48.017369999966995], [-89.71980600007824, 48.01786499997808], [-89.71949999975648, 48.01848399973213], [-89.71963700002384, 48.01867400021708], [-89.72011700042286, 48.019338999704864], [-89.7210789999724, 48.02000199997525], [-89.72370400030181, 48.02079199971712], [-89.72432299971969, 48.02086699990764], [-89.72424499990188, 48.020291999864554], [-89.72405900012905, 48.02014800024773], [-89.7235340004225, 48.01974400027714], [-89.7236130000652, 48.019303000074224], [-89.72439100039006, 48.019132999976385], [-89.72637399993872, 48.01919199970272], [-89.72729799985346, 48.01891599990304], [-89.72862500017429, 48.019193999987614], [-89.72947000044631, 48.01920000024093], [-89.73105200013698, 48.019040999901755], [-89.7317300000044, 48.01888799996271], [-89.7325400001163, 48.018988000280594], [-89.73298199998219, 48.01933099978911], [-89.73287400002715, 48.01964400022396], [-89.7322720003277, 48.01982600020006], [-89.73177600003515, 48.02012100019971], [-89.7317300000044, 48.020444000025115], [-89.73252900024566, 48.02068899985451], [-89.73295699986784, 48.02101199972623], [-89.73296699991359, 48.02154199971628], [-89.73315699988437, 48.02176700029201], [-89.7339899995625, 48.021999999989404], [-89.73519200020988, 48.021797999845745], [-89.736285000179, 48.021737999704165], [-89.73671299980117, 48.021570000017675], [-89.73704800043525, 48.02124700003709], [-89.73720900009373, 48.02109199982448], [-89.73797300017488, 48.02067700029462], [-89.73897900010536, 48.02050900015465], [-89.74086999959253, 48.020383000291226], [-89.74195400023912, 48.0199859997474], [-89.7426699997414, 48.020014000293074], [-89.7431069995844, 48.020219000284314], [-89.74328200038488, 48.02050900015465], [-89.74340299986041, 48.0213220001665], [-89.74424800013242, 48.0215859997539], [-89.74441100033903, 48.02240099976442], [-89.74480600034923, 48.022494000230026], [-89.74593600012828, 48.02205500029295], [-89.74635399970471, 48.02205500029295], [-89.74814899983073, 48.0232940002649], [-89.74892600033066, 48.02354200024208], [-89.75006500033052, 48.023563999712444], [-89.75080500012226, 48.02290900015312], [-89.751436000134, 48.02250399981143], [-89.7524279998208, 48.02238600006123], [-89.75294900022772, 48.02217199981492], [-89.75337600002496, 48.022187999965155], [-89.75393099986874, 48.02240899980462], [-89.7546949999499, 48.02302699990778], [-89.75567300029131, 48.0232249997853], [-89.7565040003196, 48.02325200001009], [-89.75788500016881, 48.02312700000774], [-89.75803400013173, 48.02308899988447], [-89.76014100042727, 48.02254999978342], [-89.76263000031422, 48.022954999763755], [-89.76434699972408, 48.02306500007675], [-89.76759499966931, 48.02269500027558], [-89.76884099979932, 48.022011999842135], [-89.7700850002795, 48.02188600004729], [-89.77108199998915, 48.02151699999222], [-89.77233999981473, 48.020742000130326], [-89.77241400033287, 48.02072799975666], [-89.77370700031855, 48.02048000006078], [-89.77436400026959, 48.021031000256485], [-89.77378500013636, 48.02184000008356], [-89.77421299975852, 48.02251300021406], [-89.77457799963152, 48.022687000279774], [-89.77535599995637, 48.022862999900646], [-89.7757159998065, 48.02273000016753], [-89.7763080003585, 48.021561999847265], [-89.77797999956252, 48.01992199998805], [-89.77866500000097, 48.018800000051314], [-89.77909400034638, 48.01850299999237], [-89.77967199975637, 48.01875500018877], [-89.78129199998018, 48.01844599979145], [-89.78173399984605, 48.017980000265396], [-89.78229799991067, 48.017855000097725], [-89.78438099991676, 48.01797200013877], [-89.78554699968082, 48.01775499998574], [-89.78776899960408, 48.01797200013877], [-89.7887760002578, 48.01831499979712], [-89.79173799997277, 48.018468000234876], [-89.79240800034259, 48.01836599979319], [-89.79338499996075, 48.0179270001544], [-89.79401099994965, 48.01785400022976], [-89.79458000003712, 48.01776300014604], [-89.79496900019956, 48.017595000124146], [-89.79536900023263, 48.017037000071525], [-89.79584000041082, 48.016758999772904], [-89.79636099991943, 48.016000000158805], [-89.79597199975699, 48.015289999784116], [-89.79636099991943, 48.01501200028147], [-89.7968460003413, 48.01485899980335], [-89.79806700035698, 48.01482200012228], [-89.7988010003009, 48.014946999831395], [-89.79968599985756, 48.01491200006357], [-89.80024300024947, 48.01474199990904], [-89.80091299972096, 48.01435600029079], [-89.80157999971775, 48.01417600011293], [-89.80332600033826, 48.01417600011293], [-89.80541500019213, 48.014067000003635], [-89.80615499998385, 48.014256000002504], [-89.80655300036709, 48.01473399988091], [-89.80742600022819, 48.016621999746604], [-89.80749200035042, 48.01713699977345], [-89.80713199960202, 48.01744999970806], [-89.80737500017457, 48.01758699993778], [-89.80871199964285, 48.01728900022284], [-89.80932900030923, 48.01671399993158], [-89.80996000032098, 48.01660600027242], [-89.81111400038948, 48.01681199988277], [-89.81206699971821, 48.01650700003558], [-89.81297599956432, 48.01653099989196], [-89.81386000019438, 48.01628199993758], [-89.8143959997716, 48.01625299986954], [-89.81520300040876, 48.016064999882346], [-89.8164870001736, 48.0160269999615], [-89.81740299969239, 48.01567899995276], [-89.81819500026096, 48.01544300018512], [-89.81887999980108, 48.01547800019343], [-89.8196000003996, 48.01563000012553], [-89.81993599996028, 48.0155150000047], [-89.82045999984192, 48.01507600012685], [-89.8207529997449, 48.01489400020804], [-89.82098100024884, 48.01437999994653], [-89.82122399992308, 48.01387100029688], [-89.82115299977796, 48.013750000173395], [-89.82076699998859, 48.01309399975157], [-89.8209660001802, 48.012789000145865], [-89.82138399975665, 48.01261199981541], [-89.82171900039071, 48.01240299972943], [-89.82218600037096, 48.012162000099764], [-89.82262800023682, 48.01202499987802], [-89.82308500017132, 48.01178400028465], [-89.82386299959784, 48.01143399989945], [-89.82390299978081, 48.01131600005142], [-89.8227110000775, 48.011216999873874], [-89.82220100043956, 48.011072000150996], [-89.82181200027712, 48.01060600008391], [-89.82238399983935, 48.01030100018582], [-89.822358999725, 48.00964999989432], [-89.82277300000177, 48.00921099996512], [-89.82353100023516, 48.00885399984949], [-89.82466400038726, 48.00832000023026], [-89.82558800030196, 48.00669999973996], [-89.8280279997851, 48.00571999979924], [-89.82908399994432, 48.005082999799676], [-89.8290050003016, 48.00471300016799], [-89.82881100013284, 48.00443199975633], [-89.82864000042862, 48.004183000279], [-89.82863600023066, 48.00402100010403], [-89.82863100020779, 48.0038420000536], [-89.82883399969906, 48.00324599990795], [-89.82904399976135, 48.00262900027202], [-89.82963299994032, 48.00153099992314], [-89.83022499959402, 48.000736999997024], [-89.83067800022887, 48.000128000296584], [-89.83091400023042, 47.99993499995234], [-89.83100100026904, 47.99986400023577], [-89.83131900028637, 47.9996039997116], [-89.83261499974677, 47.99943199973592], [-89.83295100020575, 47.99945000017959], [-89.8338130001962, 47.99949800012986], [-89.83417399987121, 47.99969900026312], [-89.83439200032943, 47.99982000029465], [-89.8353050003735, 48.00032800017178], [-89.83623799961073, 48.0008479998252], [-89.8381289999962, 48.00217099982544], [-89.84013599983429, 48.002744000279584], [-89.84165499977577, 48.002998000271106], [-89.84186800021112, 48.003033999865806], [-89.84343300018334, 48.00354499978495], [-89.84435700009807, 48.00335500004981], [-89.84481400003256, 48.00306899988178], [-89.84401200031657, 48.002216999907], [-89.84248099978122, 48.001874999730546], [-89.84209199961877, 48.00166799977189], [-89.84227099971893, 48.00107899990403], [-89.84236799980332, 48.000759000182285], [-89.84250300042083, 48.000314999872856], [-89.84254899955327, 48.000164999700765], [-89.84251199974335, 47.99988499997587], [-89.84235899958247, 47.99896699992238], [-89.84258700008641, 47.998509000024235], [-89.84254899955327, 47.998103000119464], [-89.84251400029149, 47.99772399979312], [-89.84246999991055, 47.997250999878545], [-89.84361800013127, 47.99727599994699], [-89.84403599970771, 47.997113999721236], [-89.84423499989933, 47.996194999967386], [-89.84449199981727, 47.995774000256986], [-89.84573799994726, 47.994936000196475], [-89.84595800005529, 47.99462599982163], [-89.8458590003211, 47.9942720001255], [-89.84600499991097, 47.99410800003068], [-89.84579099965072, 47.993625999997214], [-89.84609799979738, 47.99323700000349], [-89.84721000003309, 47.99262600003053], [-89.84802400034296, 47.99254400013786], [-89.85101700002006, 47.99223899984059], [-89.85280999959792, 47.99187999994642], [-89.85918800038593, 47.990890999902156], [-89.86205600038956, 47.990735999820856], [-89.86563400004768, 47.99009500014208], [-89.86820599977531, 47.990190000166535], [-89.86887600014512, 47.989731999912486], [-89.86907000031388, 47.98934300002383], [-89.87004299973411, 47.98739300000033], [-89.87135099978838, 47.985853000117025], [-89.87188999973864, 47.98552400011304], [-89.8726680000635, 47.98545100001613], [-89.8732749997858, 47.98558600008958], [-89.87410800036226, 47.98577100028483], [-89.87506999991182, 47.98598599997113], [-89.87577500044173, 47.98614199977019], [-89.87793200006766, 47.98676300005401], [-89.87889500034045, 47.98682499974472], [-89.8808079995689, 47.98665500020152], [-89.88195099976673, 47.98655299996633], [-89.88381500038803, 47.9863870002372], [-89.8854339998886, 47.98644000029564], [-89.88594500024979, 47.98653800005621]]], [[[-89.56058200009682, 47.98911900027536], [-89.56051400032476, 47.9889139998951], [-89.56024200033819, 47.988800000152466], [-89.55942499965526, 47.988800000152466], [-89.55874500013802, 47.98875400013227], [-89.55851300033443, 47.98882200001691], [-89.55843799999137, 47.98884499970125], [-89.55823399977686, 47.989439000047874], [-89.55850599976341, 47.9897129998732], [-89.55925499977596, 47.989759000241065], [-89.56000600033663, 47.98952599974628], [-89.56014000023093, 47.9894850000587], [-89.56058200009682, 47.98911900027536]]], [[[-89.56194299985455, 47.9704579997803], [-89.56197700018973, 47.970091999802854], [-89.5616370004311, 47.97000100025211], [-89.56109299955966, 47.970207000155796], [-89.56075199997613, 47.970091999802854], [-89.56068400020406, 47.96986399992551], [-89.56088800041857, 47.96970400005415], [-89.5612290000021, 47.96975000021077], [-89.56190900041766, 47.96961299981973], [-89.56173899964004, 47.969429999867444], [-89.56054799976162, 47.96947600026816], [-89.56014000023093, 47.96977299997302], [-89.55973199980194, 47.96995499971766], [-89.5590520002847, 47.96972699983688], [-89.558813999735, 47.97004700014419], [-89.5583710000442, 47.97018399998538], [-89.55830300027215, 47.970434999721725], [-89.5579629996152, 47.97070899998922], [-89.55724899976276, 47.970641000299906], [-89.55697699977621, 47.97073199992581], [-89.55697699977621, 47.970983000005816], [-89.55667100035276, 47.9712340000688], [-89.55629600043406, 47.97125699977152], [-89.5553780003671, 47.97118900020235], [-89.55520799958947, 47.97128000006544], [-89.55527600025987, 47.97173699970247], [-89.55503799971017, 47.97187399987172], [-89.55449399973703, 47.97219400010658], [-89.55364299961724, 47.972080000122475], [-89.55330299985863, 47.972124999813886], [-89.55330299985863, 47.972490999816976], [-89.5529289997648, 47.97276500000114], [-89.5529289997648, 47.9731530002069], [-89.55309100014652, 47.97323699989852], [-89.55337099963069, 47.97338200012579], [-89.55432300003282, 47.97340399994637], [-89.55517400015259, 47.97299299970026], [-89.55588800000504, 47.97299299970026], [-89.55649999975023, 47.97237699988715], [-89.55735099987002, 47.97214799972126], [-89.55830300027215, 47.97219400010658], [-89.55888200040538, 47.97196499973054], [-89.55942600037851, 47.97185099984236], [-89.56031000011025, 47.97153099988769], [-89.56058200009682, 47.971349000284334], [-89.56075199997613, 47.970892000220815], [-89.56116100023004, 47.970641000299906], [-89.56167099986799, 47.97057199973647], [-89.56194299985455, 47.9704579997803]]], [[[-89.56401900018794, 47.97797199971786], [-89.56408699996, 47.97756099975009], [-89.56354200016196, 47.97756099975009], [-89.56214799989395, 47.97813199983012], [-89.5608549999083, 47.978337999770645], [-89.5590520002847, 47.97872600019396], [-89.55874599996294, 47.97929700001749], [-89.55882499960565, 47.979327999846156], [-89.55908599972156, 47.97943399997307], [-89.55942600037851, 47.979410999703056], [-89.56048099981447, 47.97929700001749], [-89.56167099986799, 47.97927400028779], [-89.56258999975984, 47.97902300021842], [-89.56401900018794, 47.97797199971786]]], [[[-89.56633099962457, 47.971348000116215], [-89.56639900029494, 47.97105099984625], [-89.5660929999732, 47.970960000181066], [-89.56530999962546, 47.971143000124655], [-89.56469799988027, 47.97102900022609], [-89.56418800024234, 47.971074000231916], [-89.56405799964769, 47.97106700022024], [-89.56323599984022, 47.97102900022609], [-89.56275899981424, 47.97109700000594], [-89.56248699982768, 47.97141700024425], [-89.56238499972041, 47.97182799980272], [-89.56262300027011, 47.971942999898324], [-89.56365699978969, 47.971984999843265], [-89.56371200004128, 47.971987999709164], [-89.56394399984487, 47.97192299976937], [-89.56469799988027, 47.971714000213495], [-89.56561699977213, 47.97178200029422], [-89.56575300021456, 47.97175999978261], [-89.56633099962457, 47.971348000116215]]], [[[-89.57057000033, 47.97374399975391], [-89.570486999591, 47.97365500027001], [-89.56998500034898, 47.973572000180596], [-89.5696630001337, 47.973523000043464], [-89.56948300020865, 47.973497999894185], [-89.56927999981906, 47.97349699976769], [-89.56914799957458, 47.97356100000658], [-89.56902799992399, 47.97361699977465], [-89.56891999996895, 47.973649000130315], [-89.56884799999894, 47.97361600025182], [-89.56881299983884, 47.973552000081156], [-89.56871800030258, 47.97348699970441], [-89.56861100017247, 47.97339799977755], [-89.5684670002324, 47.97343000026897], [-89.56832300029237, 47.97344499977831], [-89.56823799990357, 47.97354999983018], [-89.56819000022298, 47.97367800009728], [-89.5681769998042, 47.973758999773445], [-89.5680089995747, 47.973823000288974], [-89.56793699960468, 47.97389499987208], [-89.56791200038865, 47.974000000211724], [-89.56793499995486, 47.97413699978973], [-89.5679099998405, 47.97426599991611], [-89.567861000335, 47.974329999803246], [-89.56788399990123, 47.97442700019513], [-89.56796699974191, 47.974539999702706], [-89.5681349999714, 47.974549000057294], [-89.5683619997521, 47.97452600001663], [-89.56854199967717, 47.97442999991916], [-89.56859100008097, 47.97430899988662], [-89.56871099973156, 47.97425300026762], [-89.56885499967163, 47.97430199971202], [-89.56904600036566, 47.97426999976104], [-89.5692270001156, 47.974125999736046], [-89.56940799986558, 47.97397300005885], [-89.56962399977564, 47.973861000031356], [-89.5698880002646, 47.97379800028498], [-89.57011500004532, 47.97376600002161], [-89.57023499969593, 47.973783000276775], [-89.57037799981106, 47.97377499990975], [-89.57048599976609, 47.9737760000309], [-89.57057000033, 47.97374399975391]]], [[[-89.58707500037002, 47.959627000170805], [-89.58680199966024, 47.9590099999388], [-89.58639400012956, 47.958781999867256], [-89.58561199960673, 47.9588280001263], [-89.58476200021018, 47.95919300011521], [-89.5841160001298, 47.95974199976299], [-89.58350400038462, 47.95976499977101], [-89.58306199962041, 47.95971899974472], [-89.58275600019697, 47.96001600021313], [-89.58221200022383, 47.960084999840525], [-89.58204200034454, 47.960084999840525], [-89.58136199992896, 47.96074699984728], [-89.58027399998272, 47.96113599987792], [-89.57908399992921, 47.96166200017702], [-89.57860799972815, 47.961638999810454], [-89.57745200000983, 47.9622329998219], [-89.57500300030586, 47.96303299986668], [-89.57459499987687, 47.96337500002737], [-89.57445900033274, 47.96383199984014], [-89.57394899979649, 47.96381000015239], [-89.57340499982335, 47.96353599997521], [-89.5727250003061, 47.9638549998318], [-89.57190900034641, 47.963741000086614], [-89.57105700040171, 47.96387799981318], [-89.57041100032133, 47.96440399986173], [-89.56962899979851, 47.96451799994821], [-89.56908499982538, 47.96483800004959], [-89.56854099985226, 47.96504400009604], [-89.56830300020088, 47.965318000093525], [-89.56820100009364, 47.96591199990467], [-89.56796300044226, 47.96616299995285], [-89.56697599988003, 47.966550999839136], [-89.56680600000071, 47.9670079998222], [-89.5668250002673, 47.96706400008035], [-89.56697699970495, 47.96751099971704], [-89.56769099955737, 47.967648000270906], [-89.56959600018655, 47.96769300021552], [-89.5702759997038, 47.96748800015039], [-89.57088800034731, 47.96682500026306], [-89.57204400006562, 47.96668799993205], [-89.57337100038647, 47.96666499999891], [-89.57408500023892, 47.9665049998406], [-89.5745270001048, 47.966344999788085], [-89.57609200007701, 47.96645899980105], [-89.57748600034502, 47.96616200028579], [-89.57915199970128, 47.96531600012518], [-89.57979899960655, 47.9647220000765], [-89.5799690003842, 47.96463100008635], [-89.58102399982016, 47.96469899986941], [-89.58136399957878, 47.96460799983874], [-89.58183999977986, 47.96431099990561], [-89.58292799972611, 47.964174000124416], [-89.58330199981994, 47.96408200006304], [-89.58432199999413, 47.96362500005601], [-89.58466199975275, 47.96348800025996], [-89.58507000018174, 47.96282500015668], [-89.5855460003828, 47.96243699995151], [-89.58574999969899, 47.96197999982774], [-89.58619099973996, 47.961158000102934], [-89.58687100015554, 47.96074600007535], [-89.58690499959239, 47.96028900003085], [-89.58676900004826, 47.960084000055836], [-89.58707500037002, 47.959627000170805]]], [[[-89.5880660002319, 47.970019999728756], [-89.58813400000396, 47.969792000134944], [-89.5880660002319, 47.96956299993331], [-89.58667100013898, 47.9694490001556], [-89.58554800003262, 47.96926699983067], [-89.58544599992538, 47.96869599975091], [-89.58615999977782, 47.96814700023001], [-89.58609200000575, 47.96803299973256], [-89.58582000001921, 47.96787300020326], [-89.5847990000201, 47.967988000084176], [-89.5837789998459, 47.968422000230916], [-89.58306499999347, 47.968422000230916], [-89.58255500035553, 47.968878999898266], [-89.5816029999534, 47.96917600002911], [-89.58034400030293, 47.96961100001764], [-89.58000399964598, 47.96999899986365], [-89.57980100015469, 47.970821000237564], [-89.57952900016814, 47.97093600016993], [-89.57833800028973, 47.97093600016993], [-89.5779979996328, 47.971301000011074], [-89.57765799987416, 47.97141600007741], [-89.57735199955242, 47.9713240002854], [-89.57684100008956, 47.97088999986687], [-89.57626299978125, 47.97084499970066], [-89.57507299972774, 47.97157600005751], [-89.57510700006293, 47.97180400019502], [-89.5753449997143, 47.97221599983187], [-89.57606000028996, 47.97239799998807], [-89.57643400038377, 47.97262700024816], [-89.57667200003516, 47.97342599975756], [-89.57643400038377, 47.97376899978405], [-89.57554999975372, 47.97429400002681], [-89.57463199968677, 47.97523099998119], [-89.57442800037059, 47.975367999901415], [-89.57289699983524, 47.976143999774415], [-89.57024399991674, 47.97666899992416], [-89.56983600038606, 47.9767380001586], [-89.56895099993108, 47.97701200005742], [-89.56820299974345, 47.97778899992122], [-89.56728499967652, 47.97829200004789], [-89.56735300034688, 47.97838300002192], [-89.56776099987759, 47.978588000135765], [-89.56902000042638, 47.97840600014856], [-89.5695300000643, 47.97870300020988], [-89.56986999982294, 47.97863400019615], [-89.57041399979606, 47.97826799983637], [-89.57092500015723, 47.978314000181875], [-89.5719789997683, 47.97806300025597], [-89.57225099975486, 47.97819999987805], [-89.5727959995529, 47.97863400019615], [-89.57330600008915, 47.978611000171085], [-89.5741899998209, 47.97810800014558], [-89.57490500039657, 47.97815400003228], [-89.57606199993978, 47.97799399998821], [-89.57728600032848, 47.97819899984258], [-89.57800100000583, 47.9779929999488], [-89.57851099964377, 47.97792500022963], [-89.57902100018002, 47.978083999848536], [-89.5793280003267, 47.97840400008568], [-89.57922600021942, 47.97863300016914], [-89.57840900043483, 47.97879300003692], [-89.57670800002018, 47.97954699994809], [-89.57449699996755, 47.97947899987033], [-89.57364699967269, 47.979706999989936], [-89.5730340001026, 47.98025499989337], [-89.57317100036992, 47.980552000141536], [-89.57351100012855, 47.980552000141536], [-89.57463300041, 47.98002699978866], [-89.57514399987285, 47.9800949997459], [-89.57490600022147, 47.98050599998615], [-89.5750419997656, 47.98057499990321], [-89.5758579997253, 47.98018700014683], [-89.57636800026154, 47.9800949997459], [-89.57721900038133, 47.98002599978862], [-89.57796699967065, 47.97952399972842], [-89.57881799979043, 47.97943199994996], [-89.57922600021942, 47.97966100028425], [-89.57973599985736, 47.97968299983487], [-89.57980399962943, 47.97915800026604], [-89.58055199981706, 47.978883999729256], [-89.58133500016478, 47.97883799989161], [-89.58201499968203, 47.97883799989161], [-89.58215100012448, 47.978632000142056], [-89.5821169997893, 47.97835799982037], [-89.58187900013792, 47.9782210000162], [-89.58072199969638, 47.9779929999488], [-89.58038199993774, 47.97774200026635], [-89.5802799998305, 47.9771249999214], [-89.58061899976423, 47.97598300003812], [-89.58119700007254, 47.97573100012279], [-89.58177600020575, 47.97541100015699], [-89.58194600008507, 47.97538799989886], [-89.58211599996439, 47.97515999994979], [-89.5822859998437, 47.97470400003825], [-89.58211500013948, 47.97431600006023], [-89.58197899969701, 47.97376800026421], [-89.58225099968361, 47.973264999965835], [-89.58259100034054, 47.97287700000027], [-89.58340700030023, 47.97246500022442], [-89.58388299960298, 47.9723510002372], [-89.58432500036716, 47.97219100025266], [-89.58575399989695, 47.97189400001965], [-89.58643400031252, 47.971460000181494], [-89.58663799962872, 47.97095700025545], [-89.58701199972252, 47.97040900029691], [-89.5880660002319, 47.970019999728756]]], [[[-89.59044999963855, 47.97460999988031], [-89.59041500037678, 47.97404000005582], [-89.59017699982708, 47.97374300023355], [-89.58932700043052, 47.97374300023355], [-89.5889180001766, 47.97394900024523], [-89.58830600043142, 47.974336999974], [-89.5873199996941, 47.974199999723865], [-89.58718400014997, 47.97426900025086], [-89.58691200016341, 47.97508999991642], [-89.58677599972097, 47.975319000265806], [-89.58708200004273, 47.9754100000675], [-89.58800099993456, 47.97529599996673], [-89.58932700043052, 47.97486099975414], [-89.59007600044306, 47.97486099975414], [-89.59044999963855, 47.97460999988031]]], [[[-89.59231599990966, 47.966661000166404], [-89.59211199969516, 47.966456000215466], [-89.59173799960135, 47.966433000179016], [-89.58935699966942, 47.96702699979845], [-89.58857400022, 47.96705000017187], [-89.58721400028719, 47.96762200004444], [-89.58650000043477, 47.96759899992579], [-89.58673800008613, 47.96800999979689], [-89.58694200030064, 47.96805600025941], [-89.58751999971064, 47.967804000151766], [-89.58833700039355, 47.96778100011412], [-89.58932300023255, 47.96778100011412], [-89.59013900019225, 47.967392999844286], [-89.59068300016538, 47.96755200001747], [-89.59092099981673, 47.967370000225095], [-89.59204499974801, 47.96698100022384], [-89.59231599990966, 47.966661000166404]]], [[[-89.59589000026813, 47.97104600017944], [-89.59575399982569, 47.970840000013915], [-89.59425699962551, 47.97090900021927], [-89.59204599957292, 47.97141200001146], [-89.59071999997529, 47.97218899994902], [-89.58966600036423, 47.97225800015615], [-89.58929200027042, 47.97225800015615], [-89.5882710002713, 47.97276100003964], [-89.58779500007024, 47.973081000190604], [-89.58779599989516, 47.97342400010314], [-89.5879320003376, 47.97349199973629], [-89.5887139999621, 47.97321799980124], [-89.58936000004246, 47.97294400021649], [-89.59099299978676, 47.97275999989887], [-89.59140100021577, 47.97253199977241], [-89.59177500030958, 47.9721209998028], [-89.5929310000279, 47.97175500018445], [-89.59476799998669, 47.97152600026736], [-89.59558399994638, 47.97134299987674], [-89.59575399982569, 47.97129699993617], [-89.59589000026813, 47.97104600017944]]], [[[-89.61511799964853, 47.980081999761005], [-89.6150149997164, 47.9795339998252], [-89.61450500007844, 47.97932899985971], [-89.6141300001597, 47.97933799998086], [-89.61361999962345, 47.979352000166244], [-89.61344999974415, 47.979488999975835], [-89.61362100034668, 47.97990000022993], [-89.61348499990424, 47.97994599972266], [-89.61280500038698, 47.98058599978561], [-89.61283899982388, 47.98081499981154], [-89.61352000006434, 47.98092799977039], [-89.61396199993023, 47.98042600006273], [-89.61409599982453, 47.98038499976075], [-89.61426800025198, 47.98033400008767], [-89.61491400033236, 47.980287999738046], [-89.61511799964853, 47.980081999761005]]], [[[-89.66518299958956, 47.953483000300025], [-89.66528499969682, 47.952958000276766], [-89.66508100038064, 47.952592000230226], [-89.66460500017958, 47.95231800011614], [-89.66389100032713, 47.952180999815155], [-89.6629730002602, 47.95215800004079], [-89.66263299960325, 47.95206700017932], [-89.66062699959005, 47.951472000051226], [-89.6606159997194, 47.951215999833735], [-89.66059399997808, 47.950649999796426], [-89.66042400009879, 47.9503300002531], [-89.65913199993801, 47.95021600014394], [-89.6583839997504, 47.95051199991673], [-89.65828099981823, 47.95087800025516], [-89.6579750003948, 47.95103800008203], [-89.65729499997923, 47.95112899995056], [-89.65664899989886, 47.95190500004247], [-89.65593500004641, 47.95211099992078], [-89.65539100007328, 47.95201900003573], [-89.65505100031466, 47.95217899993981], [-89.65501699997948, 47.952453000189244], [-89.6547099998328, 47.95254499990328], [-89.6547099998328, 47.95279599992498], [-89.65496400027602, 47.95291200020621], [-89.65545800002043, 47.95313899979055], [-89.65600199999356, 47.953709999782546], [-89.65702200016776, 47.954167000266715], [-89.65923200039545, 47.95437300015205], [-89.65994600024787, 47.95444200009653], [-89.66103400019414, 47.95467000006858], [-89.66157800016727, 47.95512699988333], [-89.66184900032891, 47.955676000023225], [-89.66215599957727, 47.95560699992177], [-89.6622920000197, 47.95480800027542], [-89.66263199977833, 47.954510999948816], [-89.6630739996442, 47.9543740000473], [-89.66518299958956, 47.953483000300025]]], [[[-89.82919400044749, 47.88021199977483], [-89.82912599977712, 47.87987000004821], [-89.8286169999641, 47.87975600003931], [-89.82834499997752, 47.8798009999935], [-89.82807399981586, 47.879937999881236], [-89.82790399993655, 47.88028099988464], [-89.82718099986329, 47.88058500028683], [-89.82705500036491, 47.88096600019842], [-89.82641000010945, 47.881537000184686], [-89.8264779998815, 47.881857000125166], [-89.82674999986806, 47.881857000125166], [-89.8272589996811, 47.8816970001008], [-89.82790399993655, 47.881650999889345], [-89.82817599992313, 47.88119500016801], [-89.82885499961546, 47.88085200019129], [-89.82899000023299, 47.880532000067646], [-89.82919400044749, 47.88021199977483]]], [[[-89.8398880001372, 47.87808599993826], [-89.8400239996813, 47.87799499985675], [-89.83985299997707, 47.877308999845454], [-89.83998900041954, 47.877080999754135], [-89.83988700031227, 47.876693000051205], [-89.83954699965533, 47.876441999947204], [-89.83876699968066, 47.87639599988995], [-89.83798599988106, 47.87685299986456], [-89.83754499984009, 47.87758399996055], [-89.83761299961216, 47.87794899997323], [-89.83893699955996, 47.878223000143514], [-89.83941299976102, 47.878291999889846], [-89.8398880001372, 47.87808599993826]]]]}, "properties": {"NAME": "Grand Portage Reservation", "GEOID": "1355R", "_type": "reservation"}}, {"type": "Feature", "geometry": {"type": "MultiPolygon", "coordinates": [[[[-88.8405669997691, 45.55021399999069], [-88.84062799986846, 45.536667000281405], [-88.83232799963118, 45.53679999990667], [-88.83195500026058, 45.53681199987157], [-88.8199800002808, 45.536997999944035], [-88.82011499999999, 45.54943099969871], [-88.8200380000071, 45.550427999824294], [-88.8200299996112, 45.55053000019905], [-88.82002399976341, 45.550614000146645], [-88.8150400001417, 45.55056999974044], [-88.8113210000183, 45.55060000016409], [-88.81118100027619, 45.55060099975855], [-88.81104200035904, 45.55060199998208], [-88.80980700009968, 45.55061299992333], [-88.8046960002564, 45.55059899994057], [-88.80074699997921, 45.55058799999652], [-88.79959100026089, 45.55058499995427], [-88.79959399973562, 45.55112499995391], [-88.79959999958339, 45.552533999767114], [-88.79961600037525, 45.55551299985575], [-88.79962999972062, 45.55848000016595], [-88.79964099959129, 45.5604620001189], [-88.79965499983498, 45.56121299972044], [-88.79970000004083, 45.56346599993032], [-88.79971500010944, 45.56421700025766], [-88.79970800043675, 45.56500600000153], [-88.79968900017018, 45.567375999810864], [-88.79968400014731, 45.56807700006083], [-88.80070500014641, 45.568071999869325], [-88.80075799984985, 45.56852800028431], [-88.80092699990426, 45.568451000042366], [-88.80165800037344, 45.568106999942685], [-88.801738999666, 45.56808900026704], [-88.80221800024009, 45.567984999861956], [-88.80228500018725, 45.56796999989044], [-88.80263499999162, 45.56790299992686], [-88.80333299995053, 45.56778299986743], [-88.80362500002857, 45.56773899969753], [-88.80373399980851, 45.56772799996412], [-88.80390500041106, 45.56771000016702], [-88.80404500015315, 45.567695000122065], [-88.80410299987948, 45.5676889999772], [-88.80472300002057, 45.567628999750895], [-88.80485799973978, 45.56761500023392], [-88.80486100011284, 45.567529999992125], [-88.80486100011284, 45.567331000025284], [-88.80486799978553, 45.56572899989635], [-88.80486899961045, 45.56509800004817], [-88.80901899972909, 45.565113000157695], [-88.8092659996013, 45.56510599977167], [-88.81000100026846, 45.565111000227205], [-88.81000100026846, 45.565083999900416], [-88.8114559997375, 45.56508999969462], [-88.8131310002129, 45.56508999969462], [-88.8151239998073, 45.56509700008264], [-88.81541699971025, 45.56509800004817], [-88.81577999993341, 45.56509999997912], [-88.81954599991252, 45.56510499980628], [-88.82010599977917, 45.56511500008816], [-88.82010499995425, 45.56487699968925], [-88.82010499995425, 45.56353900011453], [-88.82011699964983, 45.562103000247795], [-88.82010900015221, 45.56204599977514], [-88.82011499999999, 45.562015999801055], [-88.82010900015221, 45.561594999712035], [-88.82037699994082, 45.56159200025734], [-88.82321599963214, 45.56157100029617], [-88.82321599963214, 45.560170999855394], [-88.8252259998433, 45.560170999855394], [-88.8251489998504, 45.55800000027145], [-88.82514600037567, 45.5577679998694], [-88.82011300035018, 45.557839999814725], [-88.82009999993139, 45.55233999985533], [-88.82012800041879, 45.55053000019905], [-88.82111099988475, 45.55052899997423], [-88.82360300014474, 45.55052599992882], [-88.82443400017306, 45.55052599992882], [-88.82473399974872, 45.55052499970393], [-88.8248040000689, 45.55256499996008], [-88.82485599994746, 45.55417499995095], [-88.82493700013829, 45.55531800002349], [-88.82514600037567, 45.5577679998694], [-88.82650999960813, 45.55777700010347], [-88.83020899964006, 45.557787999898416], [-88.83017500020318, 45.56007400027126], [-88.83016400033256, 45.560466000310875], [-88.83015599993662, 45.56075600026165], [-88.83013400019532, 45.561485000313326], [-88.83017199983014, 45.56150999979533], [-88.83506400028864, 45.5614889998035], [-88.83861299963445, 45.56146899983394], [-88.84047399988269, 45.56146699977367], [-88.84048700030148, 45.55882300001727], [-88.84049800017212, 45.55780300007276], [-88.83619700044073, 45.557784000144785], [-88.83520499985565, 45.55777999976188], [-88.83522599977204, 45.556865000295296], [-88.83534700014586, 45.55606799969081], [-88.83548600006303, 45.554429999895014], [-88.83549799975859, 45.55422700006557], [-88.83549299973573, 45.553634000150645], [-88.83548100004015, 45.551854999976825], [-88.8354779996671, 45.551276000013445], [-88.8354779996671, 45.55126299977847], [-88.83547900039034, 45.55112600016811], [-88.83548600006303, 45.550714999962345], [-88.83548900043608, 45.5505789998692], [-88.83959299962568, 45.55048800017817], [-88.84050900004279, 45.55046699984145], [-88.84056599994419, 45.55046600024459], [-88.8405669997691, 45.55021399999069]]], [[[-88.86176400025109, 45.56508199996885], [-88.86175900022822, 45.564846999969035], [-88.8617580004033, 45.56476899974109], [-88.86174599980943, 45.5641629999896], [-88.86170999982441, 45.5623469999072], [-88.86169899995376, 45.561811000283235], [-88.8614560002795, 45.561808000211116], [-88.86106299991913, 45.561808000211116], [-88.86106999959182, 45.5614540000093], [-88.86084500035922, 45.5614540000093], [-88.85639599959153, 45.56145500003968], [-88.85639200029189, 45.5613319999453], [-88.85623999995592, 45.56133299997786], [-88.8530830002473, 45.5613600002206], [-88.85110099962523, 45.56138299969496], [-88.84059699990632, 45.56146599974356], [-88.84055500007354, 45.56146699977367], [-88.84051900008852, 45.56146699977367], [-88.84047399988269, 45.56146699977367], [-88.84052199956325, 45.561942000131964], [-88.84044299992053, 45.56514800018805], [-88.83513500043375, 45.565138999876844], [-88.83225999985912, 45.56513500001759], [-88.83021399966294, 45.56513200012297], [-88.8203979998572, 45.565127000298226], [-88.82010599977917, 45.56511500008816], [-88.82010699960408, 45.56518999994414], [-88.82010900015221, 45.56530799995929], [-88.82011900019795, 45.566030999740704], [-88.82012199967271, 45.566249000127065], [-88.82016299968058, 45.56886200007921], [-88.8203479996285, 45.56886399987621], [-88.82041100027601, 45.57144899991477], [-88.82041299992584, 45.57152599981987], [-88.8204170001238, 45.571667000025755], [-88.82042200014668, 45.57181800022387], [-88.82042700016954, 45.572075000273095], [-88.82043300001733, 45.57233700021622], [-88.82043600039036, 45.5724720000098], [-88.82052000005595, 45.57599699992888], [-88.82060299989664, 45.579485999693915], [-88.82060600026968, 45.57962099990696], [-88.82445799956417, 45.57953600022982], [-88.82479700039622, 45.57952899975509], [-88.82543300043085, 45.57951500006044], [-88.82553999966267, 45.579513000013975], [-88.8256130003559, 45.57951799981564], [-88.8257120000901, 45.579517000106875], [-88.82601099984085, 45.579517000106875], [-88.82611100029827, 45.579517000106875], [-88.82626600010897, 45.57951500006044], [-88.8267330000892, 45.579508999920826], [-88.82688899972483, 45.579508000211845], [-88.82738500001736, 45.5795040001183], [-88.82887299999669, 45.57949599993039], [-88.82937000011415, 45.57949399988325], [-88.8306480000312, 45.57947600008436], [-88.83151099984657, 45.57946399979611], [-88.8379339999421, 45.579374999778565], [-88.840102000337, 45.57932100025022], [-88.84086300004509, 45.57931999990913], [-88.84083700010585, 45.578387000260456], [-88.84082299986213, 45.577919999783965], [-88.84076699978564, 45.57593899994834], [-88.84076400031091, 45.57584299969716], [-88.8407280003259, 45.57458600030603], [-88.84071300025728, 45.57407500005029], [-88.8457849997425, 45.57399499981693], [-88.84578599956743, 45.574140999764], [-88.84579599961317, 45.57591199979604], [-88.84615200016363, 45.575916999918405], [-88.84620200039235, 45.57931500008982], [-88.84620400004218, 45.579463000086335], [-88.851302000365, 45.57954799987398], [-88.851302000365, 45.57939300023854], [-88.85130499983971, 45.57718599984683], [-88.85130700038786, 45.57593899994834], [-88.85105799996751, 45.575930999881294], [-88.85105899979243, 45.57558200016924], [-88.85105899979243, 45.57230399993784], [-88.85612600015311, 45.57225099973599], [-88.8565260001862, 45.572246999754356], [-88.85664400018698, 45.57224500007781], [-88.85661099967668, 45.56875799984764], [-88.85659399995825, 45.56817299975221], [-88.85651399959232, 45.56817099993061], [-88.85651299976739, 45.567908000133414], [-88.85648900037627, 45.56505700018957], [-88.86155800038678, 45.56502200010251], [-88.86176400025109, 45.56508199996885]]], [[[-88.6336250003417, 45.49999999997403], [-88.63361500029596, 45.496380999929556], [-88.633611000098, 45.49456500015069], [-88.63360600007513, 45.49270400003511], [-88.63327100033938, 45.49270400003511], [-88.62868299965449, 45.49270500002901], [-88.62862400010326, 45.49270500002901], [-88.62844900020109, 45.492706000022885], [-88.62839099957644, 45.49270700001675], [-88.62841800023895, 45.491282000184306], [-88.62849799970657, 45.4870069997422], [-88.62852600019397, 45.48558199991875], [-88.62848299963795, 45.4824470001411], [-88.62847599996526, 45.48190800031207], [-88.62344100028994, 45.481853999711944], [-88.62333699963455, 45.478186999988566], [-88.62317400032624, 45.47818800024024], [-88.62003900035891, 45.47820899985154], [-88.61872700010669, 45.47818899986195], [-88.61479100024829, 45.47813000010325], [-88.61347899999605, 45.478110999708775], [-88.61341000039906, 45.47811000008563], [-88.61320700000948, 45.47810800020949], [-88.61313900023741, 45.47810800020949], [-88.61314199971216, 45.47813000010325], [-88.6131529995828, 45.4781969999846], [-88.61315699978076, 45.47822000009473], [-88.6131669998265, 45.479750000000884], [-88.61320000033679, 45.48434099999604], [-88.61321200003233, 45.48587200006863], [-88.61321399968217, 45.4863219997344], [-88.61322399972792, 45.486940000260674], [-88.61327899997949, 45.49011000016784], [-88.6132780001546, 45.49014599970605], [-88.61324899984227, 45.49121500012003], [-88.61324100034467, 45.49150200019184], [-88.61321799988013, 45.492365999818645], [-88.61321100020744, 45.492653999687526], [-88.61319699996372, 45.494116000188114], [-88.61316299962854, 45.49768599996495], [-88.61316000015381, 45.49850200001465], [-88.61315699978076, 45.49951299970267], [-88.61318299972004, 45.499949999807924], [-88.61318199989512, 45.49996399980853], [-88.61559600033732, 45.499962999943534], [-88.61814999962328, 45.499962999943534], [-88.61814299995058, 45.50013600025155], [-88.6232549996188, 45.5002010000552], [-88.62471500000905, 45.500137000113476], [-88.6259720000097, 45.500082999988024], [-88.62851699997316, 45.499972999852076], [-88.6336250003417, 45.49999999997403]]], [[[-88.8412770003219, 45.59384500016315], [-88.84095699975643, 45.59384899986345], [-88.83590399963947, 45.59391300005847], [-88.83375299986132, 45.59390700020041], [-88.8198890000442, 45.59413700016618], [-88.81999199997635, 45.59864099990769], [-88.8201159998249, 45.601362999943376], [-88.82028099968134, 45.604987000283366], [-88.82044300006307, 45.60853399972144], [-88.82760400030048, 45.60851199989631], [-88.84111599976511, 45.60846800022025], [-88.84115699977298, 45.60483299975854], [-88.8411579995979, 45.60467700028956], [-88.84119000028325, 45.601169000214206], [-88.84123399976586, 45.597766000292346], [-88.84123700013893, 45.59750900029196], [-88.84126800010107, 45.594638000078064], [-88.8412770003219, 45.59384500016315]]], [[[-88.61471900027826, 45.4377640002495], [-88.614793999723, 45.435944999788134], [-88.61156000002148, 45.4359589999359], [-88.61124600020212, 45.435960000306544], [-88.60964400041998, 45.435971999709814], [-88.60436399962396, 45.436005999686145], [-88.5990849995512, 45.43604399985792], [-88.59368500000288, 45.43617899973053], [-88.59359799996425, 45.43838400004673], [-88.59358500044378, 45.4386770001058], [-88.59354799973553, 45.43955900026892], [-88.59353600003996, 45.4398530002009], [-88.59345200037437, 45.44196300021643], [-88.59319999958099, 45.44829300010148], [-88.5931169997403, 45.45040400030469], [-88.59311900028845, 45.45043799977698], [-88.5931229995881, 45.45049200023125], [-88.59329500001554, 45.45049299971404], [-88.59376500036883, 45.45049800027855], [-88.59844299966878, 45.450554000268994], [-88.59880199969396, 45.4505590001979], [-88.60359299987012, 45.45061600023855], [-88.60874200024656, 45.450677000030275], [-88.61387800020421, 45.45073700027759], [-88.61388599970181, 45.45049299971404], [-88.61400100022786, 45.44692399981526], [-88.61411099983272, 45.44334699970182], [-88.61449999999513, 45.44081600004359], [-88.61454900039895, 45.43978600012393], [-88.61458299983582, 45.43938100021302], [-88.61468400011816, 45.43816800008948], [-88.61471900027826, 45.4377640002495]]], [[[-88.57244700041133, 45.46356599995893], [-88.56794499994018, 45.46352700017175], [-88.55444099997315, 45.46341199978595], [-88.55192600014695, 45.46339099970114], [-88.55188099994109, 45.46496200005083], [-88.55186900024553, 45.4653760001736], [-88.55184499995609, 45.46606099968786], [-88.55177399981098, 45.46811800017864], [-88.55176499959013, 45.46838799981286], [-88.55174500039698, 45.46881399995168], [-88.55171100006179, 45.46953899973756], [-88.55164999996242, 45.47085699984146], [-88.55152699993877, 45.47351499999452], [-88.55148099990802, 45.474496000299546], [-88.55146500001447, 45.474843999991435], [-88.55132299972428, 45.477905999752366], [-88.55131299967853, 45.47813099972604], [-88.55131199985361, 45.47835600006103], [-88.551296999785, 45.48164500001579], [-88.55143400005235, 45.48164600020603], [-88.55181700036701, 45.4816469997664], [-88.55263699962633, 45.48164799995664], [-88.55579699970802, 45.481655000027914], [-88.55611600044857, 45.481656000218024], [-88.5564429997884, 45.48165699977821], [-88.55644899963617, 45.48038300023277], [-88.55645000035939, 45.48001399991432], [-88.55645200000924, 45.47959499972592], [-88.55645799985702, 45.478366000027066], [-88.55645899968192, 45.47814099973202], [-88.55677900024737, 45.47814199998446], [-88.55790900002643, 45.478143000236884], [-88.56040499958607, 45.478088000184044], [-88.561843000235, 45.47805600025455], [-88.56185900012852, 45.47805600025455], [-88.56187699967188, 45.47805600025455], [-88.56185699958039, 45.47807100028283], [-88.56185400010565, 45.478100999697475], [-88.56182999981621, 45.47814800023906], [-88.5618630003265, 45.47814800023906], [-88.56187900022002, 45.47814800023906], [-88.56196100023578, 45.47814800023906], [-88.56675200041192, 45.47815800024201], [-88.56681900035908, 45.47651600004006], [-88.56685600016901, 45.4755870000154], [-88.56688200010828, 45.47493499987138], [-88.56688299993318, 45.47490799970085], [-88.5668989998267, 45.474533000053924], [-88.56893900017509, 45.474537000059954], [-88.56896400028945, 45.474537000059954], [-88.5701149999849, 45.47453999974933], [-88.57171900031518, 45.474543000068486], [-88.5718809997986, 45.474543000068486], [-88.57203899998233, 45.474543999754864], [-88.57204400000519, 45.47440200001414], [-88.572057000424, 45.472768000238275], [-88.57207400014244, 45.472457000183155], [-88.57212699984586, 45.47152700027983], [-88.57214600011244, 45.47121700005161], [-88.5722060003869, 45.46968599988481], [-88.57238600031195, 45.46509600017378], [-88.57244700041133, 45.46356599995893]]], [[[-88.46672299991393, 45.4778610001537], [-88.4664629996229, 45.47785199972578], [-88.46557700024135, 45.47782299980677], [-88.46168599969046, 45.477691999856404], [-88.45627600009644, 45.47769399974731], [-88.45492700003427, 45.47768999996537], [-88.45206900007636, 45.47767999987936], [-88.45199000043367, 45.47767999987936], [-88.45116600007803, 45.4776779999879], [-88.45118799981935, 45.47947800017059], [-88.45120100023814, 45.48050100000902], [-88.45121100028388, 45.48126599969497], [-88.45125599959141, 45.48485500030365], [-88.44615399996894, 45.48483600028756], [-88.44655999984982, 45.48837499981755], [-88.44655400000204, 45.491025999734866], [-88.44655400000204, 45.491066000039254], [-88.44655200035221, 45.49210599987033], [-88.44673300010217, 45.49210599987033], [-88.44739699972591, 45.4921049998658], [-88.44775400010128, 45.49210599987033], [-88.45158100017974, 45.492099999842836], [-88.45643799957983, 45.49205300023496], [-88.45956300039971, 45.492074999721346], [-88.46164100038294, 45.49208899979075], [-88.4632570004088, 45.49208799978592], [-88.46667000021047, 45.49208299976144], [-88.46667699988315, 45.490088999954295], [-88.46668299973095, 45.48852799973244], [-88.46663599987528, 45.48716299987123], [-88.46655800005747, 45.48491100018131], [-88.46658499982165, 45.48428699983853], [-88.46659700041555, 45.484016000015856], [-88.46664199972305, 45.48299699979259], [-88.46671000039345, 45.48141600007025], [-88.46672200008899, 45.47819199998682], [-88.46672299991393, 45.4778610001537]]], [[[-88.44692300007297, 45.43468299984647], [-88.44681599994286, 45.43468299984647], [-88.44175199995522, 45.43468099969031], [-88.43658000001255, 45.434679000164444], [-88.43452600031878, 45.43467799977108], [-88.43395300003336, 45.43467799977108], [-88.4314089998948, 45.434676000245126], [-88.42625799986855, 45.4346729996953], [-88.42625000037094, 45.43486100022418], [-88.42612099960118, 45.43807599977494], [-88.42603500028578, 45.444250000261874], [-88.42601400036939, 45.44528400018061], [-88.42601099999635, 45.44531200025013], [-88.42739299967046, 45.44532199977637], [-88.43041300001008, 45.445348000048924], [-88.43120899987827, 45.445355999791], [-88.43118899978678, 45.44644299996902], [-88.43118200011409, 45.4468020002412], [-88.43115399962669, 45.44832399976191], [-88.43114299975603, 45.44890599979981], [-88.43634599966083, 45.449064999951474], [-88.43635999990454, 45.44815199992652], [-88.43637199960011, 45.447428000042805], [-88.43637400014825, 45.44733299982538], [-88.43639800043768, 45.445789000131555], [-88.4363990002626, 45.44577099974549], [-88.43640400028546, 45.445469000044625], [-88.43660199975386, 45.44547300022236], [-88.43679699974754, 45.44547799997145], [-88.43748899985867, 45.445494000047866], [-88.43824399971899, 45.4455109996908], [-88.43853499997213, 45.44551799983884], [-88.44159799996945, 45.44558800001124], [-88.44157600022812, 45.44718099977497], [-88.44154799974073, 45.44922499979035], [-88.44183099959794, 45.44923399974814], [-88.44650600032145, 45.4493770000047], [-88.44674999982061, 45.44938400030321], [-88.44679300037664, 45.445699000034566], [-88.44679699967628, 45.44538699980504], [-88.44680000004932, 45.445096999922924], [-88.44680199969913, 45.44499000018761], [-88.4468129995698, 45.44402000003657], [-88.44682000014082, 45.44344199969914], [-88.4468259999886, 45.44292099999601], [-88.44683100001147, 45.44251500027425], [-88.44683400038451, 45.442252000192994], [-88.44683500020943, 45.44212600018462], [-88.44683699985926, 45.442034000020726], [-88.44656900007064, 45.442028999966396], [-88.44258999965622, 45.441970000174486], [-88.44193199988028, 45.441979000029235], [-88.44193199988028, 45.441960000054095], [-88.44164999984797, 45.441956000257555], [-88.44167099976437, 45.440466999882176], [-88.44170099990161, 45.43831799981483], [-88.44170099990161, 45.438300000196605], [-88.44194399957586, 45.43830200022451], [-88.44660300040583, 45.438373000223564], [-88.44688000041526, 45.43837500024887], [-88.44688100024018, 45.4383570000185], [-88.44689399976065, 45.437213999790345], [-88.44692100042316, 45.434885999885225], [-88.44692300007297, 45.43468299984647]]], [[[-88.46746799972848, 45.428059999729015], [-88.4674689995534, 45.42804399975205], [-88.46746500025377, 45.42788500024675], [-88.46723699974982, 45.427881999966324], [-88.46694800004481, 45.42787799980225], [-88.4659610003809, 45.42786099989], [-88.4655539997768, 45.427854000072955], [-88.46490600004661, 45.42784300008857], [-88.46233900034186, 45.42779900012945], [-88.45824799977443, 45.42772499977704], [-88.45763199983129, 45.427713999767484], [-88.45722099992754, 45.4277069999322], [-88.45722799960024, 45.42716799992354], [-88.45724500021699, 45.42583900017249], [-88.45726799978321, 45.42410600013438], [-88.45729899974535, 45.4217879997779], [-88.45729399972248, 45.42163500027025], [-88.45725600008765, 45.420504000123415], [-88.4570059998424, 45.420501000081195], [-88.45218000040445, 45.42043999981856], [-88.44704299972356, 45.42036999997348], [-88.44703900042391, 45.42091800000787], [-88.44701299958635, 45.42394800020809], [-88.44697999997439, 45.42752699990754], [-88.44696800027882, 45.42893799994385], [-88.44696599973068, 45.42931300027057], [-88.44696200043103, 45.42971899979411], [-88.44694999983716, 45.431104999816895], [-88.44692999974566, 45.43375199985735], [-88.44692399989789, 45.434554999794486], [-88.44692300007297, 45.43468299984647], [-88.44764699997116, 45.434698999832605], [-88.45202399987052, 45.43479399989293], [-88.4554230003268, 45.4348709997117], [-88.45712499966808, 45.43490900001745], [-88.46222600036394, 45.435023999907614], [-88.4666159997838, 45.43511900005121], [-88.46710600022855, 45.43512900012339], [-88.46732600033658, 45.43513400015882], [-88.46739800030662, 45.43513700005379], [-88.46739699958337, 45.43507000005019], [-88.46740300032947, 45.43478399976139], [-88.46737700039021, 45.43355399969712], [-88.4673620003216, 45.43279100008103], [-88.46738400006289, 45.43190999984761], [-88.4673909997356, 45.431509999869704], [-88.46739400010865, 45.431354999959275], [-88.46741300037522, 45.43032800022307], [-88.46742000004791, 45.42985699984286], [-88.46740400015439, 45.429572999950764], [-88.4673909997356, 45.42931800019085], [-88.46746799972848, 45.428059999729015]]], [[[-88.61326800010886, 45.507059000233845], [-88.61326800010886, 45.50704099989258], [-88.61326700028394, 45.50696799998851], [-88.61324499964431, 45.50582500030457], [-88.61323799997162, 45.50548900030959], [-88.61318199989512, 45.50239599988657], [-88.61316199980364, 45.50125399976811], [-88.61315699978076, 45.50099499977553], [-88.61315199975789, 45.500736999701964], [-88.61317100002447, 45.500220999785995], [-88.61318199989512, 45.49996399980853], [-88.60968500042785, 45.49997900030007], [-88.60298399959966, 45.50000999987601], [-88.60297600010205, 45.49622199971986], [-88.60296900042935, 45.492725999896884], [-88.60248999985525, 45.49271399997336], [-88.60105299992955, 45.49267800018733], [-88.60057400025374, 45.49266600025357], [-88.60043399961336, 45.492662000275075], [-88.60036900021434, 45.492661000280414], [-88.59975599974592, 45.49265800029629], [-88.59955200042972, 45.49265800029629], [-88.59927399969706, 45.492657000301556], [-88.59870399978466, 45.49265500031205], [-88.59844100001895, 45.49264699972347], [-88.59816400000952, 45.49263899976348], [-88.59809000038966, 45.492671000226295], [-88.59798200043463, 45.492719999935446], [-88.59787000028165, 45.49266600025357], [-88.59779800031161, 45.49263199979759], [-88.59760800034081, 45.49263399978791], [-88.59743699973826, 45.49262999980718], [-88.5963549996398, 45.49260999989905], [-88.59599499978968, 45.492603999925244], [-88.59569699986385, 45.492597999950796], [-88.59532299977006, 45.492587999991954], [-88.5940170002639, 45.492554000118616], [-88.5933069997111, 45.492540000164794], [-88.5926799998973, 45.49252800020163], [-88.59263600041469, 45.49252800020163], [-88.59261200012524, 45.49464899994953], [-88.59255400039892, 45.49983099997697], [-88.59259600023172, 45.50101200031478], [-88.59267400004953, 45.5031319999225], [-88.59266900002666, 45.50387900005022], [-88.59265999980583, 45.50561800030872], [-88.59271900025537, 45.50690799978086], [-88.60880300034593, 45.50702800013217], [-88.61326800010886, 45.507059000233845]]], [[[-88.63587700040219, 45.397148000259314], [-88.63587200037932, 45.3964860002932], [-88.6357510000055, 45.39287000029164], [-88.63545200025474, 45.39286200004906], [-88.63455599992912, 45.39284100019548], [-88.63425800000329, 45.392833999821995], [-88.63375000001517, 45.39282100020752], [-88.63222600005084, 45.39278200008454], [-88.63171800006272, 45.39276999970158], [-88.63144100005327, 45.39276999970158], [-88.63076300018584, 45.39276999970158], [-88.6306119996748, 45.39276700007855], [-88.63047600013067, 45.39276600020418], [-88.63047600013067, 45.392980999912965], [-88.63047500030575, 45.39546399998388], [-88.63047500030575, 45.39557200008265], [-88.63044400034362, 45.39557299990739], [-88.63045100001632, 45.395550999974446], [-88.63036399997767, 45.39555199979955], [-88.63019300027347, 45.39555199979955], [-88.63016300013622, 45.39551199984297], [-88.6301060002348, 45.39543700024231], [-88.63003000006682, 45.39541299997063], [-88.6300219996709, 45.395350999904856], [-88.62998599968589, 45.3953310001744], [-88.62981300033185, 45.39536299973975], [-88.6296969999809, 45.39527500026055], [-88.62965599997302, 45.395239999892], [-88.62949899961417, 45.395190000138875], [-88.6294509999336, 45.39511999990555], [-88.62939099965915, 45.39510199975945], [-88.62930600016865, 45.39508299977426], [-88.6292459998942, 45.395031000213635], [-88.62913200009137, 45.39500299979961], [-88.62907199981692, 45.39502400011146], [-88.6289710004329, 45.394958000276674], [-88.6289079997854, 45.39488699991912], [-88.6288020003785, 45.394807000297874], [-88.62862099973022, 45.394745000198064], [-88.62858700029332, 45.394730000082326], [-88.6290640003193, 45.39520599996374], [-88.62886299957955, 45.39511500011087], [-88.62863199960087, 45.39506399978265], [-88.62843900015534, 45.39502199981173], [-88.62811699994006, 45.395017999842935], [-88.62809400037384, 45.394935000268354], [-88.62802700042668, 45.394686000182375], [-88.62802099968059, 45.39466300006335], [-88.6280159996577, 45.39460200027833], [-88.6280140000079, 45.39457599996729], [-88.62800800016011, 45.39449800022408], [-88.62800599961197, 45.39447199986523], [-88.62797800002288, 45.39412400002442], [-88.6279720001751, 45.39404700013986], [-88.62795499955834, 45.39345799987925], [-88.62793500036517, 45.39307899976121], [-88.62791699992353, 45.392731000174145], [-88.62741300013336, 45.39272299991194], [-88.62590199968949, 45.39270100013119], [-88.6254459995799, 45.39269500024686], [-88.62546300019666, 45.39287000029164], [-88.6254799999151, 45.393077000023474], [-88.62548900013593, 45.39328500012403], [-88.62549099978575, 45.393492000228306], [-88.62548499993798, 45.3937000000631], [-88.62547099969426, 45.39390699990903], [-88.62544999977786, 45.39411400025831], [-88.6254310004096, 45.39424900010509], [-88.62542100036386, 45.39432099984944], [-88.62538000035599, 45.3945489998015], [-88.62533000012728, 45.39477700009529], [-88.6252699998528, 45.39500400026523], [-88.62520200008076, 45.395228999861764], [-88.62512400026296, 45.39545200017043], [-88.62515900042305, 45.39633199991716], [-88.62471699965886, 45.39633599979295], [-88.62459700000827, 45.39654600012948], [-88.62446800013682, 45.39675199983953], [-88.62433099986947, 45.39695700025993], [-88.62418600010452, 45.39715800011929], [-88.62403299994365, 45.397357000308205], [-88.62388900000359, 45.397531999793735], [-88.62373800039086, 45.39770499979417], [-88.62358100003203, 45.397874999913036], [-88.6234179998254, 45.39804200017742], [-88.6213959999187, 45.400037999685985], [-88.62138000002516, 45.40003600019451], [-88.62093899998419, 45.40002999982745], [-88.62032399986597, 45.400021999967734], [-88.62033599956153, 45.40072600031488], [-88.62034399995746, 45.401167000297185], [-88.62033700028475, 45.401935000158744], [-88.62032399986597, 45.403630000242494], [-88.61971100029587, 45.403630000242494], [-88.61894200019184, 45.403630000242494], [-88.61633500030412, 45.40361899995338], [-88.61538700009994, 45.403616000275555], [-88.61539200012281, 45.403678999784056], [-88.61543499978053, 45.407324999823906], [-88.61540800001634, 45.4073739999446], [-88.61781700043566, 45.40736700011018], [-88.6204240003234, 45.40736000027483], [-88.62072999974683, 45.407372999698005], [-88.62147600028464, 45.40740600025789], [-88.62172599963156, 45.407414999948585], [-88.62205200004482, 45.40742699974414], [-88.62315800043274, 45.40742400026846], [-88.62454500012973, 45.407421000161996], [-88.6264799999978, 45.407418000055365], [-88.62758700021064, 45.40741600019439], [-88.62921400010714, 45.407411999841585], [-88.63409700034481, 45.40740199990439], [-88.63561600028628, 45.40740000004284], [-88.63572500006622, 45.40739599968895], [-88.63574000013483, 45.40677999982492], [-88.63578899964033, 45.404932000292334], [-88.63580500043217, 45.40431699971829], [-88.63580799990689, 45.40398499982125], [-88.63581799995265, 45.402992999811815], [-88.63582200015061, 45.402662000032656], [-88.63584600044004, 45.400987999908466], [-88.63582399980042, 45.400457000077225], [-88.63587300020424, 45.40017599974856], [-88.63583700021923, 45.398840999975974], [-88.63583999969394, 45.398724000005004], [-88.63587700040219, 45.397148000259314]]], [[[-88.5931729998168, 45.45440600029216], [-88.59316799979395, 45.45395799979227], [-88.59312900033419, 45.45057500009353], [-88.59312599996115, 45.450539999961485], [-88.5931229995881, 45.45049200023125], [-88.59274400036973, 45.45048700029641], [-88.58820699973846, 45.45044200023254], [-88.58530299974981, 45.450413000074306], [-88.5831250002075, 45.45039100007469], [-88.58301800007739, 45.45369300001425], [-88.58301200022959, 45.45384899974423], [-88.58290299955132, 45.45699200008374], [-88.58289500005372, 45.45832800009019], [-88.58288800038103, 45.45945799972422], [-88.58287699961205, 45.461088999982046], [-88.58083499961386, 45.46103400029736], [-88.58035000009028, 45.46102099999747], [-88.57767899973013, 45.460948000293406], [-88.57777300033976, 45.458066999968686], [-88.57778199966229, 45.45779000016479], [-88.57779599990599, 45.45735199999768], [-88.5778109999746, 45.4568870002273], [-88.57791300008186, 45.45375999995921], [-88.57792099957946, 45.45352100016727], [-88.57683400035644, 45.45348399985318], [-88.57511700004825, 45.4534260001295], [-88.57469400044896, 45.453411999904745], [-88.57419300013353, 45.453395000122306], [-88.57282399997986, 45.45334899979573], [-88.57281899995701, 45.45350399978753], [-88.57276399970542, 45.453467000092445], [-88.5727620000556, 45.4535569997683], [-88.57269900030641, 45.455558000268724], [-88.5725090003356, 45.46156400018118], [-88.57244700041133, 45.46356599995893], [-88.57434399974626, 45.463575000148346], [-88.580035000446, 45.46360499971918], [-88.58193199978093, 45.46361600029287], [-88.58219899974463, 45.46361600029287], [-88.58300200018384, 45.46361899993346], [-88.58326999997244, 45.463619999813645], [-88.58406099981778, 45.463638000173695], [-88.58413399961272, 45.46363999993334], [-88.58606799965588, 45.46364800023126], [-88.58728899967154, 45.46365199974977], [-88.58798699963044, 45.463655000018484], [-88.58949600042449, 45.46366199980485], [-88.59288499993673, 45.46367500012581], [-88.59295699990675, 45.46136200028049], [-88.59308599977817, 45.457200999846286], [-88.5931729998168, 45.45440600029216]]], [[[-88.61340100017823, 45.47162600027192], [-88.61357600008041, 45.46732399999969], [-88.60268599967382, 45.467252999898335], [-88.60264899986392, 45.47006700014034], [-88.60119699986959, 45.47007899984864], [-88.597811999657, 45.470110000133104], [-88.59774899990781, 45.47321100014248], [-88.59777800022013, 45.47358500006387], [-88.59755700028718, 45.473595000246654], [-88.59577100038202, 45.473676000087046], [-88.59517600035527, 45.47370399991923], [-88.59446699962739, 45.47373799983175], [-88.5925879998358, 45.47382900023776], [-88.59257600014024, 45.47407599969928], [-88.59254500017809, 45.47478600019204], [-88.59250499999513, 45.47655599993993], [-88.59246800018519, 45.478268000157364], [-88.59606799958463, 45.47818599973692], [-88.59783900031948, 45.47814699998668], [-88.59980400032481, 45.47816599973917], [-88.60543300020196, 45.47822099971592], [-88.60570000016565, 45.47821800022244], [-88.60766599999589, 45.4782009997306], [-88.60817800018195, 45.47819099973527], [-88.60971600039001, 45.478165000117045], [-88.61022900040098, 45.47815699998981], [-88.61081000018403, 45.47814699998668], [-88.61255699973113, 45.478116999966666], [-88.61313900023741, 45.47810800020949], [-88.61340100017823, 45.47162600027192]]], [[[-88.44655200035221, 45.49210599987033], [-88.44143700031094, 45.492093999814706], [-88.44127900012721, 45.492093999814706], [-88.44057100012255, 45.49208399976637], [-88.43757300042257, 45.49204300017935], [-88.43528299982894, 45.49201300000187], [-88.42749700032586, 45.4920550002459], [-88.42717900030854, 45.4920580002621], [-88.42713599975252, 45.492052000229485], [-88.42709700029276, 45.492052000229485], [-88.42608899981416, 45.49204900021292], [-88.42603100008782, 45.49204900021292], [-88.42598599988199, 45.492051000224], [-88.42598199968403, 45.49217100012739], [-88.42592399995769, 45.49383700000401], [-88.42583400044434, 45.49935800028406], [-88.42598599988199, 45.49935500002709], [-88.4296539999518, 45.49935300027545], [-88.43112199983963, 45.49935199976994], [-88.43626000034543, 45.499355999902875], [-88.43714400007718, 45.499355999902875], [-88.43730999975853, 45.499356999778655], [-88.43740099999512, 45.49935500002709], [-88.43902299986875, 45.49935500002709], [-88.44139600030307, 45.49935400015128], [-88.44139299993002, 45.49997900030007], [-88.4413770000365, 45.50298599995499], [-88.44213500026987, 45.50298500014362], [-88.44510299983261, 45.503038000193825], [-88.44616900003757, 45.50305800017599], [-88.44652499968971, 45.50304399968555], [-88.44652399986481, 45.50295800019394], [-88.44652499968971, 45.50280400000001], [-88.44652899988768, 45.50141199978139], [-88.44653100043581, 45.50068400000417], [-88.44653300008565, 45.49997900030007], [-88.44653399991054, 45.499356999778655], [-88.44654300013138, 45.49572899987494], [-88.44654399995629, 45.49526699979019], [-88.44655099962898, 45.49260699991225], [-88.44655200035221, 45.49210599987033]]], [[[-88.65494800032207, 45.464771000072574], [-88.65471800016832, 45.46476899972301], [-88.65473599971166, 45.46431700017911], [-88.65474099973453, 45.46418399996475], [-88.6528810002095, 45.46414900008829], [-88.65195999976952, 45.46413300026356], [-88.6466079999018, 45.46404799981898], [-88.64451700039812, 45.46401600010764], [-88.6443969998492, 45.46612099994787], [-88.64433999994779, 45.46769400006548], [-88.64421100007635, 45.47123499987576], [-88.63935799997591, 45.471165000037345], [-88.63921999988365, 45.47116299991468], [-88.63899899995073, 45.47116000004555], [-88.63887599992708, 45.474460999896635], [-88.63886400023151, 45.47479299985603], [-88.63844699958167, 45.47478000020938], [-88.63391900006957, 45.474729000016005], [-88.63363700003727, 45.474725999706806], [-88.63362399961848, 45.47538499996965], [-88.63358000013585, 45.47762899979104], [-88.63356699971708, 45.478354999812375], [-88.63356699971708, 45.478367999894104], [-88.63474800044806, 45.47837799985801], [-88.63873000033722, 45.4784100002345], [-88.64394900013552, 45.47845300016066], [-88.64485999963146, 45.478466999836556], [-88.64632000002172, 45.47849100008273], [-88.64782300006966, 45.47851499968883], [-88.64824400001915, 45.47852299976519], [-88.64869599993077, 45.47852899997921], [-88.64906199962866, 45.47853500019255], [-88.64906800037474, 45.47838400008748], [-88.64907400022254, 45.47821800022244], [-88.64908900029114, 45.47781900003398], [-88.64914000034477, 45.476461000288836], [-88.64919800007111, 45.474932000203026], [-88.64926500001826, 45.473161000129984], [-88.6492680003913, 45.47133500012407], [-88.65444500035683, 45.471328999773995], [-88.65448999966435, 45.47029799974557], [-88.65471599962015, 45.470299000137224], [-88.65481000022982, 45.46806599982521], [-88.65493200042854, 45.46516400028356], [-88.65494800032207, 45.464771000072574]]], [[[-88.49850699995548, 45.42111099971308], [-88.49844599985612, 45.42086700027286], [-88.49778999972999, 45.42086000021908], [-88.49627699963628, 45.42084400009295], [-88.49614699993995, 45.42085200015658], [-88.49603999980982, 45.42085100014867], [-88.49571900031778, 45.420848000124884], [-88.49561200018765, 45.420848000124884], [-88.49458100014282, 45.420840000060686], [-88.49416699986602, 45.42082999997881], [-88.49188999969118, 45.42078100018266], [-88.49089999965422, 45.42077100009033], [-88.48983400034759, 45.42074499984205], [-88.4884550001482, 45.42071300015058], [-88.48838999985088, 45.42071100012981], [-88.48824599991082, 45.4207060000777], [-88.48824199971287, 45.421039000060276], [-88.48822699964425, 45.42246999981779], [-88.4882230003446, 45.42276599982846], [-88.48820499990295, 45.42436799973184], [-88.48819999988007, 45.42474799985093], [-88.4881940000323, 45.42527100013744], [-88.48818999983433, 45.425767000244626], [-88.48818399998655, 45.426109999787016], [-88.48816200024524, 45.42797399987835], [-88.48814700017661, 45.42928700017362], [-88.48814200015376, 45.429637999841276], [-88.48813600030599, 45.43016399974164], [-88.48811899968923, 45.431584000303125], [-88.48807699985642, 45.435147999877415], [-88.4880760000315, 45.4351900002731], [-88.48827799969787, 45.43519199978086], [-88.49822200044842, 45.43513999994862], [-88.4984170004421, 45.43513999994862], [-88.49845099987897, 45.43165800000913], [-88.49845199970389, 45.431584000303125], [-88.49845199970389, 45.431510999688754], [-88.49845199970389, 45.43142199996058], [-88.49845300042712, 45.43133300009205], [-88.49845199970389, 45.430929999688736], [-88.49845199970389, 45.42995500002898], [-88.49845799955166, 45.42973400007615], [-88.49846500012268, 45.429512999888374], [-88.4984669997725, 45.42918699973767], [-88.49847099997046, 45.42860700027188], [-88.49847799964316, 45.427106999929386], [-88.49849899955956, 45.42260999988844], [-88.49850699995548, 45.42111099971308]]], [[[-88.48704400016176, 45.47116900028242], [-88.48706599990308, 45.470608999745], [-88.48201899963388, 45.47064300026474], [-88.47697100043808, 45.47067700013404], [-88.4719240001689, 45.47071500026013], [-88.4668769998997, 45.470747999702326], [-88.46686900040208, 45.47115099980723], [-88.46673499960949, 45.477314999934606], [-88.46672299991393, 45.4778610001537], [-88.47173900022096, 45.477805999825605], [-88.47675600035294, 45.47774600003632], [-88.48177299958657, 45.477684999922566], [-88.48678999971854, 45.47762899979104], [-88.48680099958919, 45.47733200006392], [-88.48691699994015, 45.47440299970302], [-88.4869279998108, 45.47412099980081], [-88.48704400016176, 45.47116900028242]]], [[[-88.59277500033186, 45.487494999934924], [-88.59283700025615, 45.485254999917856], [-88.58374399962537, 45.4853039997808], [-88.58213199979748, 45.48529100003983], [-88.58213000014766, 45.48546199983266], [-88.58208699959164, 45.488738999843], [-88.58208599976673, 45.48884699975788], [-88.58203800008616, 45.49250700025987], [-88.5822809997604, 45.492508000257274], [-88.5829419999094, 45.49251100024939], [-88.58353899958597, 45.49252900019865], [-88.5837100001885, 45.49250000027758], [-88.58535600035158, 45.49249500028969], [-88.58702400025597, 45.492490000301345], [-88.58856599976367, 45.492486000310336], [-88.59081600017434, 45.49250900025469], [-88.59263600041469, 45.49252800020163], [-88.59277500033186, 45.487494999934924]]], [[[-88.43708800000067, 45.41300699991762], [-88.43200499974648, 45.41294000013049], [-88.42692599969024, 45.412873000263815], [-88.42676800040479, 45.412868000148194], [-88.42676099983379, 45.41305299971608], [-88.42671499980302, 45.41439299974727], [-88.42659199977939, 45.41767000016175], [-88.42669700025968, 45.41919700005281], [-88.42672499984879, 45.419553000192444], [-88.4267199998259, 45.419853999861076], [-88.42670399993239, 45.42013500003908], [-88.42701899957665, 45.420140000141764], [-88.43003899991626, 45.42019099990292], [-88.43056799982077, 45.42020000007854], [-88.43125099971105, 45.42021100029121], [-88.4317880000115, 45.420219999833094], [-88.43287699978265, 45.420231000041916], [-88.4332099998686, 45.420234000098496], [-88.43326699977, 45.420234000098496], [-88.43535399997405, 45.42025199980404], [-88.43687299991554, 45.420269000116164], [-88.43688200013635, 45.419967000114205], [-88.43698099987056, 45.4166310001532], [-88.43708800000067, 45.41300699991762]]], [[[-88.66640199989497, 45.40036899970033], [-88.6613439997551, 45.40037999999149], [-88.66126400028749, 45.403778000311355], [-88.66125400024174, 45.40402100012478], [-88.66120099963999, 45.40401799983753], [-88.65605100033693, 45.40404800017964], [-88.65599799973516, 45.406370000143916], [-88.65590599967366, 45.41087000012808], [-88.65589800017605, 45.411290999997526], [-88.65596000010035, 45.411290999997526], [-88.66104900020233, 45.41125700026839], [-88.6611389997157, 45.40765600003171], [-88.66130600012028, 45.4076540001792], [-88.6662780000464, 45.407607999767414], [-88.6662789998713, 45.407532000211546], [-88.66631999987919, 45.405168000080586], [-88.66633199957475, 45.40453600018573], [-88.66633999997067, 45.403988000110196], [-88.66635599986421, 45.40307000012071], [-88.66640199989497, 45.40036899970033]]], [[[-88.6509999998698, 45.40764100019002], [-88.65094999964107, 45.40764100019002], [-88.65011000029025, 45.40763100029331], [-88.64987599993852, 45.40762800019783], [-88.64968799961756, 45.40762599971366], [-88.6495570000963, 45.4076250001022], [-88.6493119998739, 45.40762200000641], [-88.6487479998093, 45.40761500020266], [-88.64844900005855, 45.40761200010633], [-88.64635299963366, 45.40758799996059], [-88.64590200044528, 45.40758300000777], [-88.64085199980303, 45.40752600000992], [-88.6407990000996, 45.40752499976602], [-88.64079699955147, 45.40775999983374], [-88.64078599968082, 45.41013800020831], [-88.64073899982513, 45.410488999746086], [-88.64070299984012, 45.41076299981688], [-88.64065500015955, 45.411122000065966], [-88.63953500042625, 45.4111090002443], [-88.639321000166, 45.41110599970291], [-88.63670000003457, 45.41104600019311], [-88.6363789996442, 45.41103900018304], [-88.63636799977355, 45.41109699996972], [-88.63636699994865, 45.411112999704635], [-88.63635400042816, 45.411367999716575], [-88.636315999895, 45.41213399994364], [-88.63633500016158, 45.41146400012019], [-88.63634500020734, 45.411113999885], [-88.63634699985715, 45.41104500001154], [-88.63556600005757, 45.41101899969917], [-88.63555699983674, 45.4111349998846], [-88.63546099957726, 45.41247500001974], [-88.63529400007099, 45.41465300004196], [-88.6360549997791, 45.41466699979588], [-88.63617000030514, 45.41466900003073], [-88.64065799963429, 45.4147199996887], [-88.6455939995754, 45.41477200004676], [-88.64572599981987, 45.41477400027785], [-88.64579399959194, 45.41345100030112], [-88.64579699996497, 45.413151000066556], [-88.64580799983564, 45.41225300021145], [-88.64581299985852, 45.41195400008478], [-88.64581399968341, 45.411842999896386], [-88.64581700005647, 45.41150999991414], [-88.6458189997063, 45.41140000028966], [-88.6458270001022, 45.41125300018761], [-88.64771400028972, 45.41127000005594], [-88.65030799975865, 45.41129500007561], [-88.65093899977042, 45.411275999859846], [-88.65098700034932, 45.408397999716705], [-88.6509999998698, 45.40764100019002]]], [[[-88.51925599982549, 45.4136810002635], [-88.51911600008341, 45.4136810002635], [-88.51413900013442, 45.41370800011539], [-88.50902300026824, 45.41373499995437], [-88.50889400039682, 45.41735599992517], [-88.50887000010736, 45.41802300029674], [-88.50877600039604, 45.42069499996146], [-88.5087660003503, 45.42097499973138], [-88.51390300013286, 45.42092100002794], [-88.51903999991542, 45.42086200023456], [-88.51914799987046, 45.41727299974557], [-88.51925599982549, 45.4136810002635]]], [[[-88.54299599972279, 45.478049999990205], [-88.53784999971941, 45.47799699972674], [-88.53530700030409, 45.477969999763516], [-88.53515499996811, 45.477969999763516], [-88.53498699973863, 45.47796799988235], [-88.53282300044002, 45.47794599992533], [-88.53270500043924, 45.47794500029926], [-88.5327029998911, 45.47868299979444], [-88.53270100024127, 45.47905800016918], [-88.53269299984537, 45.481505000288934], [-88.5326819999747, 45.48507000020527], [-88.53421199978683, 45.4850769998514], [-88.53633199960284, 45.485088000013356], [-88.53666200021404, 45.485088000013356], [-88.53782799997809, 45.485095000287025], [-88.54297399998148, 45.48511999972792], [-88.5429749998064, 45.48479200005985], [-88.54297900000435, 45.48312600030763], [-88.54298200037742, 45.48224800003227], [-88.54298499985214, 45.481581999961286], [-88.54299300024805, 45.479047999696064], [-88.54299499989787, 45.47835700030969], [-88.54299599972279, 45.478049999990205]]], [[[-88.46724599997064, 45.449762000008334], [-88.46657800014896, 45.44976099988244], [-88.46217500031031, 45.44975499975675], [-88.45956000002667, 45.449774000257605], [-88.45780599990856, 45.44978699999956], [-88.45712200019335, 45.4497919999965], [-88.45710200010186, 45.450424000070875], [-88.45709299988103, 45.450689000084864], [-88.45706000026905, 45.45171499972084], [-88.45700699966729, 45.453367000284175], [-88.4569139997809, 45.45681600021353], [-88.45890100042583, 45.4568520002317], [-88.46202399979926, 45.456908000214234], [-88.46274799969744, 45.456921000202236], [-88.46713299999274, 45.45700000006481], [-88.46718900006923, 45.453380999889895], [-88.46723699974982, 45.4503470000498], [-88.46724599997064, 45.449762000008334]]], [[[-88.63471099973981, 45.42191899974811], [-88.63430300020913, 45.42190799986816], [-88.63405700016183, 45.42190199993275], [-88.63384000042687, 45.421897999975485], [-88.63383799987871, 45.42187500021558], [-88.63015200026557, 45.421720999690116], [-88.6301270001512, 45.42260400002763], [-88.63011100025768, 45.42315800024866], [-88.63004799961018, 45.42541699975978], [-88.62995200024903, 45.42902299972351], [-88.62510599982129, 45.42895600002655], [-88.62484800007843, 45.42895199993858], [-88.62483100035999, 45.43243999984873], [-88.62482999963676, 45.4325440000284], [-88.62510599982129, 45.43254799986175], [-88.62985500016464, 45.432629999850384], [-88.63380799974149, 45.43270100005176], [-88.63453599983762, 45.4327139999458], [-88.63465800003638, 45.43271600017167], [-88.63462000040153, 45.43266799977395], [-88.63452300031716, 45.4325389997635], [-88.63443000043073, 45.43240799985187], [-88.63466999973193, 45.43240700004866], [-88.6346809996026, 45.43213700021482], [-88.63468899999852, 45.43059499974906], [-88.6344639998676, 45.429192000299544], [-88.63430999988181, 45.42918699973767], [-88.63451099972328, 45.42555299975921], [-88.63459799976191, 45.42397800005251], [-88.63469999986917, 45.42212300028521], [-88.63471099973981, 45.42191899974811]]], [[[-88.57843899961333, 45.49597000005993], [-88.57719599985637, 45.49595599969595], [-88.57695200035722, 45.49595299988735], [-88.57670899978466, 45.49595000007863], [-88.57207300031752, 45.49589199996664], [-88.57182999974495, 45.49588800021726], [-88.5715870000707, 45.49588800021726], [-88.56668299991664, 45.4958739998329], [-88.56248000009455, 45.49586100001256], [-88.56192000022789, 45.495859000136825], [-88.5618559997555, 45.495859000136825], [-88.56153699991326, 45.495858000198936], [-88.56153600008834, 45.49608300026182], [-88.56153600008834, 45.49632999976865], [-88.56153600008834, 45.49698600009241], [-88.56153400043851, 45.49949500009675], [-88.56176399969398, 45.49949500009675], [-88.56668200009173, 45.49950500008838], [-88.57101399978527, 45.49951799969708], [-88.57125700035782, 45.49951900019963], [-88.57182899992003, 45.49952000007256], [-88.57665000023343, 45.499571999734805], [-88.57696999990057, 45.49957599985215], [-88.57841299967406, 45.499589999945755], [-88.57841699987202, 45.49879300027384], [-88.57843500031369, 45.49598499972643], [-88.57843899961333, 45.49597000005993]]], [[[-88.63684899999748, 45.33455799976488], [-88.63665599965364, 45.33455799976488], [-88.63407399988027, 45.33458099970587], [-88.63127600019683, 45.334555000211175], [-88.62911799984767, 45.33457800015338], [-88.62656100018867, 45.33457600024117], [-88.62649800043947, 45.33814499991561], [-88.62642999976909, 45.3413470002978], [-88.62642100044658, 45.341760999947525], [-88.63154999983321, 45.34176799969904], [-88.63156699955167, 45.34142600027559], [-88.63159900023702, 45.33838500027502], [-88.63160599990971, 45.338162999883124], [-88.6316269998261, 45.338162999883124], [-88.63654699987369, 45.33818300026131], [-88.63676799980664, 45.33818399983801], [-88.63684800017258, 45.33458799971349], [-88.63684899999748, 45.33455799976488]]], [[[-88.53445299981125, 45.4207050000672], [-88.52931400037886, 45.420746999861564], [-88.52920700024875, 45.42074799987132], [-88.5291400003016, 45.427772999965555], [-88.52913799975346, 45.42799200026845], [-88.5292110004467, 45.42798999987515], [-88.53433300016066, 45.427921999699805], [-88.53433599963537, 45.42775699990723], [-88.53438500003918, 45.42479400017292], [-88.53439000006206, 45.42450600025337], [-88.53439199971189, 45.42438999979189], [-88.5343930004351, 45.42431600001435], [-88.53440599995558, 45.42356899970771], [-88.53443500026789, 45.42177699987247], [-88.53445299981125, 45.4207050000672]]], [[[-88.48273599985936, 45.447751000215455], [-88.48275699977575, 45.446020000269506], [-88.48253800039096, 45.446020999831525], [-88.48028700015539, 45.446033999808186], [-88.47759300022902, 45.44604999972696], [-88.47756999976448, 45.44839999987386], [-88.47755700024402, 45.449679000210146], [-88.47746099998454, 45.45329799974589], [-88.48259600011727, 45.45325400009834], [-88.48264700017091, 45.45167800011239], [-88.4827240001638, 45.44872599995525], [-88.48273599985936, 45.447751000215455]]], [[[-88.59275400041547, 45.542831999763116], [-88.59274799966937, 45.54272400022449], [-88.59259299985868, 45.53921599971393], [-88.59187999983115, 45.53921700014005], [-88.58747899964233, 45.539223999976336], [-88.58323200033763, 45.539230000015046], [-88.58246099968545, 45.5392309998117], [-88.58236399960107, 45.5392309998117], [-88.58237000034717, 45.53945600016856], [-88.58239899976118, 45.54058299994725], [-88.5824489999899, 45.542473000233315], [-88.58245900003564, 45.54284900024833], [-88.58760699968884, 45.5428409998726], [-88.59275400041547, 45.542831999763116]]], [[[-88.48770199993768, 45.53192900009783], [-88.48256400033021, 45.53191499986676], [-88.47742599982443, 45.5319049999693], [-88.47742300034972, 45.53244300023452], [-88.47740699955786, 45.535308000048005], [-88.47740599973295, 45.535532999742536], [-88.48254099986569, 45.53552500021347], [-88.48743999999688, 45.53552100013388], [-88.48767699982334, 45.53552100013388], [-88.48767900037147, 45.53529599976215], [-88.48769199989195, 45.53331099982013], [-88.48770199993768, 45.53192900009783]]], [[[-88.5297660002905, 45.39011200002518], [-88.52975500041983, 45.38891500013185], [-88.52975000039694, 45.38848900030555], [-88.52490599961904, 45.38845999985411], [-88.52467800001341, 45.38845899990355], [-88.51957600039096, 45.38842800016538], [-88.51957200019298, 45.38858299994795], [-88.51946900026083, 45.39201900015739], [-88.51981099966926, 45.39202000004498], [-88.5292880004396, 45.39206199972356], [-88.52970000016823, 45.392059999949836], [-88.52966400018322, 45.39169899989333], [-88.5297660002905, 45.39011200002518]]], [[[-88.84481300014723, 45.93547600021936], [-88.84374799976717, 45.9354420000889], [-88.83968899988513, 45.9354420000889], [-88.83936400019512, 45.93903799971163], [-88.83968700023532, 45.93904100019091], [-88.8437200001781, 45.93907799984137], [-88.84452600009203, 45.939084999704974], [-88.84481300014723, 45.93547600021936]]], [[[-88.63876200012427, 45.48561899995145], [-88.63350999981566, 45.48554899971588], [-88.63352599970918, 45.486255000067885], [-88.63355199964845, 45.48626800021624], [-88.63355400019658, 45.48639299974518], [-88.63359699985429, 45.48916200026871], [-88.63855899973466, 45.48921700021726], [-88.63861200033642, 45.48921700021726], [-88.63875899975122, 45.48921899969909], [-88.63876100029934, 45.48579000000826], [-88.63876200012427, 45.48561899995145]]], [[[-88.47746099998454, 45.45329799974589], [-88.47708400041599, 45.45330099993547], [-88.47576799996578, 45.45331099993595], [-88.47232500002688, 45.453337000307094], [-88.47232199965384, 45.45349800006002], [-88.47229999991252, 45.45455699973608], [-88.47225200023195, 45.456819000215916], [-88.4722489998589, 45.4569620001447], [-88.47378700006696, 45.45694900016619], [-88.47736499972507, 45.45691800020524], [-88.47745699978657, 45.45343800022932], [-88.47746099998454, 45.45329799974589]]], [[[-88.46709899965754, 45.53916199995809], [-88.46197799976851, 45.53918300011399], [-88.4619760001187, 45.539408000033774], [-88.46196299969989, 45.54101099977703], [-88.46194900035451, 45.54280200022666], [-88.46450500018861, 45.542791999748495], [-88.46659200039267, 45.54278300026033], [-88.4667430000054, 45.54278300026033], [-88.46706299967252, 45.54278199989767], [-88.46709899965754, 45.53916199995809]]], [[[-88.48850899967655, 45.413487000247365], [-88.48850799985163, 45.410263000178816], [-88.48850799985163, 45.41000599982315], [-88.48343299999337, 45.40997399972156], [-88.48332699968816, 45.41322399983102], [-88.48331699964241, 45.41355900007107], [-88.48850600020182, 45.41358999989683], [-88.48850899967655, 45.413487000247365]]], [[[-88.5873430000982, 45.499680000284485], [-88.58733399987737, 45.4961300002846], [-88.58733399987737, 45.49607899989631], [-88.5823939997383, 45.49601700017703], [-88.58233199981402, 45.49601600024194], [-88.58232699979115, 45.49617100004463], [-88.58239799993626, 45.498801999874914], [-88.58240499960895, 45.49962899996327], [-88.58373500030287, 45.4996430000437], [-88.58527099996277, 45.499656000250184], [-88.5873430000982, 45.499680000284485]]], [[[-88.48733600023981, 45.46369500022604], [-88.48662200038736, 45.463690000201645], [-88.4831819999232, 45.463669000220385], [-88.48211700044148, 45.46366300031428], [-88.48212300028926, 45.46443900029878], [-88.48214900022853, 45.46560200024825], [-88.48218400038863, 45.4670800000134], [-88.48419799989944, 45.467059000034915], [-88.48536299983857, 45.46704700031374], [-88.48587199965161, 45.46704700031374], [-88.48720700036837, 45.46704800013308], [-88.487214999866, 45.46685000027284], [-88.48721900006394, 45.46674499987383], [-88.48722200043699, 45.46666700026085], [-88.48733600023981, 45.46369500022604]]]]}, "properties": {"NAME": "Forest County Potawatomi Community", "GEOID": "1135R", "_type": "reservation"}}, {"type": "Feature", "geometry": {"type": "Polygon", "coordinates": [[[-89.0201570002042, 45.49125500029018], [-89.02008799970892, 45.49129899987772], [-89.01993200007331, 45.491358999717924], [-89.01983800036197, 45.491375000000396], [-89.01981999992032, 45.491375000000396], [-89.01965099986592, 45.491376000017894], [-89.01937100038174, 45.491310000084155], [-89.01930799973424, 45.491303999971805], [-89.01921499984782, 45.491310000084155], [-89.01902800025007, 45.49134300006069], [-89.01897899984627, 45.4913599997357], [-89.01893399964042, 45.491376000017894], [-89.01871500025563, 45.49142000014065], [-89.01849699979743, 45.49142000014065], [-89.01799399983217, 45.49132200030683], [-89.01787400018158, 45.49129899987772], [-89.01771799964764, 45.49128800029895], [-89.01768699968552, 45.491277000088274], [-89.01728199962956, 45.4912659998754], [-89.01714400043562, 45.49127099997242], [-89.01700100032049, 45.491277000088274], [-89.01689500001527, 45.491278000107506], [-89.01669199962568, 45.491335999933675], [-89.01660499958705, 45.49141800010721], [-89.01659700008943, 45.491526999937996], [-89.01670199967141, 45.49161499991321], [-89.01679299990802, 45.49164000023894], [-89.01678200003737, 45.49170299975096], [-89.01660299993722, 45.49171599990142], [-89.01632500010288, 45.491647999711084], [-89.01623600041441, 45.49160699980667], [-89.01617399959183, 45.491596000288], [-89.0160799998805, 45.491596000288], [-89.0160170001313, 45.49161299988669], [-89.01588499988684, 45.491705999785964], [-89.0157920000004, 45.49173900016022], [-89.01577100008402, 45.491737000138066], [-89.01567499982454, 45.49173300009358], [-89.01561299990026, 45.491705999785964], [-89.01551900018893, 45.491705999785964], [-89.01535000013453, 45.491736000126984], [-89.01511400013297, 45.49168400015545], [-89.01508900001862, 45.49168400015545], [-89.01504200016294, 45.49191699995624], [-89.01499600013219, 45.49360399996025], [-89.01033300000257, 45.49362200018985], [-89.00998599967294, 45.493623000167496], [-89.00495799967031, 45.493642999715846], [-89.00476199985174, 45.49364500029999], [-89.00474299958515, 45.49322100018278], [-89.00474000011043, 45.49315799984992], [-89.00480799988249, 45.49082300022405], [-89.00473000006468, 45.49085499982946], [-89.00467300016327, 45.490877999810124], [-89.00463399980521, 45.490938000098815], [-89.00456400038333, 45.49113599971635], [-89.00453300042119, 45.4911800000266], [-89.00450199956074, 45.49120199985399], [-89.0042599997114, 45.49132299969557], [-89.00413599986283, 45.491372999965314], [-89.00400899964123, 45.491372999965314], [-89.00401700003715, 45.491076000268336], [-89.0040499996491, 45.49103199987678], [-89.00416699982499, 45.49096000002073], [-89.00420500035814, 45.49092199969224], [-89.00421299985574, 45.49089400022921], [-89.00421299985574, 45.49082899975789], [-89.00419000028953, 45.490718999806575], [-89.00408800018226, 45.49060900027018], [-89.00386300005138, 45.49045500030639], [-89.0036119999812, 45.490212999782486], [-89.00355799955453, 45.490168999976255], [-89.00348800013263, 45.4901359999416], [-89.00343399970596, 45.49012500013569], [-89.00337099995677, 45.4901359999416], [-89.00319199985663, 45.49022999979861], [-89.00304399971863, 45.49033399985956], [-89.00298099996944, 45.490366999778196], [-89.00290399997654, 45.490382999712736], [-89.00284100022735, 45.4903780001666], [-89.0027469996177, 45.49032300009227], [-89.00270099958695, 45.4902740001869], [-89.00266200012722, 45.490168999976255], [-89.0026539997313, 45.490060000036316], [-89.0026699996248, 45.489948999799836], [-89.0027390001201, 45.48975099978799], [-89.00300400043398, 45.48938399984634], [-89.00304799991657, 45.48933300027611], [-89.0033309997738, 45.48901000024618], [-89.0035340001634, 45.488812000082206], [-89.00383799993699, 45.488547999830566], [-89.00387300009712, 45.48852700029416], [-89.0039640003337, 45.488472000301634], [-89.00404700017438, 45.488434000183815], [-89.00408800018226, 45.48841600018536], [-89.00418400044174, 45.488364999738636], [-89.00418500026663, 45.4881800001633], [-89.00448700039044, 45.48789799993435], [-89.00390200040943, 45.48759300012977], [-89.00418600009156, 45.48732500010505], [-89.00411699959625, 45.48728500029277], [-89.00400199996854, 45.487216999791016], [-89.00415299958127, 45.48668200002773], [-89.00418699991647, 45.486507999847795], [-89.00488800024843, 45.48650000027543], [-89.00488999989825, 45.48616499968553], [-89.0049150000126, 45.48498499984428], [-89.00496600006623, 45.4825590002192], [-89.00502299996765, 45.47918100011135], [-89.00472199966876, 45.479184999787456], [-89.00382100021857, 45.47919700007382], [-89.00111899989628, 45.47923200005467], [-89.000219000271, 45.47924499993405], [-88.9997670003594, 45.479257999810436], [-88.99926400039415, 45.47927300014858], [-88.99841300027435, 45.47928199971969], [-88.99807699981538, 45.4792860000185], [-88.99796200018764, 45.479287999852886], [-88.99792299982958, 45.479287999852886], [-88.99778599956224, 45.47929099991924], [-88.99750400042824, 45.47929599981949], [-88.99739399992508, 45.47929800028336], [-88.99613299972647, 45.479322000175564], [-88.99567699961689, 45.479331999970164], [-88.99550000006488, 45.47933399980292], [-88.9949679997873, 45.479342999994174], [-88.99479200006022, 45.47934700028865], [-88.99449800033236, 45.47935299978505], [-88.99361700007533, 45.479374000221874], [-88.99332400017236, 45.47938200017633], [-88.99323399976069, 45.47938400000726], [-88.99296299959904, 45.47939000012959], [-88.99287399991057, 45.47939300019052], [-88.99266999969606, 45.47939699985157], [-88.99206100032394, 45.4794109999228], [-88.99185899975924, 45.47941700004226], [-88.9906939998201, 45.47943499976688], [-88.98874800008139, 45.479465999944026], [-88.98720200037573, 45.479495999875724], [-88.9860390000864, 45.47952000031347], [-88.98579800006196, 45.47952599979145], [-88.9850749999887, 45.479547000163855], [-88.98503499980572, 45.479548999988914], [-88.98483399996427, 45.479550999813966], [-88.98455699995483, 45.47955300026879], [-88.984483000335, 45.47955300026879], [-88.98448900018278, 45.47964299987694], [-88.98451500012204, 45.480487000208626], [-88.98455399958179, 45.48166999972794], [-88.98397399962366, 45.4816809999253], [-88.9830480000591, 45.4816969998077], [-88.98257400040617, 45.481707999999784], [-88.98245399985727, 45.4817109999373], [-88.98249400004023, 45.48203499980484], [-88.9819140000821, 45.48203700017145], [-88.98127999969728, 45.48203899990819], [-88.98109999977223, 45.48212899995421], [-88.98009100036701, 45.482826000075306], [-88.97972599959571, 45.483053000257485], [-88.97942500019515, 45.48329600021303], [-88.97222499959967, 45.48318899989524], [-88.97160700000671, 45.48294200006905], [-88.96444099974642, 45.48295300001805], [-88.96385499994048, 45.483315000118715], [-88.96391699986476, 45.483862999812104], [-88.96392100006273, 45.4838950002225], [-88.96392199988763, 45.483929999804246], [-88.96393100010846, 45.48413399974095], [-88.96393399958322, 45.48420299970056], [-88.96395899969755, 45.48478999979106], [-88.96401499977405, 45.48607499978908], [-88.96401899997201, 45.48613899996811], [-88.96404900010926, 45.48655300009787], [-88.96408099989631, 45.48699900024069], [-88.96413199994991, 45.4871310000576], [-88.96395399967469, 45.48712799977892], [-88.96342099957222, 45.487120999757884], [-88.96324400002021, 45.48711900020153], [-88.96294500026947, 45.487121999850906], [-88.96204800011893, 45.48713200015045], [-88.96189599978297, 45.487133999706344], [-88.96174900036817, 45.48713300024332], [-88.96164200023806, 45.487133999706344], [-88.96158799981139, 45.487133999706344], [-88.96153500010793, 45.487133999706344], [-88.96135400035796, 45.48713499979913], [-88.96114900031856, 45.48713699998471], [-88.96110499993763, 45.48713699998471], [-88.96094400027916, 45.487138000077444], [-88.96083499960089, 45.48713699998471], [-88.96059299975155, 45.48713499979913], [-88.96060299979729, 45.487217999882326], [-88.96061600021608, 45.48732600019446], [-88.96062999956146, 45.487446000088426], [-88.96064299998027, 45.48756599972682], [-88.96065499967582, 45.4876820000369], [-88.96077400039984, 45.48875300011189], [-88.96081399968449, 45.48910999980996], [-88.96083600032411, 45.48966600019275], [-88.96088599965451, 45.49088199991534], [-88.96134099993918, 45.49087599975744], [-88.96189900015601, 45.49087000022861], [-88.96186999984369, 45.49090799996249], [-88.96150199959767, 45.49134600011482], [-88.96030900006942, 45.4927730002026], [-88.96030300022163, 45.492782000136025], [-88.95992900012783, 45.493263000155665], [-88.9598279998455, 45.493379000067904], [-88.95967399985969, 45.49355900030558], [-88.95953900014048, 45.493733000114375], [-88.95934599979662, 45.494006999700616], [-88.9591390001074, 45.49430400031356], [-88.9588789998164, 45.494635999846395], [-88.95886799994575, 45.49483900009678], [-88.95883899963344, 45.49538399992881], [-88.95883299978566, 45.495490999751276], [-88.95875699961766, 45.49695099980739], [-88.95874499992212, 45.49715700027261], [-88.95872900002857, 45.49747799972777], [-88.9638690001842, 45.497469999824375], [-88.96363400000756, 45.50159399982895], [-88.96996199966854, 45.50162099980319], [-88.97337100017056, 45.50162600024003], [-88.97545699965137, 45.50158599988074], [-88.98171599971538, 45.501469999874274], [-88.98380299991943, 45.50143099987269], [-88.98382200018601, 45.50143000003374], [-88.98387900008741, 45.50142799972612], [-88.9838990001789, 45.50142799972612], [-88.98435000026561, 45.501422999901315], [-88.98949000042121, 45.501320999851785], [-89.00012499966135, 45.50111100013102], [-89.00529699960403, 45.50105000013128], [-89.00626400007476, 45.50103899993848], [-89.01185699996691, 45.50097499969008], [-89.01474900025998, 45.50096800013068], [-89.01475099990982, 45.50086800021407], [-89.01982599976809, 45.50083600000175], [-89.01992299985248, 45.49615699973064], [-89.0201570002042, 45.49125500029018]], [[-88.97063399968816, 45.48840700018398], [-88.97059000020556, 45.48851400003741], [-88.97056599991612, 45.4886239998867], [-88.97055800041852, 45.488687999688736], [-88.9705509998475, 45.48875600030398], [-88.97053599977887, 45.48877799981868], [-88.97050499981675, 45.48910700026651], [-88.97048999974812, 45.489129000273834], [-88.97047499967951, 45.48921700021726], [-88.97041899960301, 45.489348999874615], [-88.97032300024188, 45.4895179998431], [-88.97029499975446, 45.48956899987558], [-88.97023299983017, 45.48965699976133], [-88.97018400032469, 45.4897750002654], [-88.9694450003579, 45.489401000112665], [-88.96723000010734, 45.48827899986864], [-88.96649199996544, 45.48790599993798], [-88.96642500001829, 45.487841999877205], [-88.96622699965158, 45.48765200005562], [-88.96616100042765, 45.48758899979098], [-88.96635300004827, 45.48753300005642], [-88.96693100035658, 45.487369000243575], [-88.967100000411, 45.4873219998367], [-88.96712399980211, 45.487313999750135], [-88.96730000042753, 45.48725500010005], [-88.96782799960882, 45.48707800014919], [-88.96800400023422, 45.48701900025193], [-88.96803799967111, 45.4870069997422], [-88.96814099960325, 45.486973000278475], [-88.96817599976336, 45.48696199985485], [-88.96820599990058, 45.48698500016564], [-88.96829600031228, 45.487057000064745], [-88.96832700027441, 45.48708099980074], [-88.96878800040686, 45.48734600008959], [-88.97017199973081, 45.48814099977357], [-88.97063399968816, 45.48840700018398]]]}, "properties": {"NAME": "Sokaogon Chippewa Community", "GEOID": "3885R", "_type": "reservation"}}, {"type": "Feature", "geometry": {"type": "Polygon", "coordinates": [[[-85.66208900028674, 42.63600200021936], [-85.66214799983796, 42.63240799987582], [-85.66198200015661, 42.63204099989093], [-85.66196999956273, 42.632014999799104], [-85.66138499958173, 42.63037799985571], [-85.66076899963858, 42.63037899983489], [-85.6590100003959, 42.630383999730604], [-85.65892900020505, 42.630383999730604], [-85.65848499979103, 42.63038599968876], [-85.65718799960739, 42.63039300020282], [-85.65710499976673, 42.63039300020282], [-85.65319099964962, 42.630414999736054], [-85.653215999764, 42.6313030001808], [-85.65246699975145, 42.63131099989501], [-85.65218300006931, 42.63136499992181], [-85.65232600018446, 42.63571700018598], [-85.65242200044393, 42.63763100004651], [-85.65528700007452, 42.63762799979761], [-85.66158999962113, 42.63762399968576], [-85.66207400021811, 42.63762600007212], [-85.66208900028674, 42.63600200021936]]]}, "properties": {"NAME": "Match-e-be-nash-she-wish Band of Pottawatomi Reservation", "GEOID": "2150R", "_type": "reservation"}}, {"type": "Feature", "geometry": {"type": "MultiPolygon", "coordinates": [[[[-89.18239200030439, 46.29004499981441], [-89.18232100015929, 46.28745900015063], [-89.17852900024091, 46.287440000167486], [-89.17853199971566, 46.28714699969083], [-89.1785419997614, 46.28609400030584], [-89.17854900033242, 46.2852369997183], [-89.17855000015732, 46.28519599974969], [-89.17858799979216, 46.28380900023667], [-89.17860600023383, 46.28266799976536], [-89.17862100030244, 46.28181199976183], [-89.17843200015655, 46.281807999712974], [-89.17768399996892, 46.281807999712974], [-89.17622799977663, 46.281807999712974], [-89.1763099997924, 46.28045600000721], [-89.17636800041703, 46.27952200009356], [-89.17636800041703, 46.27949600023643], [-89.17636800041703, 46.27941799997024], [-89.17636800041703, 46.279393000275306], [-89.17653400009837, 46.279431999819245], [-89.17668600043434, 46.27946799994671], [-89.17669800012992, 46.2791099999037], [-89.17670399997769, 46.278938999832896], [-89.1768439997198, 46.278938999832896], [-89.17726600039248, 46.2789419998714], [-89.17740699995947, 46.27894300009116], [-89.17761600019686, 46.278943999690064], [-89.1782460003837, 46.27894699972831], [-89.17845600044599, 46.27894900016763], [-89.17841100024016, 46.278731999882794], [-89.17839799982137, 46.278684999908165], [-89.17831499998067, 46.278362999948904], [-89.17822200009427, 46.278094000036205], [-89.17815299959898, 46.27791499985419], [-89.17805800006273, 46.27766300001514], [-89.17790499990186, 46.27732300012026], [-89.17770800025836, 46.27690400022424], [-89.17765700020473, 46.276796000305126], [-89.17749599964795, 46.27641900010935], [-89.17733499998947, 46.27603700030237], [-89.17731200042324, 46.275928999916374], [-89.17709899998792, 46.275914000139096], [-89.17689200029868, 46.275871000092636], [-89.17641000024983, 46.2757730002938], [-89.17638400031056, 46.275761000065636], [-89.1762810003784, 46.275712999747576], [-89.17623699999747, 46.27569299975785], [-89.17608999968436, 46.275624999986604], [-89.17598099990443, 46.27562600026692], [-89.17587200012449, 46.27562699992633], [-89.17521500017345, 46.2756340000251], [-89.1751769996403, 46.27563500030524], [-89.17508700012694, 46.27563599996445], [-89.17499699971525, 46.27563700024456], [-89.17486399964586, 46.27568100013307], [-89.17390499957102, 46.276028999982145], [-89.17407600017359, 46.27639800011111], [-89.17467200002524, 46.277679000177336], [-89.17478300035333, 46.27783800006082], [-89.17487799988957, 46.278021999814754], [-89.17498400019477, 46.27823099980822], [-89.17507700008119, 46.27838899972278], [-89.1748729998667, 46.27844899982241], [-89.17466600017747, 46.27854800002953], [-89.17451100036676, 46.278598000179024], [-89.17439400019089, 46.278654999995744], [-89.17426100012152, 46.27872800023], [-89.17417099970982, 46.27877099989721], [-89.17412499967905, 46.27879899992228], [-89.17402299957182, 46.27886299983712], [-89.17401099987624, 46.27887099974359], [-89.17284099991423, 46.27943600004152], [-89.17244599990403, 46.27962799981314], [-89.17183599980864, 46.27985499982309], [-89.17176600038677, 46.28032800009905], [-89.17183699963356, 46.283906999942154], [-89.17187599999161, 46.28582300029245], [-89.17182999996086, 46.28612700013575], [-89.17273700015716, 46.28612700013575], [-89.17305299962634, 46.28612700013575], [-89.17324799961999, 46.28612700013575], [-89.17323500009952, 46.28980100007157], [-89.17322500005378, 46.29141799983611], [-89.17477699960723, 46.2914229997959], [-89.17491200022475, 46.29141999982008], [-89.178492000431, 46.29135900027617], [-89.17850400012657, 46.29030599992364], [-89.17850599977639, 46.290097000056704], [-89.18239200030439, 46.29004499981441]]], [[[-89.08990800018334, 46.149856000003325], [-89.08989800013761, 46.14969200024806], [-89.08986800000038, 46.14920200010971], [-89.08985799995463, 46.14903899974966], [-89.08978799963444, 46.149039999848796], [-89.08946700014239, 46.149108999799225], [-89.0893840003017, 46.149139000237774], [-89.08933900009588, 46.14915600002264], [-89.08925100023232, 46.14922100006684], [-89.0891370004295, 46.14927699980401], [-89.08895800032936, 46.14934299979895], [-89.08876699963533, 46.14942800022271], [-89.08866600025131, 46.14950200014064], [-89.08845100016616, 46.14963199995742], [-89.088123999928, 46.149860999802215], [-89.08793700033026, 46.1499550001693], [-89.08783400039809, 46.14999300017943], [-89.08769899978057, 46.15001700027057], [-89.08766899964333, 46.15002099997355], [-89.08757300028218, 46.150032000244444], [-89.08725299971674, 46.15006000001871], [-89.08695200031616, 46.15007100028177], [-89.08662900027598, 46.150069000120986], [-89.08638800025155, 46.15007700014147], [-89.08620199958041, 46.150092000098994], [-89.08614700022713, 46.150105999972666], [-89.08597200032494, 46.15016200005407], [-89.0858769998904, 46.15017800006687], [-89.08578200035416, 46.150196000231276], [-89.08566799965301, 46.15022499999977], [-89.08552899973583, 46.15024899998975], [-89.08545000009313, 46.15025100014403], [-89.0854059997122, 46.150255999907046], [-89.08530699997799, 46.15028300011322], [-89.08523199963493, 46.15030700007791], [-89.08506900032663, 46.15034699999581], [-89.08487900035581, 46.15040000023117], [-89.08460599964603, 46.15048799986349], [-89.08449100001829, 46.150528999721935], [-89.08439099956088, 46.150554999722594], [-89.08431199991817, 46.15057100024345], [-89.0841100002518, 46.15063800000148], [-89.08403499990874, 46.1506590002247], [-89.0839629999387, 46.15068899981837], [-89.08388799959563, 46.15072699994408], [-89.08372100008937, 46.15079400013454], [-89.08356600027867, 46.15083699989798], [-89.08348699973764, 46.150854999846906], [-89.08339999969901, 46.15086499988512], [-89.08327000000266, 46.150872999789904], [-89.08302899997824, 46.150849000072014], [-89.08271799963362, 46.15079999991542], [-89.08263599961785, 46.150777000233234], [-89.08257299986866, 46.150753999919196], [-89.08236100015655, 46.15070599974685], [-89.0821800004066, 46.15067700023179], [-89.0819629997733, 46.150665000020254], [-89.08189199962818, 46.150652999806105], [-89.0818370002749, 46.15065000021889], [-89.08177000032775, 46.150658000154976], [-89.08122100033177, 46.15067500009298], [-89.08115400038461, 46.150669000298514], [-89.08100000039882, 46.15064299972938], [-89.08086700032943, 46.15060600023869], [-89.08069400007707, 46.15057800011979], [-89.08059199996983, 46.150564999815316], [-89.08017799969303, 46.15051600002817], [-89.08003600030113, 46.15050399978153], [-89.0797679996142, 46.150462999904455], [-89.07967800010084, 46.150420999922865], [-89.07953199961266, 46.15043100003993], [-89.07938199982483, 46.1504160001748], [-89.07887899985958, 46.15034399976959], [-89.07880799971448, 46.15034399976959], [-89.07881399956226, 46.1505620002233], [-89.0788160001104, 46.15285499995906], [-89.07882000030835, 46.15631499990963], [-89.08289500008394, 46.1564040000058], [-89.08357299995137, 46.1564190001057], [-89.08357499960118, 46.15458500005772], [-89.08357499960118, 46.15439700004352], [-89.08357499960118, 46.15383599991709], [-89.08357499960118, 46.15364899984869], [-89.08357499960118, 46.153443000029455], [-89.08357499960118, 46.15306300016443], [-89.08381200032596, 46.15306300016443], [-89.08401900001519, 46.15306300016443], [-89.08577999980601, 46.15298700000104], [-89.08761900031293, 46.15290700023969], [-89.0898760003963, 46.15281099987475], [-89.0898760003963, 46.15278999985038], [-89.08988800009188, 46.151619000271474], [-89.08990800018334, 46.149856000003325]]]]}, "properties": {"NAME": "Lac Vieux Desert Reservation", "GEOID": "1830R", "_type": "reservation"}}, {"type": "Feature", "geometry": {"type": "MultiPolygon", "coordinates": [[[[-88.98245999970506, 45.117998000270696], [-88.98230499989435, 45.11794700020088], [-88.98227499975712, 45.11789899968336], [-88.98222200005367, 45.11783999974472], [-88.98217600002292, 45.11773299972182], [-88.98215799958126, 45.1149159998259], [-88.98197600000637, 45.10609900006136], [-88.981914999907, 45.10144900021872], [-88.98191099970904, 45.10117799986289], [-88.98201500036444, 45.08795100031639], [-88.98203100025796, 45.08655800013177], [-88.98206300004502, 45.08385100018663], [-88.98213500001505, 45.07705099991767], [-88.98210200040306, 45.07310900014765], [-88.98209400000715, 45.07217700018266], [-88.98209400000715, 45.07205699997579], [-88.98202500041018, 45.06361500019037], [-88.98202500041018, 45.06355300006984], [-88.98200399959546, 45.06093800008898], [-88.98200399959546, 45.060875000219326], [-88.98200299977054, 45.06078999984196], [-88.98197699983129, 45.05762899990727], [-88.98191999992989, 45.05045899974105], [-88.98181399962468, 45.03729699972103], [-88.98167999973036, 45.02891700009705], [-88.9816749997075, 45.028598999704286], [-88.98166899985972, 45.028491000127275], [-88.98166100036211, 45.02835599973461], [-88.98160799976034, 45.02737000012575], [-88.98140299972093, 45.017355999722945], [-88.98139799969806, 45.01701000011488], [-88.98138900037554, 45.01638400024242], [-88.98136199971306, 45.014506999765956], [-88.98137500013185, 45.01397900017706], [-88.98137699978167, 45.01388399981848], [-88.98144600027695, 45.01113100012284], [-88.98165600033924, 45.002875000270464], [-88.98172099973824, 45.00032000010471], [-88.98172599976112, 45.000124000156504], [-88.98172599976112, 45.00009300031393], [-88.98172900013417, 45.00000000005036], [-88.98172999995909, 44.99996999995367], [-88.98181199997487, 44.99658000028612], [-88.98205800002214, 44.98641200009791], [-88.98207999976346, 44.98553500018517], [-88.9820689998928, 44.983022000234335], [-88.98204499960335, 44.97711499977652], [-88.98202200003713, 44.97125899972122], [-88.98203000043306, 44.9593940001034], [-88.98203200008288, 44.95667600020283], [-88.9818939999906, 44.95348999988714], [-88.98189200034079, 44.953450999708046], [-88.9818010001042, 44.951360000010006], [-88.98152400009477, 44.944969999745965], [-88.98131900005535, 44.942745000294096], [-88.97771700010779, 44.94286199968625], [-88.9665739999812, 44.94292599992135], [-88.96285999988066, 44.942947999886286], [-88.96271199974265, 44.94294900005792], [-88.96245099962672, 44.94294900005792], [-88.96058799972867, 44.94294699971467], [-88.94544900036755, 44.942938000076694], [-88.94048699958886, 44.94297100001409], [-88.93204499995967, 44.94302800020809], [-88.9318800001032, 44.94302999991271], [-88.93169099995733, 44.94303299978739], [-88.93110199977836, 44.94305100030385], [-88.9309019997618, 44.943054000177426], [-88.9302239998944, 44.943038000002055], [-88.92942399982823, 44.94303999970632], [-88.92895299965004, 44.94302899974249], [-88.92879600018951, 44.94302400016289], [-88.9286339998078, 44.94302199982222], [-88.92860899969344, 44.94302299999256], [-88.92852699967767, 44.94302100028774], [-88.92844800003498, 44.94302000011736], [-88.92844700021006, 44.94302000011736], [-88.92673699957457, 44.94300600027377], [-88.92627499961719, 44.94300299976188], [-88.92543400044147, 44.94300500010317], [-88.92456900007798, 44.94300600027377], [-88.92392100034778, 44.94301499990114], [-88.92275399986049, 44.94302999991271], [-88.92170600009722, 44.94303600029775], [-88.91856199990904, 44.943055999881096], [-88.91751499997068, 44.94306299979721], [-88.915348000299, 44.94309900016983], [-88.90884700038565, 44.94320999974601], [-88.90668099964059, 44.94324700019288], [-88.90664399983066, 44.94324700019288], [-88.90360799959753, 44.943084999709704], [-88.89907000003967, 44.94304300021628], [-88.89098999991042, 44.94296900030742], [-88.8845540002944, 44.94296900030742], [-88.87952999959143, 44.94296900030742], [-88.87622399991987, 44.94296900030742], [-88.8751130004074, 44.94296999984283], [-88.86860999994592, 44.942847999804165], [-88.86832600026379, 44.942847999804165], [-88.86747599996892, 44.942847999804165], [-88.86726000005885, 44.942847999804165], [-88.86720499980727, 44.942810000197795], [-88.86685199962984, 44.942902000238924], [-88.86638200017488, 44.94292999997338], [-88.86630099998403, 44.94293500019705], [-88.86412599991644, 44.94292999997338], [-88.86387499984626, 44.94292999997338], [-88.86369900011917, 44.94292999997338], [-88.8631080002904, 44.94294099995618], [-88.86303999962, 44.94294099995618], [-88.8623629995775, 44.942935999733024], [-88.8622639998433, 44.942935999733024], [-88.86049899985451, 44.942938000076694], [-88.85993599961482, 44.94294200012789], [-88.859160999663, 44.94294900005792], [-88.85900900022536, 44.942950000229544], [-88.85879099976714, 44.94295199993683], [-88.85788799976882, 44.94296100020846], [-88.8576829997294, 44.9429650002581], [-88.85731399965847, 44.942972999720645], [-88.85695700018141, 44.942980000282745], [-88.85671199995902, 44.942983000160034], [-88.85605300035816, 44.942991999790955], [-88.85510699980382, 44.94301600007156], [-88.85490699978729, 44.9430179997766], [-88.8545059999293, 44.94302299999256], [-88.85430599991275, 44.94302800020809], [-88.85227700033333, 44.943039000172114], [-88.83732800004469, 44.94312500010701], [-88.83150400017388, 44.94315900010489], [-88.83133799959421, 44.9431600002728], [-88.83085999974331, 44.9431600002728], [-88.82892999989811, 44.9431600002728], [-88.82830399990922, 44.9431609998049], [-88.82828700019077, 44.9431609998049], [-88.82233500027343, 44.94316300014069], [-88.81686100020698, 44.94316499984061], [-88.8110959998874, 44.94316700017625], [-88.80448100017125, 44.94319099974789], [-88.7985300000788, 44.9432139997783], [-88.79664200006638, 44.94322000014411], [-88.79428899972356, 44.943228999737876], [-88.7939320002465, 44.94323100007129], [-88.79153399969785, 44.94323799996609], [-88.78156700027937, 44.943270999731034], [-88.77732699974904, 44.943286000311566], [-88.77713500012842, 44.943286000311566], [-88.77656199984297, 44.9432880000072], [-88.77637199987217, 44.94328900017287], [-88.77397699969656, 44.94329700022616], [-88.77264699990097, 44.94330100025234], [-88.77206600011792, 44.94330199978198], [-88.77120099975443, 44.9433040001129], [-88.77032500041858, 44.94330800013859], [-88.76993799990599, 44.94330999983347], [-88.76974499956215, 44.94331200016406], [-88.76970299972935, 44.94331099999875], [-88.76974299991232, 44.943920000155316], [-88.76977999972223, 44.9445110001567], [-88.76990600011894, 44.94642900027624], [-88.76725400002536, 44.94643500030602], [-88.76725400002536, 44.94515899978175], [-88.76513699968409, 44.94516300031407], [-88.76515599995065, 44.94643900011355], [-88.76251499972776, 44.94644600025299], [-88.76260500013943, 44.94320599971349], [-88.76131399980359, 44.94318099998059], [-88.76123199978781, 44.94317999981299], [-88.76115099959696, 44.943179000281226], [-88.7610679997563, 44.943176999946], [-88.76098699956545, 44.94317599977833], [-88.76094499973264, 44.94317400007884], [-88.76076399998267, 44.94317599977833], [-88.7606600002256, 44.943176999946], [-88.76055700029343, 44.94317800011365], [-88.75584499976, 44.94321600011224], [-88.7551610000448, 44.943221000311006], [-88.7531120003739, 44.94323799996609], [-88.75242899958528, 44.94324399969354], [-88.75010499955478, 44.94326300031001], [-88.74909500032463, 44.943258000114945], [-88.73909600022081, 44.94320999974601], [-88.73576299988675, 44.94319499978146], [-88.73572000022907, 44.94319099974789], [-88.73559100035763, 44.94318099998059], [-88.7355479998016, 44.94317800011365], [-88.73570400033553, 44.940998000248314], [-88.73570799963518, 44.94094999989743], [-88.73571299965805, 44.94089499996266], [-88.73571000018332, 44.94066999991213], [-88.73571000018332, 44.94057399989352], [-88.73574100014545, 44.94007399995681], [-88.73574100014545, 44.939998999813305], [-88.73565900012969, 44.93980999995821], [-88.73564400006107, 44.93965500028226], [-88.73562999981738, 44.93950000018788], [-88.7356249997945, 44.93944800019787], [-88.73544599969436, 44.93725199999107], [-88.73545099971723, 44.9369710001372], [-88.73546599978584, 44.93612799995602], [-88.73547099980871, 44.935846999689126], [-88.73548800042546, 44.934849000245954], [-88.7355410001289, 44.931856999697764], [-88.73556000039548, 44.93085999998086], [-88.73545200044046, 44.92412999971347], [-88.73545200044046, 44.9229229999363], [-88.73545300026535, 44.922391999726614], [-88.73545300026535, 44.92238100025974], [-88.73546099976296, 44.92204300017531], [-88.7354979995729, 44.92201800013337], [-88.73559399983236, 44.92195799973387], [-88.73559100035763, 44.92165299980872], [-88.73558100031188, 44.920201000219464], [-88.7355820001368, 44.91996599987611], [-88.73558600033476, 44.91941500014738], [-88.73558700015965, 44.91928500009785], [-88.73562700034263, 44.91423000020471], [-88.73562800016755, 44.91412100003149], [-88.73562700034263, 44.91411199969281], [-88.73569299956655, 44.90698800011347], [-88.73578200015334, 44.89963200016596], [-88.7358420004278, 44.894623999908994], [-88.73595600023062, 44.88519499981298], [-88.73602400000267, 44.87960000025779], [-88.73608099990408, 44.8749780002918], [-88.73607099985834, 44.87459299994347], [-88.73605999998767, 44.87400199994286], [-88.73602800020062, 44.872228999812], [-88.73601800015489, 44.87163899986587], [-88.73604200044434, 44.87140800018696], [-88.73605199959177, 44.87113599986707], [-88.73606300036074, 44.87084300012992], [-88.7360829995539, 44.869281999985475], [-88.73608199972898, 44.86847499988833], [-88.73609000012492, 44.86795499997021], [-88.7360890003, 44.86763300025405], [-88.73611100004132, 44.8665400002538], [-88.73612000026213, 44.865379000193656], [-88.73612500028501, 44.86285900023706], [-88.73613399960753, 44.86248000020392], [-88.73613100013279, 44.86202499986572], [-88.73614000035363, 44.861610999912465], [-88.73616100027003, 44.85994500001017], [-88.73616499956967, 44.85963400007571], [-88.73616899976763, 44.85927000005597], [-88.73618300001132, 44.858178000198826], [-88.7361880000342, 44.85781000027907], [-88.7361880000342, 44.857527000239536], [-88.73619200023217, 44.85666299978502], [-88.73619399988198, 44.856376000129465], [-88.72763500007692, 44.85641799993544], [-88.7137930000011, 44.85648699977756], [-88.70196000031153, 44.85654599997389], [-88.69340200033137, 44.85658999982187], [-88.69135299976216, 44.85662400008663], [-88.68520699967605, 44.85672900004714], [-88.68315899983007, 44.85676499975294], [-88.68299499979855, 44.856774999914876], [-88.68171199985862, 44.85676800031117], [-88.68117100025853, 44.85676900007265], [-88.68086099973883, 44.85677100023238], [-88.67966599966246, 44.85676300022981], [-88.67913500010812, 44.85676399999139], [-88.67793300035906, 44.85675500022607], [-88.67675900019907, 44.85675800014803], [-88.67555699955169, 44.85676600015129], [-88.6752059999224, 44.85676600015129], [-88.67430999959677, 44.85676600015129], [-88.67368799980584, 44.85676000030813], [-88.67337700035952, 44.85676100006975], [-88.67321800035089, 44.85676699991286], [-88.67253299991243, 44.856742999900035], [-88.67047800039376, 44.85667399972781], [-88.66979399978024, 44.85665100007657], [-88.66881399978901, 44.8566370002013], [-88.66587399981535, 44.85659499991826], [-88.66489499964905, 44.85658100002937], [-88.66052699997051, 44.85655999987128], [-88.64742399986149, 44.85649799975401], [-88.64421100007635, 44.856483000075116], [-88.6440300003264, 44.856483000075116], [-88.64305700000786, 44.856480000138845], [-88.64274700038646, 44.85647799996896], [-88.64243799969167, 44.85647700020242], [-88.64213899994093, 44.85647599979906], [-88.64184100001509, 44.856475000032475], [-88.64174099955767, 44.856475000032475], [-88.62982900022539, 44.856437999741296], [-88.62978599966937, 44.85759199976415], [-88.62975499970722, 44.85840200007821], [-88.63042300042721, 44.85839799987199], [-88.63051399976551, 44.85792799981042], [-88.63431400007978, 44.857836999712916], [-88.6346110001807, 44.85924599981289], [-88.63017300018195, 44.85927299984689], [-88.62920599971122, 44.85806999984327], [-88.62731400039915, 44.85835900007516], [-88.62729900033054, 44.85827900029495], [-88.62725599977453, 44.8578189998795], [-88.62723200038339, 44.857341000263865], [-88.62722499981237, 44.8569020000374], [-88.62719300002534, 44.85642899992502], [-88.62707900022252, 44.85642899992502], [-88.62618500044502, 44.856425999985944], [-88.62510300034656, 44.85642300004675], [-88.62316099990745, 44.85639899989056], [-88.62215400015205, 44.85638799989519], [-88.62207700015917, 44.85638700012708], [-88.62184799983031, 44.85638400018581], [-88.62177199966231, 44.85638400018581], [-88.61578100028525, 44.85631300004466], [-88.59780800035735, 44.85610100014263], [-88.59181700008196, 44.85603100006365], [-88.59172599984535, 44.85602899987817], [-88.5914549996837, 44.856025999918295], [-88.59136500017034, 44.856025999918295], [-88.58281499968778, 44.85596800023819], [-88.57055900039892, 44.855884999716025], [-88.5571680004098, 44.85574899997522], [-88.5487839996086, 44.85566499999357], [-88.54861999957706, 44.85566499999357], [-88.54713099977282, 44.85566499999357], [-88.54681699995346, 44.85566499999357], [-88.54654300031709, 44.85566499999357], [-88.5460520000474, 44.85566499999357], [-88.5457130001137, 44.855656999837294], [-88.54550399987632, 44.85565500027563], [-88.54538599987555, 44.85565399985799], [-88.54525500035429, 44.85565300007714], [-88.54226299960376, 44.85560799973152], [-88.54203400017323, 44.85562000029413], [-88.5415810004367, 44.85564700011801], [-88.54111799975612, 44.855673999929195], [-88.54014699998574, 44.855734999880646], [-88.5396020001877, 44.85572800015048], [-88.53912599998662, 44.85570899987792], [-88.53892699979498, 44.85571000029461], [-88.53871500008287, 44.85571199985436], [-88.53716400035437, 44.85569900016767], [-88.53639400042543, 44.85569600019056], [-88.5356119999026, 44.855687000258335], [-88.53526700012111, 44.855685000060944], [-88.5340479997553, 44.855679000105155], [-88.53393099957944, 44.855677999687884], [-88.53379199966226, 44.855677999687884], [-88.53358099977505, 44.85567300014869], [-88.53346500032244, 44.85567099995082], [-88.53325199988709, 44.85566599977421], [-88.53322199974986, 44.85566599977421], [-88.53277800023416, 44.855676999907445], [-88.53261500002755, 44.85568800003858], [-88.53240400014035, 44.8557039997046], [-88.53100900004742, 44.85566200001469], [-88.52682700014174, 44.8555369999072], [-88.52570700040842, 44.855504000057664], [-88.5256279998674, 44.855503000274204], [-88.52543299987373, 44.85549899986655], [-88.52535099985798, 44.85549700029945], [-88.52510599963558, 44.85549400031181], [-88.52502500034304, 44.855492999891375], [-88.52398099987941, 44.855495000095424], [-88.52085199975986, 44.855503000274204], [-88.51980900001944, 44.85550600026138], [-88.51930199985624, 44.85550199985392], [-88.51880899993674, 44.85549200010772], [-88.51840899990366, 44.855498000083], [-88.51829199972778, 44.855495000095424], [-88.51801300006854, 44.855489999903526], [-88.51746999992032, 44.85548699991557], [-88.51675400041806, 44.855490999687255], [-88.51620600024698, 44.855478999734565], [-88.5156520002281, 44.85548199972298], [-88.51534799955618, 44.85549400031181], [-88.51483700009332, 44.855480000155254], [-88.51428499972427, 44.85547700016672], [-88.51387200017071, 44.85546500021117], [-88.51374199957606, 44.85546500021117], [-88.51270499968344, 44.85546599999529], [-88.51222600000764, 44.8554729997573], [-88.51187399965512, 44.855480000155254], [-88.51149200006373, 44.855478999734565], [-88.51119599978772, 44.85547100018926], [-88.51090000041002, 44.85547599974599], [-88.51062699970022, 44.85548900011983], [-88.51058700041557, 44.85549200010772], [-88.51036899995736, 44.85548699991557], [-88.51010100016876, 44.85548199972298], [-88.50971600020429, 44.85547799995068], [-88.509498999571, 44.85547599974599], [-88.50946799960886, 44.85547599974599], [-88.50929899955446, 44.85547199997327], [-88.50890899956713, 44.85546599999529], [-88.50870000022806, 44.85546599999529], [-88.50850100003643, 44.85546599999529], [-88.50835399972334, 44.85546599999529], [-88.50773399958224, 44.85546099980087], [-88.50698200009495, 44.855448999841926], [-88.50643599957368, 44.85544400028286], [-88.50618700005167, 44.85544200007704], [-88.50467300013307, 44.85542199992521], [-88.50429700038943, 44.85542400013178], [-88.50339699986583, 44.85541299995016], [-88.50254599974603, 44.85541299995016], [-88.50165699999141, 44.855406000180885], [-88.50100400023834, 44.85541200016513], [-88.5002409999821, 44.855427000123015], [-88.49966900041989, 44.8554399998711], [-88.49921699960994, 44.85544500006734], [-88.49878499978982, 44.8554399998711], [-88.49820499983167, 44.85545100004756], [-88.49817700024259, 44.85545100004756], [-88.49768599997292, 44.85545400003739], [-88.49621600043523, 44.85546599999529], [-88.49572599999047, 44.85546999976842], [-88.49510800039751, 44.8554740001781], [-88.49506999986436, 44.8554729997573], [-88.49422999961521, 44.85547100018926], [-88.49332499996706, 44.85546200022186], [-88.49310300020922, 44.85546000001667], [-88.49244799990801, 44.85545799981136], [-88.49212599969273, 44.85545600024284], [-88.49208600040807, 44.85545600024284], [-88.4912720000982, 44.855436000095885], [-88.49116300031827, 44.85543099989886], [-88.49084299975281, 44.855419999718634], [-88.49059900025367, 44.85541099974326], [-88.49007000034915, 44.855407999751144], [-88.48986699995956, 44.85541099974326], [-88.4896240002853, 44.85541599994202], [-88.48952800002583, 44.85542100014034], [-88.48924299962049, 44.855439000086534], [-88.48914899990916, 44.85544500006734], [-88.48913999968832, 44.855516999788364], [-88.48908100013709, 44.85595700016054], [-88.48902800043363, 44.856152000010134], [-88.489045999977, 44.85700599973358], [-88.48910100022857, 44.85956799995952], [-88.4891160002972, 44.860214999686356], [-88.48911499957396, 44.86042300029509], [-88.48911299992415, 44.860735000117664], [-88.48910899972618, 44.86167399993127], [-88.48910799990126, 44.861987999957186], [-88.48910700007637, 44.86213600008535], [-88.4891039997033, 44.86258099975771], [-88.4891039997033, 44.862729999929606], [-88.48910000040365, 44.86350000013339], [-88.48908799980978, 44.86581100031589], [-88.48908500033505, 44.86658200028596], [-88.48906799971829, 44.87011799996577], [-88.48904500015207, 44.87498799983661], [-88.48901400018994, 44.88072799987103], [-88.48899499992336, 44.884264999815684], [-88.48913300001561, 44.8842629999747], [-88.48913600038867, 44.8835300001043], [-88.49037400012276, 44.88354000007248], [-88.49025100009912, 44.884899999915795], [-88.49099400026387, 44.88490500009925], [-88.49095800027885, 44.88694399999259], [-88.49233599975503, 44.88844000003175], [-88.49113499983086, 44.88923100030265], [-88.49100099993656, 44.8890279998796], [-88.49076999995788, 44.888633000266765], [-88.49031100037357, 44.88876000011431], [-88.4902779998633, 44.888655999869044], [-88.49009200009044, 44.888331999808955], [-88.48985899956362, 44.88798599982749], [-88.48972700021747, 44.88784299990425], [-88.48954200026954, 44.88770600006267], [-88.4889899999005, 44.88740700021368], [-88.4889909997254, 44.887976999851716], [-88.48899400009846, 44.88968699987903], [-88.48899599974828, 44.890258000287034], [-88.48922099987917, 44.890173999745585], [-88.48962799958494, 44.89000300010535], [-88.48969500043043, 44.88996000016051], [-88.49005799975525, 44.890355000206604], [-88.48979099979158, 44.89052799969638], [-88.48935200029874, 44.89082399981276], [-88.48923900032084, 44.89087899996112], [-88.48906000022069, 44.89094099996116], [-88.48899800029642, 44.89095799981605], [-88.48899900012132, 44.891355000239564], [-88.48900199959606, 44.892545999704986], [-88.4890040001442, 44.892943999755175], [-88.48879300025699, 44.896756999734656], [-88.48881499999831, 44.8989149999053], [-88.48881599982322, 44.899055999699016], [-88.48881900019627, 44.89933400025151], [-88.48888100012056, 44.90527499985488], [-88.48897499983188, 44.90626400002329], [-88.48897499983188, 44.9063560000765], [-88.48896499978613, 44.907229999918684], [-88.48894600041788, 44.90914900029377], [-88.48893399982398, 44.909851999873894], [-88.4889210003035, 44.910725999999784], [-88.48881699964814, 44.917280000030054], [-88.4886380004463, 44.928611999890656], [-88.48851299987452, 44.93694499995678], [-88.48841499996524, 44.94349999977402], [-88.48841099976727, 44.94376200029368], [-88.48828500026889, 44.95223199998493], [-88.48813999960562, 44.96198600025889], [-88.48776700023502, 44.9784259998377], [-88.4875689998683, 44.98715699971883], [-88.48756499967035, 44.98733700028559], [-88.48755299997478, 44.987876999865264], [-88.48754899977682, 44.98805700007713], [-88.49321600018712, 44.98810299974412], [-88.49328300013427, 44.99450699992043], [-88.49272699956727, 44.9945019997437], [-88.49272699956727, 44.99538999976832], [-88.48733100021693, 44.99530699970877], [-88.48723499995747, 44.99654700005134], [-88.48697200019173, 44.99998699994687], [-88.48696299997091, 45.00027100002174], [-88.4869279998108, 45.00151500007073], [-88.48692299978794, 45.00168699983926], [-88.48690799971932, 45.002205999814564], [-88.48690400041968, 45.002378999820195], [-88.48689699984867, 45.0026110001863], [-88.48688799962783, 45.0029610000833], [-88.48687699975717, 45.00330999999295], [-88.48687099990939, 45.00354300015045], [-88.48686199968857, 45.0038630001063], [-88.48684900016808, 45.00434600002691], [-88.48683499992438, 45.00482599986655], [-88.48682700042679, 45.005147000000115], [-88.4867589997564, 45.00744800013548], [-88.48655600026513, 45.01435399968604], [-88.48649599999067, 45.016424999863254], [-88.4864900001429, 45.01665599970294], [-88.48648500012001, 45.01682200007894], [-88.48647000005141, 45.017320000224544], [-88.48646599985345, 45.01748700008785], [-88.48639399988342, 45.020014000172026], [-88.48618100034639, 45.02759599978888], [-88.4861110000262, 45.0301239999352], [-88.48601300011691, 45.033593000126906], [-88.48572100003886, 45.04400299996048], [-88.48562399995448, 45.04747300003208], [-88.48561999975652, 45.04759799978779], [-88.48560899988587, 45.04797600005273], [-88.48560600041112, 45.04810299982796], [-88.48560499968791, 45.04812099973829], [-88.48560300003808, 45.04817500007], [-88.48560300003808, 45.04819400019809], [-88.4855410001138, 45.050398000153066], [-88.48535399961776, 45.05701100010147], [-88.48529300041669, 45.05921599981957], [-88.48527599979994, 45.05981499983808], [-88.48522499974631, 45.06161499969578], [-88.48520899985279, 45.062214999957085], [-88.48520600037806, 45.062322999969936], [-88.48519600033231, 45.062647000053346], [-88.48519399978417, 45.06275599987034], [-88.48519100030944, 45.06287499995138], [-88.48518200008861, 45.063178999881444], [-88.48514500027868, 45.06445000008304], [-88.48513400040802, 45.06487400019849], [-88.48512199981414, 45.065299000282835], [-88.48508500000423, 45.066575999815186], [-88.48507400013358, 45.067001999846546], [-88.48503899997348, 45.06806499989036], [-88.4849340003915, 45.07125499988502], [-88.4849000000563, 45.07231899995393], [-88.48487400011703, 45.073229999851314], [-88.48479799994905, 45.075965000098975], [-88.48477399965961, 45.07687699997546], [-88.48477299983469, 45.0769069997408], [-88.48477299983469, 45.076954999840076], [-88.48477100018486, 45.07700000005514], [-88.48477000035996, 45.07703100012629], [-88.48476899963673, 45.07704699970622], [-88.48476799981182, 45.077096999792005], [-88.48476799981182, 45.07711399972238], [-88.4847159999333, 45.07898300018088], [-88.4845619999475, 45.08459199993443], [-88.48451099989386, 45.08646200017136], [-88.48438700004532, 45.090939000223145], [-88.48401700014946, 45.104369999952226], [-88.48389499995072, 45.10884800031526], [-88.48389199957766, 45.10897100002886], [-88.48385399994284, 45.1103360002891], [-88.48373099991919, 45.114800000110066], [-88.48369099973623, 45.11628899990088], [-88.48369900013213, 45.11640800006974], [-88.48372300042159, 45.116766999704005], [-88.48373199974411, 45.11688699981617], [-88.48492900036861, 45.11686500004692], [-88.48852000044553, 45.11679799974659], [-88.48971799999664, 45.11677700025122], [-88.48995800019614, 45.116771999977814], [-88.49067700007146, 45.11675899977206], [-88.49091800009589, 45.11675499980565], [-88.49277000012329, 45.11669399996657], [-88.49832799985533, 45.116511000058075], [-88.50010399971475, 45.116453000265984], [-88.50018099970765, 45.11645399994596], [-88.50439799977346, 45.11648599983799], [-88.51704899997084, 45.11658299971801], [-88.52126699986157, 45.116615999848754], [-88.52690999998241, 45.11665000027079], [-88.5438400001699, 45.11675299982236], [-88.54948400011567, 45.11678799983693], [-88.55099800003427, 45.11679199980098], [-88.55554200033819, 45.11680600030693], [-88.55692400001234, 45.116810999943446], [-88.55705700008171, 45.116812000251066], [-88.5575130001913, 45.11681400023229], [-88.55888200034494, 45.116822999829985], [-88.55933900027945, 45.116826000118195], [-88.56627299983782, 45.11687000031219], [-88.58707500030961, 45.11700200005668], [-88.59400999969289, 45.11704600011491], [-88.59505599980636, 45.11705299970329], [-88.59819400014673, 45.117073999730955], [-88.5992410000851, 45.11708099994976], [-88.60762400016309, 45.117159000065925], [-88.6251069996462, 45.117322999832325], [-88.63277500004682, 45.117333000282144], [-88.64115899994971, 45.117345999723206], [-88.65720200003238, 45.11736900023877], [-88.66207900042225, 45.117379999710316], [-88.66268500031966, 45.11737399982595], [-88.66306299971313, 45.11737700008514], [-88.66307600013192, 45.11737599978748], [-88.66338099973046, 45.117379999710316], [-88.67824399980536, 45.117354999870955], [-88.71004499956534, 45.11730500015928], [-88.7101249999313, 45.11730599982432], [-88.750106000278, 45.117628000084835], [-88.78348799990376, 45.1176659998067], [-88.78488399982157, 45.11766500014801], [-88.78526700013623, 45.11765699970805], [-88.78555300036649, 45.11765699970805], [-88.80679099995804, 45.117674999903976], [-88.82188699966147, 45.117687000242725], [-88.82194199991305, 45.117687000242725], [-88.83572500043763, 45.11770000023704], [-88.84195799966405, 45.11770600008718], [-88.84735700028575, 45.117711000278696], [-88.85137599998484, 45.11771399988631], [-88.86022600004304, 45.11772199968436], [-88.87510800038453, 45.117529999784495], [-88.88063799962917, 45.11759800015309], [-88.8829769997283, 45.11762699979156], [-88.88419000024633, 45.117637000188054], [-88.88641100034468, 45.11766199990391], [-88.88689000002049, 45.11763900014041], [-88.887090000037, 45.11762899974422], [-88.88713000021998, 45.11762899974422], [-88.88823800025773, 45.11763599989495], [-88.93033199984943, 45.117809000268224], [-88.93055399960727, 45.1178099999244], [-88.93072299966167, 45.1178110002145], [-88.95809100034413, 45.117984999710316], [-88.97100799978197, 45.118068000018795], [-88.9712830001416, 45.11806999995604], [-88.97242700016434, 45.1180499999469], [-88.97423200033609, 45.11801800029802], [-88.97448400023116, 45.11801700001159], [-88.97560899998734, 45.118011000194166], [-88.97604900020339, 45.11800799996826], [-88.97615999963315, 45.11798900022437], [-88.97654399977272, 45.11782899972789], [-88.97673000044387, 45.117743000099736], [-88.97678300014732, 45.11771900007718], [-88.97692000041467, 45.11770299984524], [-88.97708600009602, 45.11773000011521], [-88.97732000044776, 45.117822000234746], [-88.97737300015119, 45.11784299997946], [-88.97752399976393, 45.11790700008939], [-88.97772100030573, 45.11793400026278], [-88.97863799964946, 45.117953000025], [-88.97900500007057, 45.11796099978954], [-88.98215900030448, 45.11802600005346], [-88.98218400041884, 45.118026999705876], [-88.98245999970506, 45.117998000270696]], [[-88.83153199976297, 44.98024799969635], [-88.83131400020308, 44.98024200002479], [-88.8312170001187, 44.980123999790585], [-88.83150099980082, 44.980095000250515], [-88.83153199976297, 44.98024799969635]], [[-88.82787799993686, 44.9840880000054], [-88.82750300001814, 44.984162000265826], [-88.82747000040618, 44.984061000109854], [-88.82783199990611, 44.98397100015433], [-88.82787799993686, 44.9840880000054]], [[-88.82707299984783, 44.979185000219566], [-88.82706500035023, 44.97933000007456], [-88.82689999959545, 44.97932799972846], [-88.82684000021932, 44.97933700001445], [-88.82681199973192, 44.97915500002846], [-88.82705899960413, 44.97911700031462], [-88.82707299984783, 44.979185000219566]], [[-88.82726700001658, 44.98278299982626], [-88.82710499963488, 44.98279600002032], [-88.82688200005212, 44.98284099998496], [-88.82686899963332, 44.98278899986733], [-88.82684799971693, 44.982702000163805], [-88.82726600019168, 44.98263899992358], [-88.82726700001658, 44.98278299982626]], [[-88.81847999970758, 44.979817000299875], [-88.81846200016423, 44.97987199979133], [-88.81841100011059, 44.98001900013733], [-88.81812499988034, 44.97995200011283], [-88.81819500020052, 44.9797709997026], [-88.8182970003078, 44.97978600027441], [-88.81847999970758, 44.979817000299875]], [[-88.83010300023318, 44.976953999787206], [-88.82953999999347, 44.977036999735546], [-88.82951099968116, 44.9769290001391], [-88.8298999998436, 44.97687699974308], [-88.83008800016457, 44.97685300027758], [-88.83010300023318, 44.976953999787206]], [[-88.6318579998048, 44.88232800030869], [-88.63146100014475, 44.882688999808224], [-88.63141299956587, 44.88265700019449], [-88.63134099959586, 44.88257300000977], [-88.63171399986476, 44.88224900005793], [-88.6318579998048, 44.88232800030869]], [[-88.8273590000781, 44.984040000111676], [-88.82699900022799, 44.98412799978024], [-88.82693399993066, 44.98398099980336], [-88.82690399979342, 44.98391299986806], [-88.82727100021455, 44.98383299999048], [-88.8273099996743, 44.983920999976796], [-88.8273590000781, 44.984040000111676]], [[-88.82628700002537, 44.98034400007458], [-88.82617800024543, 44.98037400027896], [-88.82583900031172, 44.98024200002479], [-88.82580599980143, 44.98011400010424], [-88.82607399959004, 44.98011599978748], [-88.82617800024543, 44.9800860000835], [-88.82628700002537, 44.98034400007458]], [[-88.83087700036008, 44.97734199971573], [-88.83057299968814, 44.97739099970504], [-88.8304639999082, 44.97741100002587], [-88.8304229999003, 44.977192999711406], [-88.83082899978118, 44.97713399998227], [-88.83085499972044, 44.97726399998354], [-88.83087700036008, 44.97734199971573]], [[-88.82609100020679, 44.97988099999193], [-88.82592200015239, 44.97990200024272], [-88.8257470002502, 44.97992500017566], [-88.82565600001361, 44.97967599980282], [-88.82604400035112, 44.979621000123316], [-88.82603400030538, 44.97974799970787], [-88.82609100020679, 44.97988099999193]], [[-88.82771599955515, 44.9836880000866], [-88.82729200013095, 44.98377699975555], [-88.82727000038963, 44.983727000044205], [-88.82721400031313, 44.98357900021099], [-88.82762900041484, 44.98347700019793], [-88.82771599955515, 44.9836880000866]], [[-88.8209870000362, 44.97931200013441], [-88.82088699957876, 44.979524999805356], [-88.82061200011746, 44.979471999686744], [-88.82054900036826, 44.97946000018059], [-88.82053799959931, 44.97935399977417], [-88.82050099978937, 44.97921899982405], [-88.8209870000362, 44.97931200013441]], [[-88.83136100005873, 44.97618500000436], [-88.83081799991052, 44.976239000210896], [-88.83082100028359, 44.976097999811735], [-88.83081799991052, 44.97599200018023], [-88.83124999973066, 44.97602399994575], [-88.831315000028, 44.975981000177285], [-88.83136100005873, 44.97618500000436]], [[-88.83022600025681, 44.977415999787226], [-88.82990200039173, 44.97743799987594], [-88.8296260002072, 44.97745899975056], [-88.82961799981128, 44.97739399969008], [-88.82960399956758, 44.97728699970375], [-88.82996199976786, 44.9772520000153], [-88.8301950002947, 44.97722300029358], [-88.83022600025681, 44.977415999787226]], [[-88.8297180002687, 44.97867499992001], [-88.82943700006132, 44.97869700016112], [-88.82898699979953, 44.97873900025137], [-88.82895599983738, 44.97860299993847], [-88.82968200028368, 44.97850200015614], [-88.8297180002687, 44.97867499992001]], [[-88.82648100019412, 44.980798999687636], [-88.82592499962712, 44.9807030000712], [-88.82582400024309, 44.98067999981491], [-88.82585100000726, 44.98051099972076], [-88.82617999989525, 44.98050200025449], [-88.82614800010819, 44.98055500005642], [-88.8263949999804, 44.98059599990557], [-88.82648100019412, 44.980798999687636]], [[-88.82779300044636, 44.980773999809635], [-88.82747700007887, 44.98080799974272], [-88.82734099963643, 44.980810000037195], [-88.82725500032103, 44.98058799996833], [-88.82739199969006, 44.98055100008505], [-88.82766700004967, 44.98047099996394], [-88.82779300044636, 44.980773999809635]], [[-88.8306110002213, 44.977679000092856], [-88.83002399969213, 44.97771599992309], [-88.8299850002324, 44.97749099996832], [-88.83056299964238, 44.97745899975056], [-88.8306110002213, 44.977679000092856]], [[-88.83067200032067, 44.97656599977518], [-88.83066999977251, 44.9766329999435], [-88.83067099959743, 44.976700000033524], [-88.83052800038061, 44.97669800023114], [-88.8305700002134, 44.97678500014892], [-88.83050099971811, 44.976779000115], [-88.83022999955647, 44.97675300017261], [-88.83011699957856, 44.9764969997192], [-88.8302310002797, 44.976491000290615], [-88.83031999996814, 44.97650599981409], [-88.83042200007542, 44.976474000317545], [-88.8306480000312, 44.976431999839136], [-88.83067200032067, 44.97656599977518]], [[-88.81664899959655, 44.978753000274644], [-88.81663199987813, 44.97881599970148], [-88.81655900008319, 44.978988000245344], [-88.8160810002323, 44.978952999688815], [-88.81626000033246, 44.97860800023135], [-88.81632499973146, 44.97863599970295], [-88.81664899959655, 44.978753000274644]], [[-88.51571800035033, 44.89453599977657], [-88.51474800040486, 44.89480199988097], [-88.51477599999394, 44.894680999720464], [-88.51556199981643, 44.894381000112475], [-88.5156449996571, 44.89445600000209], [-88.51571800035033, 44.89453599977657]], [[-88.62449200042627, 44.891028000064075], [-88.62442700012895, 44.89124999979618], [-88.62412699965498, 44.89130200014274], [-88.6242680001203, 44.89067700007223], [-88.62439199996885, 44.89074799983362], [-88.62447700035766, 44.890875000102525], [-88.62449200042627, 44.891028000064075]], [[-88.82921199993041, 44.97640899977598], [-88.82885000043048, 44.976473000094664], [-88.82876000001879, 44.9760759998444], [-88.8291330002877, 44.97602299971506], [-88.82919199983893, 44.97631200020922], [-88.82921199993041, 44.97640899977598]], [[-88.57882500030101, 44.9024490000806], [-88.57860400036807, 44.902494000075265], [-88.57834499990199, 44.90187799981849], [-88.57831499976477, 44.9017439998079], [-88.57841000019933, 44.9017439998079], [-88.57853200039806, 44.901746999930275], [-88.57882500030101, 44.9024490000806]], [[-88.82702900036521, 44.979914000291764], [-88.82653200024777, 44.98000199993935], [-88.82639599980531, 44.97968500003419], [-88.82647000032347, 44.97966799973717], [-88.8269499998242, 44.97960399980736], [-88.82696900009077, 44.97969300009743], [-88.82702900036521, 44.979914000291764]], [[-88.81692300013127, 44.97949099974688], [-88.8168960003671, 44.97982800020239], [-88.81630499963998, 44.979750000039324], [-88.81630399981506, 44.97944500015895], [-88.8164329996865, 44.979449000207474], [-88.81692300013127, 44.97949099974688]], [[-88.82493700013829, 44.98017999978122], [-88.82483000000818, 44.980457999878105], [-88.82460700042542, 44.98040799981381], [-88.82435899982997, 44.98034800006039], [-88.82412600020149, 44.980292000233845], [-88.82424599985207, 44.9800399997021], [-88.82493700013829, 44.98017999978122]], [[-88.82965899981916, 44.97835199979878], [-88.82945499960468, 44.978365999916505], [-88.82922299980106, 44.97838299996411], [-88.82917799959523, 44.97789999978903], [-88.82925700013627, 44.97788999971482], [-88.82957400032866, 44.97786799979953], [-88.82965899981916, 44.97835199979878]], [[-88.54657699975395, 44.89596300009208], [-88.54572599963417, 44.89596399980919], [-88.54574900009871, 44.895707000029184], [-88.5458279997414, 44.895709000108674], [-88.54657599992906, 44.895706000307605], [-88.54657699975395, 44.89596300009208]], [[-88.57793800019623, 44.90436199975356], [-88.57763600007243, 44.90462100006734], [-88.57722299962056, 44.90434699982245], [-88.57717999996284, 44.90426600012694], [-88.57714599962766, 44.90420000029062], [-88.5773039998114, 44.904191000307094], [-88.5779089998839, 44.9041769999057], [-88.57793800019623, 44.90436199975356]], [[-88.83180399974952, 44.977762000262665], [-88.83130499998224, 44.977813000292066], [-88.83114900034663, 44.97782900030445], [-88.83105800011003, 44.97751799978076], [-88.83172500010681, 44.977408000041706], [-88.83180399974952, 44.977762000262665]], [[-88.82693899995353, 44.98449599970322], [-88.82635099959947, 44.98459899989042], [-88.82619599978878, 44.98417500014714], [-88.82637599971383, 44.98414600011456], [-88.82661099989046, 44.98407000028821], [-88.8268800004023, 44.98441399983512], [-88.82693899995353, 44.98449599970322]], [[-88.62411599978432, 44.88504699978183], [-88.62345499963534, 44.88495300018356], [-88.6231490002119, 44.884946000187036], [-88.62324700012118, 44.884761000242534], [-88.62410999993654, 44.88468200015033], [-88.62411599978432, 44.88504699978183]], [[-88.82269099992558, 44.98005500020353], [-88.82259100036647, 44.98025299984577], [-88.82221999974739, 44.980196999926434], [-88.822198999831, 44.980251999688804], [-88.82167300029954, 44.98016399978948], [-88.82176700001088, 44.97987400011845], [-88.82186300027033, 44.979898000225795], [-88.82209900027189, 44.97994199976106], [-88.82269099992558, 44.98005500020353]], [[-88.59579599959805, 44.897175999897776], [-88.59579599959805, 44.897443999900126], [-88.59563099974162, 44.89752800000469], [-88.59539499974007, 44.89758399979411], [-88.59503999991284, 44.897108999861125], [-88.59551299974085, 44.89710800016391], [-88.59579599959805, 44.897175999897776]], [[-88.54657599992906, 44.89519199983835], [-88.54657599992906, 44.895483000232474], [-88.54583100011448, 44.89555000025461], [-88.54577300038814, 44.89555500014861], [-88.54576099979427, 44.89524099997722], [-88.54657599992906, 44.89519199983835]], [[-88.50016099961616, 44.87406699996532], [-88.49978599969744, 44.87412700006778], [-88.49951399971087, 44.87355900028309], [-88.49991200009413, 44.873466999956335], [-88.50016099961616, 44.87406699996532]], [[-88.5852319996047, 44.89955799968221], [-88.58476799999751, 44.899670999995635], [-88.58442900006382, 44.899599999796486], [-88.5841749996206, 44.89944400012644], [-88.58438200020814, 44.89931299978288], [-88.58450799970652, 44.89935500007613], [-88.58467799958584, 44.89937500023529], [-88.58489000019625, 44.89934000011129], [-88.58503499996122, 44.89928600007818], [-88.5852319996047, 44.89955799968221]], [[-88.82763000023974, 44.984781999828286], [-88.82744600011674, 44.984823999908706], [-88.8272820000852, 44.9848210003124], [-88.82720099989434, 44.98477399983976], [-88.82712800009942, 44.98468100012926], [-88.82708799991644, 44.98462999985504], [-88.82699199965698, 44.98440400026162], [-88.82700300042595, 44.98431400020919], [-88.82749600034543, 44.98429200021726], [-88.82759500007964, 44.98464399971058], [-88.82763000023974, 44.984781999828286]], [[-88.59473199994126, 44.89918899995022], [-88.59407199961719, 44.89948699997986], [-88.59378700011014, 44.89924100011787], [-88.59423900002174, 44.898947999684914], [-88.59449299956664, 44.89906400018689], [-88.59473199994126, 44.89918899995022]], [[-88.61959199957185, 44.8701909999664], [-88.61958099970121, 44.87043199977318], [-88.61957900005139, 44.87052299969932], [-88.6188140001453, 44.87051300001527], [-88.6188140001453, 44.870181999753314], [-88.61959199957185, 44.8701909999664]], [[-88.53840200008845, 44.90491899993793], [-88.5383500002099, 44.905063000227045], [-88.53818700000329, 44.9052640002926], [-88.53742999959483, 44.90477699968837], [-88.53762700013664, 44.90457400005774], [-88.53810099978956, 44.90484000017392], [-88.53809800031483, 44.904910000066906], [-88.53840200008845, 44.90491899993793]], [[-88.52234599958697, 44.90063800023463], [-88.52217300023294, 44.90093700002057], [-88.52151000043412, 44.90091400023907], [-88.52154999971877, 44.900739000272395], [-88.52161599984102, 44.9005470002125], [-88.52167000026768, 44.900461000150074], [-88.52234599958697, 44.90063800023463]], [[-88.67713499994271, 44.899028000209746], [-88.67627299995226, 44.899551000190435], [-88.67603500030089, 44.899314999736944], [-88.67692400005552, 44.898876000199174], [-88.67713499994271, 44.899028000209746]], [[-88.81839100001912, 44.97926500022874], [-88.8182699996453, 44.979576999706325], [-88.81747700015013, 44.97944500015895], [-88.81760400037174, 44.979074999865816], [-88.81839100001912, 44.97926500022874]], [[-88.58631100022845, 44.89824600005751], [-88.58627000022057, 44.89858200014362], [-88.58624299955807, 44.89865399999755], [-88.58555299999507, 44.89858099983568], [-88.58559599965278, 44.89817700000136], [-88.58631100022845, 44.89824600005751]], [[-88.52883499980474, 44.90512899970879], [-88.52805200035534, 44.905165999876786], [-88.52798399968496, 44.904738000140924], [-88.52873600007057, 44.904779000088645], [-88.52883499980474, 44.90512899970879]], [[-88.5358720001936, 44.905174999707675], [-88.53527200014399, 44.90535700022752], [-88.53522500028832, 44.90531700024659], [-88.53516900021184, 44.90485000025475], [-88.53583899968334, 44.904792000143544], [-88.5358720001936, 44.905174999707675]], [[-88.55742000030487, 44.91408900009315], [-88.55720900041769, 44.91419300014574], [-88.55720000019686, 44.91419999976327], [-88.5569700000431, 44.914019999966634], [-88.55626100021352, 44.913461000082364], [-88.55660299962196, 44.91344099973425], [-88.55671800014801, 44.91341100015326], [-88.55742000030487, 44.91408900009315]], [[-88.57882899960066, 44.91764400017026], [-88.57808899980895, 44.918188999906995], [-88.5779370003713, 44.91809199986865], [-88.5778450003098, 44.91803499973033], [-88.57803699993043, 44.91783599974171], [-88.57844799983415, 44.917407000222035], [-88.57878099992008, 44.91760699976496], [-88.57882899960066, 44.91764400017026]], [[-88.58376299989195, 44.89613199976508], [-88.58346999998899, 44.896485000243736], [-88.58327499999533, 44.89688099972136], [-88.58318600030685, 44.89672699971828], [-88.5828299997564, 44.89671799983756], [-88.58294100008447, 44.89650900023185], [-88.58335399963804, 44.8964989999729], [-88.58319899982733, 44.896153000122816], [-88.58342200030842, 44.895873000025865], [-88.58376299989195, 44.89613199976508]], [[-88.62423899980799, 44.88769399982409], [-88.6238250004295, 44.888713999710795], [-88.62368999981197, 44.888753999787056], [-88.62354300039719, 44.88877799981943], [-88.6239869999129, 44.88753699981324], [-88.62423899980799, 44.88769399982409]], [[-88.6177499995902, 44.88675800023185], [-88.616476999696, 44.8867189999183], [-88.61648300044212, 44.886469000005825], [-88.61756999966514, 44.88646700024146], [-88.6175949997795, 44.88647800021755], [-88.61764099981025, 44.88652200010093], [-88.6177499995902, 44.88675800023185]], [[-88.6325909999238, 44.88718500028679], [-88.63254400006814, 44.88803099968531], [-88.63239699975504, 44.88804100014394], [-88.63242000021958, 44.88719000027163], [-88.63230600041678, 44.88719399975007], [-88.63219300043886, 44.88667299979194], [-88.63218099984498, 44.88660700012749], [-88.6325769996801, 44.88660899988703], [-88.6325909999238, 44.88718500028679]], [[-88.60217100001302, 44.90150100019335], [-88.60122500035699, 44.901637000007284], [-88.60132999993898, 44.901533000141086], [-88.60136199972601, 44.90123600016045], [-88.60208099960134, 44.901031000221494], [-88.60217100001302, 44.90150100019335]], [[-88.59074000000636, 44.88742799993881], [-88.58978299958136, 44.88762300011141], [-88.58979000015236, 44.88755899999055], [-88.58965999955771, 44.88727599981572], [-88.59051599970037, 44.8870649998836], [-88.5906229998305, 44.88727499994758], [-88.59071599971689, 44.88740700021368], [-88.59074000000636, 44.88742799993881]], [[-88.62454699977954, 44.88701499990691], [-88.62425300005167, 44.887211000075986], [-88.62408499982219, 44.88730700017492], [-88.62363399973547, 44.886950999745984], [-88.62380299978987, 44.886718000040474], [-88.62393599985927, 44.88654200026826], [-88.62454699977954, 44.88701499990691]], [[-88.61393900030357, 44.89561399975644], [-88.61346399992742, 44.8957410000982], [-88.61316400035177, 44.895027000154684], [-88.61332800038329, 44.895018000007944], [-88.61352400020189, 44.895006000022164], [-88.6136530000733, 44.89497700009926], [-88.61393900030357, 44.89561399975644]], [[-88.82076399955511, 44.97800800009849], [-88.820663999996, 44.97826400016052], [-88.82053199975154, 44.97861599980945], [-88.81996400038726, 44.9785379999039], [-88.82005600044876, 44.97833000006076], [-88.82023899984856, 44.97792199969205], [-88.82076399955511, 44.97800800009849]], [[-88.5253390001624, 44.89789999990167], [-88.5250799996963, 44.898139000110305], [-88.52483100017429, 44.898127000139525], [-88.52451300015696, 44.89810999985841], [-88.52447200014909, 44.89761399999972], [-88.52458299957885, 44.89760300024434], [-88.52486100031152, 44.89760300024434], [-88.52496800044165, 44.89762499975305], [-88.52507600039667, 44.89767999976074], [-88.5253390001624, 44.89789999990167]], [[-88.60942699978668, 44.88746400017707], [-88.6090689995864, 44.88763600022674], [-88.60855099955253, 44.88683500026735], [-88.60865299965978, 44.88678500009073], [-88.60885000020158, 44.886634999936526], [-88.60942699978668, 44.88746400017707]], [[-88.63996200022352, 44.886199999886934], [-88.63967400034342, 44.886452000097044], [-88.63933200003666, 44.88583400004043], [-88.63947799962652, 44.885652999991336], [-88.63966299957445, 44.88535099994969], [-88.63969899955947, 44.88542199992076], [-88.63987000016199, 44.88573600023924], [-88.63996200022352, 44.886199999886934]], [[-88.5793530003806, 44.918068999953576], [-88.57874800030812, 44.9185079998687], [-88.57826999955891, 44.91829400013777], [-88.57898900033256, 44.91776800027165], [-88.57912400005175, 44.917892000105454], [-88.57923500037985, 44.91799600027276], [-88.5793530003806, 44.918068999953576]], [[-88.51456799958149, 44.89420199972604], [-88.5145459998402, 44.89443600004111], [-88.51392599969907, 44.894811000061566], [-88.51350999977248, 44.89471999972637], [-88.51335999998464, 44.89461300021803], [-88.51334099971807, 44.89459100019331], [-88.51416300042386, 44.89423699979564], [-88.51433999997586, 44.89430499974272], [-88.51456799958149, 44.89420199972604]], [[-88.5276349997055, 44.90279099992008], [-88.52640100016939, 44.90306100029859], [-88.52637100003217, 44.902844000245224], [-88.52630099971195, 44.90269399997884], [-88.52648900003294, 44.90270699986895], [-88.52758600020002, 44.90252199978549], [-88.5276139997891, 44.90264400022722], [-88.5276349997055, 44.90279099992008]], [[-88.81541400023553, 44.97821800022372], [-88.81535499978598, 44.97842800021527], [-88.815362000357, 44.97865300030591], [-88.81463300043593, 44.978456999963015], [-88.81465699982708, 44.9778280001052], [-88.81480999998794, 44.97791200025712], [-88.81541400023553, 44.97821800022372]], [[-88.62115499989426, 44.871519000140154], [-88.62062299961671, 44.87147800003326], [-88.62062000014197, 44.87074000011784], [-88.62114700039666, 44.87074999976241], [-88.62115499989426, 44.871519000140154]], [[-88.58225499982113, 44.90431399996028], [-88.58112000001921, 44.90430000022512], [-88.58110300030077, 44.90426600012694], [-88.58098100010203, 44.90415100015107], [-88.58220899979038, 44.90380199988376], [-88.58224999979826, 44.90428299986038], [-88.58225499982113, 44.90431399996028]], [[-88.5847799996931, 44.9025070000106], [-88.58472000031695, 44.90251000009316], [-88.5841739997957, 44.90257400012017], [-88.58417899981855, 44.9019079996926], [-88.5846469996237, 44.9018249998754], [-88.584752000104, 44.90176800014614], [-88.5847799996931, 44.9025070000106]], [[-88.60763199966068, 44.89690199980551], [-88.6074650001544, 44.89693900017754], [-88.60701200041788, 44.896937999841064], [-88.60677600041635, 44.89685000006793], [-88.60671899961662, 44.89680399977137], [-88.60662900010324, 44.896601999693495], [-88.60662900010324, 44.896437999946336], [-88.60670799974595, 44.8964299997294], [-88.60725099989416, 44.896369999976066], [-88.60763199966068, 44.89690199980551]], [[-88.52615400029717, 45.06742500016332], [-88.52538600001806, 45.06742899977941], [-88.52526999966712, 45.066957000006596], [-88.52608899999984, 45.066882000194624], [-88.52615400029717, 45.06742500016332]], [[-88.67213299987935, 44.89565400012485], [-88.67180800018934, 44.89596900030361], [-88.67157399983763, 44.89618000002599], [-88.67109299961369, 44.895929999872024], [-88.67128199975957, 44.895707999750755], [-88.67155700011918, 44.89539099996087], [-88.67213299987935, 44.89565400012485]], [[-88.53783800002383, 44.90536000016136], [-88.53693699967533, 44.90575799996181], [-88.53686899990326, 44.905655000100275], [-88.53665800001608, 44.90548400004621], [-88.53746499975493, 44.90497299977048], [-88.53783800002383, 44.90536000016136]], [[-88.82868499967573, 44.97962999972786], [-88.82864899969071, 44.97964899973569], [-88.82862399957637, 44.97966300017217], [-88.82854499993363, 44.979694999795356], [-88.82845299987213, 44.97976900000732], [-88.82846600029093, 44.9798240001803], [-88.8284999997278, 44.97987900030049], [-88.82852300019235, 44.97990799994981], [-88.82868399985081, 44.98014799979328], [-88.82847799998649, 44.98014300027014], [-88.82827299994707, 44.98015400011012], [-88.82796800034855, 44.97919699978323], [-88.82842000026018, 44.979199000133896], [-88.82846600029093, 44.97937100016424], [-88.82865100023885, 44.97935700029191], [-88.82868499967573, 44.97962999972786]], [[-88.5371950003165, 44.90462100006734], [-88.53641799981655, 44.905288999988876], [-88.53609399995146, 44.90522100030602], [-88.53653300034259, 44.90445099968834], [-88.5371950003165, 44.90462100006734]], [[-88.89033600033243, 45.02053800027346], [-88.88960800023628, 45.020947999706145], [-88.88922499992165, 45.020608000105696], [-88.89001499994207, 45.02015499985783], [-88.89033600033243, 45.02053800027346]], [[-88.55478699957956, 44.9042669996997], [-88.55452999966163, 44.90434600025108], [-88.55410000038964, 44.90453299996386], [-88.55379900009075, 44.904663000300644], [-88.55380900013648, 44.90417099991445], [-88.55389500035021, 44.90376000029397], [-88.55478699957956, 44.9042669996997]], [[-88.63496099998507, 44.88792299996743], [-88.63445299999695, 44.887955999690604], [-88.63432699960025, 44.88711099969649], [-88.63457500019568, 44.887098000098966], [-88.63482999956551, 44.88704499989811], [-88.63496099998507, 44.88792299996743]], [[-88.83087700036008, 44.979020999788254], [-88.83079899964396, 44.97902199996664], [-88.83085600044369, 44.979480999950134], [-88.83061799989399, 44.97948699970129], [-88.83053699970313, 44.97912099975058], [-88.83050200044136, 44.978973000100225], [-88.83041299985457, 44.978973000100225], [-88.83031999996814, 44.978973000100225], [-88.83025399984591, 44.978509000197114], [-88.83024600034831, 44.97844400005599], [-88.83081100023783, 44.978401000195895], [-88.83087700036008, 44.979020999788254]], [[-88.82901199991387, 44.98346699982559], [-88.82903799985314, 44.983518999963636], [-88.82836400018368, 44.983652999857654], [-88.82846600029093, 44.98381300000361], [-88.82873800027748, 44.98442500012644], [-88.82864200001802, 44.98449899995187], [-88.82839199977276, 44.98459199995759], [-88.82807899977831, 44.983929000084366], [-88.82802500024995, 44.98384399975785], [-88.82797900021922, 44.98373600027505], [-88.82801900040218, 44.9837249998515], [-88.82807999960323, 44.98371199986815], [-88.8281409997026, 44.98371199986815], [-88.82836400018368, 44.983652999857654], [-88.82833999989423, 44.98351500019906], [-88.8289159996544, 44.98338800006325], [-88.82901199991387, 44.98346699982559]], [[-88.56816900024616, 44.911167000206206], [-88.56764799983925, 44.9117069999012], [-88.56702600004833, 44.91144000030444], [-88.56766000043314, 44.9109000000093], [-88.56816900024616, 44.911167000206206]], [[-88.52891299962255, 44.90391399991236], [-88.52884700039863, 44.90391999993044], [-88.52869099986471, 44.90397899986295], [-88.52860899984893, 44.904073999756505], [-88.5285839997346, 44.90415700014445], [-88.52862100044281, 44.904334999874756], [-88.52794000020235, 44.90428200028791], [-88.52795199989791, 44.90396300025393], [-88.52805599965498, 44.90351700029258], [-88.52891299962255, 44.90391399991236]], [[-88.56735900013426, 44.89179900014087], [-88.56615099963909, 44.89196100018018], [-88.56609000043804, 44.89157799977562], [-88.56726899972257, 44.89142100018379], [-88.56735900013426, 44.89179900014087]], [[-88.56636300024951, 44.919531000060665], [-88.56618599979919, 44.91965000019998], [-88.5653420002504, 44.92017899980855], [-88.56518400006667, 44.92014400026506], [-88.56512100031748, 44.920118000099706], [-88.56534700027328, 44.919711999709854], [-88.56589899974401, 44.919255999699246], [-88.56618099977631, 44.91938799970624], [-88.56636300024951, 44.919531000060665]], [[-88.6284020003454, 44.87616499994648], [-88.62837600040613, 44.876315000027645], [-88.62834700009384, 44.876770000088825], [-88.62756799994406, 44.876837000266775], [-88.62755200005054, 44.87667799980282], [-88.62769699981548, 44.876154999969614], [-88.6284020003454, 44.87616499994648]], [[-88.82240600041854, 44.98100800024918], [-88.82224300021194, 44.981453000223276], [-88.8221410001047, 44.98146700021925], [-88.82118000038004, 44.9812159999088], [-88.82139200009215, 44.980786000311596], [-88.82240600041854, 44.98100800024918]], [[-88.516791000228, 45.03112400028057], [-88.51625499975245, 45.03119800011208], [-88.51569200041108, 45.03127999969351], [-88.5149629995917, 45.031385000023484], [-88.51498699988116, 45.03106600010553], [-88.51564999967998, 45.03100799987167], [-88.51612400023122, 45.030945000043644], [-88.51678799985493, 45.03081900017957], [-88.516791000228, 45.03112400028057]], [[-88.53866900005212, 45.02317500005642], [-88.53866099965622, 45.023357999988455], [-88.53864899996066, 45.02365999974202], [-88.53755599999153, 45.02364599989381], [-88.53755799964135, 45.02331899969807], [-88.53755900036457, 45.02317600009926], [-88.53866900005212, 45.02317500005642]], [[-88.62539600024952, 44.88875600010836], [-88.62510499999638, 44.8886300000966], [-88.62455400035054, 44.88857799987994], [-88.62433800044047, 44.88859399995165], [-88.62431699962576, 44.888597999968866], [-88.62445800009108, 44.887905999851945], [-88.62448700040339, 44.88807600014438], [-88.62449900009898, 44.88801199989109], [-88.62454699977954, 44.88789199994026], [-88.62476799971247, 44.8879139999818], [-88.62491400020066, 44.88784600011548], [-88.625007999912, 44.88802099986139], [-88.62539600024952, 44.88875600010836]], [[-88.86151999985363, 44.9843150002953], [-88.8614970002874, 44.985031999701974], [-88.86132499985996, 44.98503800014299], [-88.86120799968408, 44.98504199980132], [-88.86076400016839, 44.985183999880086], [-88.86092900002483, 44.98416299971914], [-88.86105899972117, 44.98417799977724], [-88.8613070003166, 44.98428799987127], [-88.86143100016517, 44.9843150002953], [-88.86151999985363, 44.9843150002953]], [[-88.60848299978046, 44.8960120002103], [-88.60846100003916, 44.896277999850916], [-88.60828299976394, 44.89648700029616], [-88.60729199990206, 44.89625500011476], [-88.60733999958263, 44.89612299979128], [-88.60677600041635, 44.89614800028076], [-88.60665500004252, 44.896182000089034], [-88.6067300003856, 44.895931000226085], [-88.60739400000931, 44.89597299980792], [-88.60848299978046, 44.8960120002103]], [[-88.57930899999968, 44.886212999687395], [-88.579006000051, 44.88642400019897], [-88.5788379998215, 44.88629300010818], [-88.57855499996428, 44.88611499989544], [-88.5779089998839, 44.88565399988767], [-88.5783030000692, 44.88533000010279], [-88.57867999963774, 44.88566300022691], [-88.57930899999968, 44.886212999687395]], [[-88.6291980002136, 44.889632999690804], [-88.62808400032809, 44.88955799987569], [-88.62818700026025, 44.88936799969412], [-88.62823300029102, 44.889236999943705], [-88.62823300029102, 44.88904399982608], [-88.62822099969713, 44.8889959999733], [-88.6290779996647, 44.88898300016533], [-88.62918800016787, 44.88942699992156], [-88.6291980002136, 44.889632999690804]], [[-88.65762899982964, 44.890235000052485], [-88.65702299993224, 44.8908050003047], [-88.6563090000798, 44.89041499987154], [-88.65657400039368, 44.89022000025429], [-88.65689800025878, 44.890014000041724], [-88.65698600012232, 44.889908999695805], [-88.65762899982964, 44.890235000052485]], [[-88.56789600043467, 44.91764600012274], [-88.5677709998629, 44.91764100024142], [-88.56759900033377, 44.91767500006167], [-88.56747799995993, 44.917744000252384], [-88.56720199977542, 44.91803199982195], [-88.56701199980462, 44.91826499987511], [-88.56695900010118, 44.918386999982005], [-88.56694300020763, 44.918725999904595], [-88.56694900005543, 44.91905500021934], [-88.56692200029124, 44.91910099988703], [-88.56671499970369, 44.9189979997642], [-88.56649200012093, 44.91886300026843], [-88.56687500043559, 44.9178379996875], [-88.56745299984559, 44.917484999910336], [-88.56789600043467, 44.91764600012274]], [[-88.59340799999345, 44.90092499999741], [-88.59322200022062, 44.90154100028434], [-88.59319899975608, 44.9016459997544], [-88.59304999979315, 44.90164099975367], [-88.59249099975142, 44.90151999998551], [-88.59245200029169, 44.901511000218726], [-88.59218199995493, 44.901403999984474], [-88.59245200029169, 44.90124100019636], [-88.59255500022384, 44.9009129999717], [-88.59340799999345, 44.90092499999741]], [[-88.65228500035785, 44.8794869999706], [-88.65121800032799, 44.8794699999082], [-88.65127299968125, 44.87886100008847], [-88.65186299968514, 44.878890999876184], [-88.65221900023562, 44.87890900012323], [-88.65228500035785, 44.8794869999706]], [[-88.6328150002298, 44.88234500016317], [-88.63220699978424, 44.88302900017474], [-88.63162000015342, 44.88279399996741], [-88.63154099961238, 44.88274200020351], [-88.63201299961548, 44.88226999975648], [-88.63220000011155, 44.88208500011756], [-88.6328150002298, 44.88234500016317]], [[-88.88926199973156, 45.02460000022411], [-88.88844400012205, 45.02478100001595], [-88.88812100008185, 45.02406500017378], [-88.88888799963775, 45.02388199996195], [-88.88917700024106, 45.02443700023756], [-88.88926199973156, 45.02460000022411]], [[-88.52894899960756, 44.90595099997757], [-88.52887099978976, 44.90638399981449], [-88.52766200036801, 44.9064450001054], [-88.52778799986638, 44.90625599990107], [-88.52789800036955, 44.90608700008079], [-88.5282049996179, 44.90562100016724], [-88.52894899960756, 44.90595099997757]], [[-88.58234199985978, 44.897217999843], [-88.58228699960819, 44.89757599973661], [-88.58229199963104, 44.897841000093955], [-88.58225800019419, 44.89804399995461], [-88.58145999977783, 44.898021000288516], [-88.58162100033462, 44.89712799983195], [-88.58234199985978, 44.897217999843]], [[-88.57676999988401, 44.919999000293636], [-88.57619900014672, 44.9202040000146], [-88.57602099987149, 44.91999100017486], [-88.57563000005923, 44.92006499979958], [-88.57564099992989, 44.919863999969294], [-88.57564099992989, 44.91972999990382], [-88.57582199967985, 44.91946100016296], [-88.5760140001988, 44.91926000012798], [-88.57611499958281, 44.919192999748034], [-88.57620599981941, 44.91913400016525], [-88.5762960002311, 44.919192999748034], [-88.57639699961511, 44.91932799974064], [-88.57639699961511, 44.919462000107536], [-88.5762960002311, 44.91972999990382], [-88.57657800026341, 44.919663000071935], [-88.57676999988401, 44.919999000293636]], [[-88.52001999990665, 44.89110299987161], [-88.51997899989875, 44.891189999729484], [-88.51994999958644, 44.89125400026512], [-88.51992000034754, 44.891317000295174], [-88.51972600017878, 44.89173200020333], [-88.51862099961576, 44.89129699987897], [-88.51886500001324, 44.89101800012478], [-88.51886500001324, 44.89086100027707], [-88.52001999990665, 44.89110299987161]], [[-88.60036599984129, 44.90425299995308], [-88.5998749995716, 44.90490400015215], [-88.59908999957405, 44.904647000245674], [-88.59955300025464, 44.903936999766245], [-88.60027600032791, 44.904185000317256], [-88.60036599984129, 44.90425299995308]], [[-88.63189299996489, 44.887206999962316], [-88.63100300038536, 44.88724199983375], [-88.63100500003519, 44.88640099970417], [-88.63106799978438, 44.88639800005406], [-88.63177199959107, 44.88643600006603], [-88.63185299978194, 44.886447999930596], [-88.63186100017785, 44.886588999743], [-88.63189299996489, 44.887206999962316]], [[-88.63121900029543, 44.956790000015346], [-88.63083500015587, 44.957394999880634], [-88.62979700043833, 44.957196000218126], [-88.63007899957232, 44.95665900007756], [-88.63045100001632, 44.9566580001448], [-88.63121900029543, 44.956790000015346]], [[-88.55355499969326, 44.90396800005268], [-88.55352200008132, 44.90474599983819], [-88.55332500043781, 44.904789999743734], [-88.55301599974301, 44.90482299996892], [-88.55293600027538, 44.90483600001389], [-88.55287500017602, 44.90403100015231], [-88.55287000015315, 44.90377599995953], [-88.5529789999331, 44.90371500001774], [-88.55312299987314, 44.90347300004898], [-88.55355499969326, 44.90396800005268]], [[-88.85159000024508, 44.9814910002952], [-88.85054499995654, 44.9814810002118], [-88.85038000010007, 44.98088000013249], [-88.85081000027039, 44.9808160002847], [-88.85112599973958, 44.98076999985354], [-88.8514089995968, 44.980747999772404], [-88.85145899982551, 44.98095400008591], [-88.85159000024508, 44.9814910002952]], [[-88.58625400032705, 44.90194699988729], [-88.58624799958093, 44.901954999972936], [-88.5862020004485, 44.90206499992376], [-88.58614800002184, 44.902367000013925], [-88.58608600009754, 44.902471999884334], [-88.58600099970873, 44.902526999709615], [-88.58581599976081, 44.902564999882074], [-88.58565699975216, 44.902548999879485], [-88.58515799998487, 44.90192800023624], [-88.58493600022702, 44.90166300026258], [-88.58517999972618, 44.90148100013746], [-88.58538899996354, 44.90164300026305], [-88.58625400032705, 44.90194699988729]], [[-88.5801969999294, 44.90241099983147], [-88.5801829996857, 44.902431000200174], [-88.58008999979928, 44.902479999896876], [-88.57990499985135, 44.90252999979113], [-88.57968899994128, 44.90256199980238], [-88.57921199991532, 44.90254700003791], [-88.57892099966217, 44.90181499990463], [-88.5789080001417, 44.90174899979967], [-88.57900000020321, 44.90174500006081], [-88.57912800024974, 44.901683000255204], [-88.57926600034199, 44.90152300011958], [-88.5801969999294, 44.90241099983147]], [[-88.62737200012548, 44.885489000207606], [-88.62706499997883, 44.88567299982432], [-88.62650699976199, 44.8858690001108], [-88.62651000013503, 44.88487500026491], [-88.62728000006398, 44.88479100013632], [-88.62737200012548, 44.885489000207606]], [[-88.49384800002379, 44.872968999966254], [-88.49335299955617, 44.87319399970542], [-88.49234900017382, 44.8735290002619], [-88.492123000218, 44.8732409998992], [-88.49316900033146, 44.87286200010143], [-88.4929819998354, 44.87252399974509], [-88.49335400027938, 44.87239000009021], [-88.49336699979986, 44.8724219996846], [-88.49344399979276, 44.8725320001042], [-88.49359799977854, 44.872685999956396], [-88.49375299958923, 44.872884000161264], [-88.49384800002379, 44.872968999966254]], [[-88.51893799980817, 44.89398200007349], [-88.51889500015047, 44.8939929998852], [-88.51855399966863, 44.8940469997981], [-88.51836899972069, 44.8940469997981], [-88.51816000038163, 44.894013999751316], [-88.51797500043371, 44.893948999989405], [-88.51810299958191, 44.893337999909264], [-88.51813699991709, 44.893129999876756], [-88.51824900007009, 44.893131000279524], [-88.51871900042337, 44.89311300002747], [-88.51879399986812, 44.893099000110425], [-88.51893799980817, 44.89398200007349]], [[-88.62327700025841, 44.97292599972335], [-88.62233999992492, 44.973330000211845], [-88.62186700009688, 44.97279499976876], [-88.62271300019381, 44.97232300025983], [-88.62327700025841, 44.97292599972335]], [[-88.62940300025302, 44.861848999692626], [-88.62853000039193, 44.86186599986669], [-88.6283599996143, 44.8612459999728], [-88.62925699976485, 44.86083200014858], [-88.62940300025302, 44.861848999692626]], [[-88.59820500001739, 44.902628000246615], [-88.59830100027686, 44.90275900003628], [-88.5981139997808, 44.90279099992008], [-88.59769600020437, 44.90304299997344], [-88.59790600026666, 44.90317700013775], [-88.59781599985496, 44.903983000082675], [-88.59734200020202, 44.90378099977458], [-88.59755700028718, 44.9033669998733], [-88.59769600020437, 44.90304299997344], [-88.59695800006247, 44.90270600026907], [-88.5974319997154, 44.90230399999967], [-88.59800699965066, 44.90263999991438], [-88.59820500001739, 44.902628000246615]], [[-88.68882399969225, 44.901715000101646], [-88.6886439997672, 44.902593999795876], [-88.68879100008029, 44.902929999924545], [-88.68821899961974, 44.903022000223295], [-88.68833400014577, 44.902803000190055], [-88.68795800040216, 44.901784999981984], [-88.68851400007084, 44.9015769999606], [-88.68882399969225, 44.901715000101646]], [[-88.58512899967253, 44.914541000274376], [-88.58505800042575, 44.91455700011995], [-88.58496299999119, 44.91458000016843], [-88.58506099990049, 44.915021000064854], [-88.58423300024522, 44.9150989998112], [-88.5841460002066, 44.91473400006242], [-88.58439800010167, 44.91470399988413], [-88.58426400020737, 44.91408399990238], [-88.5850550000527, 44.91396000012121], [-88.58512899967253, 44.914541000274376]], [[-88.57430699993633, 44.893442999722524], [-88.57395999960671, 44.89394000031029], [-88.57389000018482, 44.894010000110754], [-88.57358700023612, 44.89428499972919], [-88.57303999988993, 44.89417300003409], [-88.57317700015729, 44.89380499986361], [-88.57332899959493, 44.89317500016478], [-88.5736700000768, 44.89328000027569], [-88.57430699993633, 44.893442999722524]], [[-88.57551700008133, 44.8942939999907], [-88.5746209997557, 44.89463000026024], [-88.57398600044428, 44.89483300000207], [-88.57370000021402, 44.894443999899075], [-88.57417399986696, 44.89416599988679], [-88.57491000035901, 44.89373100015366], [-88.57518800019334, 44.89393699978055], [-88.57435799998997, 44.89430800025327], [-88.57443499998286, 44.89437699986106], [-88.57448900040954, 44.894441999775594], [-88.57533399978323, 44.894028000082045], [-88.57551700008133, 44.8942939999907]], [[-88.85938699961882, 44.98622900028059], [-88.85926699996821, 44.98640399970149], [-88.858984000111, 44.986647999853815], [-88.85842900026722, 44.98543099970702], [-88.85824599996911, 44.98531700026123], [-88.85874100043675, 44.985155999793946], [-88.85883400032317, 44.98510700008685], [-88.85890399974504, 44.985040999727936], [-88.85894099955497, 44.98498199981445], [-88.85938699961882, 44.98622900028059]], [[-88.54813199968045, 44.903124000119604], [-88.54705299995501, 44.90314400024026], [-88.54656800043145, 44.90312899999136], [-88.54654699961672, 44.903022000223295], [-88.54680000023504, 44.90263800007597], [-88.54690099961907, 44.902436000132155], [-88.54739799973653, 44.90248600006467], [-88.54778799972385, 44.90251300017556], [-88.54805399986265, 44.90292000014602], [-88.54813199968045, 44.903124000119604]], [[-88.67411600032634, 44.896824000181496], [-88.6735289997972, 44.896843000246506], [-88.67248900042982, 44.896875999942594], [-88.67249000025474, 44.896077000185834], [-88.67301699961112, 44.89607999996755], [-88.67385000018756, 44.89664400005797], [-88.67411600032634, 44.896824000181496]], [[-88.60698099955744, 44.99070399969091], [-88.60696399983898, 44.991110000012625], [-88.606787000287, 44.99118300013626], [-88.6065489997373, 44.99131699990371], [-88.60578300000633, 44.99128199988565], [-88.6058099997705, 44.99116999993832], [-88.60582700038725, 44.990790999956594], [-88.605829999862, 44.990363999693685], [-88.60698099955744, 44.99070399969091]], [[-88.54830800030585, 44.90115199974617], [-88.54828200036658, 44.90157199995391], [-88.54823999963548, 44.90168000012949], [-88.54683000037227, 44.90160000011318], [-88.54681799977838, 44.901556999931145], [-88.54687300002996, 44.90116899976417], [-88.54692800028155, 44.90105200006262], [-88.54711300022947, 44.90106599995243], [-88.54715500006228, 44.90099399993734], [-88.54813099985553, 44.90106700021714], [-88.54811699961184, 44.9011379998773], [-88.54830800030585, 44.90115199974617]], [[-88.56330199990202, 44.894962999999564], [-88.5624900001403, 44.89497000004984], [-88.5622010004353, 44.89497499999432], [-88.56226800038245, 44.89414399969107], [-88.56255000041475, 44.89412500000705], [-88.56314600026641, 44.89402300005523], [-88.56330199990202, 44.894962999999564]], [[-88.49988100013199, 44.875001000260816], [-88.49948500029686, 44.87513199996455], [-88.49839800017551, 44.87382600010122], [-88.49855899983402, 44.87377899974859], [-88.49908899956344, 44.87365699981901], [-88.49947600007604, 44.87428700003522], [-88.49988100013199, 44.875001000260816]], [[-88.59518999970065, 44.89763200011558], [-88.59454799981825, 44.89788999988457], [-88.59430900034197, 44.89796300028738], [-88.5941019997544, 44.89806999992575], [-88.59399299997446, 44.89819800024855], [-88.59395100014167, 44.89832299998556], [-88.59397799990586, 44.89851699981808], [-88.59403300015744, 44.89875799998088], [-88.59405599972364, 44.89880299968287], [-88.59375899962272, 44.899002999699746], [-88.59373600005651, 44.89892299977646], [-88.59366800028444, 44.898510999872414], [-88.59368199962984, 44.898236000100646], [-88.59378600028522, 44.89796199996867], [-88.59399100032465, 44.897754999802075], [-88.59439200018262, 44.89727399993428], [-88.59446099977959, 44.89727300023994], [-88.59481700033008, 44.897171000144674], [-88.59518999970065, 44.89763200011558]], [[-88.49571599994474, 44.870043000174], [-88.49513199978864, 44.87007599996709], [-88.4950720004125, 44.87008699989391], [-88.49477500031158, 44.86894199987695], [-88.4948919995891, 44.86892899999401], [-88.49511699972001, 44.86888099991091], [-88.49536799979019, 44.868808000158786], [-88.49556699998182, 44.86873599986778], [-88.49571599994474, 44.870043000174]], [[-88.51935299990987, 44.89206200018589], [-88.51885599979242, 44.8923920001841], [-88.51808699968838, 44.8917969999254], [-88.5179400002736, 44.89182900018258], [-88.51737399966085, 44.89140999988014], [-88.5176509996703, 44.89112499995783], [-88.51844599971359, 44.89149799970479], [-88.51935299990987, 44.89206200018589]], [[-88.56160399986041, 44.89406900003093], [-88.56160300003549, 44.89498499988192], [-88.56077600020517, 44.894996999872085], [-88.56075699993858, 44.893679999850946], [-88.5609839997193, 44.89384899986959], [-88.56120700020037, 44.89395900005547], [-88.56140800004181, 44.894030999970646], [-88.56160399986041, 44.89406900003093]], [[-88.54845700026875, 44.90070699988273], [-88.54839899964414, 44.90073200028813], [-88.54834199974273, 44.900807999799284], [-88.54707499969633, 44.90074199981091], [-88.5470949997878, 44.90069900025979], [-88.54719699989508, 44.90029699995566], [-88.54712199955199, 44.90007199994044], [-88.54732800031462, 44.90009300013185], [-88.54844999969775, 44.900073000222434], [-88.54845300007081, 44.90039999987245], [-88.54845700026875, 44.90070699988273]], [[-88.50529199955095, 44.87035100005374], [-88.50528999990112, 44.87059500030149], [-88.50322299978856, 44.87059400014342], [-88.5031910000015, 44.87017300017541], [-88.50318299960558, 44.870147999855135], [-88.50528300022843, 44.87017200001002], [-88.50529199955095, 44.87035100005374]], [[-88.6093370002733, 44.89522499984554], [-88.60924699986163, 44.89529200016828], [-88.60879900014798, 44.894946999790534], [-88.6084009997647, 44.895129000234874], [-88.60883400030808, 44.895530000037695], [-88.60861500002495, 44.895730999705634], [-88.60783900024822, 44.89551499971139], [-88.60755399984288, 44.895711000188086], [-88.60688199982323, 44.89555500014861], [-88.60701200041788, 44.895327000210855], [-88.60712299984765, 44.89521000007601], [-88.60733000043521, 44.8952859998861], [-88.60766900036892, 44.895430999848024], [-88.60783900024822, 44.89551499971139], [-88.6084009997647, 44.895129000234874], [-88.60815200024268, 44.89492499989363], [-88.60776899992804, 44.89472300021525], [-88.60819700044853, 44.89448700030975], [-88.60879900014798, 44.894946999790534], [-88.60894800011089, 44.89487899996625], [-88.60915800017318, 44.89506500019321], [-88.6093370002733, 44.89522499984554]], [[-88.63229299999799, 44.88163899977051], [-88.63216900014942, 44.88174299997216], [-88.63212499976848, 44.881787000294636], [-88.63186200000276, 44.88205400012673], [-88.6316469999176, 44.8819090001738], [-88.6310839996779, 44.88215399974968], [-88.63080400019373, 44.88160500027584], [-88.63075099959197, 44.881513000082236], [-88.63154700035848, 44.88107100029729], [-88.63192399992703, 44.88137599980494], [-88.63217300034738, 44.88155400004138], [-88.63229299999799, 44.88163899977051]], [[-88.53352300004873, 45.032790000203406], [-88.53248399960798, 45.0334540002532], [-88.53186799966483, 45.03305400021269], [-88.53224799960644, 45.03272400016955], [-88.53273899987612, 45.03229600019954], [-88.53352300004873, 45.032790000203406]], [[-88.52696799970872, 44.89966999970664], [-88.52600199996121, 44.899711999739104], [-88.52584399977746, 44.9004479997521], [-88.52518699982643, 44.900311000029305], [-88.52546700020892, 44.89943399974158], [-88.526007999809, 44.89928499978249], [-88.5262480000085, 44.899317999986074], [-88.52695299964012, 44.89952599990788], [-88.52696799970872, 44.89966999970664]], [[-88.52527100039033, 44.904139999737424], [-88.52462600013487, 44.904615999689106], [-88.52450999978392, 44.904535999940705], [-88.52401799968932, 44.904273000317204], [-88.52358400021937, 44.904142999734766], [-88.52353900001354, 44.904136000164904], [-88.52365299981633, 44.90357799980823], [-88.52449600043855, 44.903768999708745], [-88.5249230002358, 44.90397400006516], [-88.52527100039033, 44.904139999737424]], [[-88.59023700004111, 44.906361999839696], [-88.5895950001587, 44.9064450001054], [-88.58928700018711, 44.90653900020794], [-88.58924899965398, 44.906565000155034], [-88.58885000034411, 44.905749999769114], [-88.58907100027706, 44.905687000280864], [-88.58939900034011, 44.90554699975694], [-88.58956599984637, 44.905462999915194], [-88.58959699980852, 44.90533600005011], [-88.58951700034089, 44.90503899999182], [-88.59023700004111, 44.906361999839696]], [[-88.67032400040796, 44.8949510000023], [-88.6697560001454, 44.895587000223834], [-88.66926599970064, 44.89533499994487], [-88.66920899979922, 44.89530600018788], [-88.66918000038524, 44.89536700014252], [-88.6687359999712, 44.89518299971739], [-88.66923499973849, 44.894465000236835], [-88.66970199971874, 44.89467200015591], [-88.67032400040796, 44.8949510000023]], [[-88.49423600036131, 44.87027000022031], [-88.49414599994962, 44.87029600001419], [-88.49397299969726, 44.87038300014516], [-88.49274800038198, 44.86962000028223], [-88.49291400006334, 44.86952399995521], [-88.49337199982273, 44.86923700010516], [-88.49369200038818, 44.86908599985354], [-88.49379000029748, 44.869060999697716], [-88.49404200019255, 44.86974599991131], [-88.49423600036131, 44.87027000022031]], [[-88.60157299961323, 44.90294700005309], [-88.60157299961323, 44.90308200003449], [-88.60025299986339, 44.90314900011024], [-88.60018000006843, 44.90262299969504], [-88.60015099975611, 44.90241099983147], [-88.60110499980807, 44.90237899973616], [-88.60142399965031, 44.902368000256], [-88.60157299961323, 44.90294700005309]], [[-88.57823399957392, 44.89556700001984], [-88.57745500032246, 44.89571199990959], [-88.57700699971048, 44.89490500009572], [-88.57651799998895, 44.894799000032585], [-88.57689399973258, 44.894490000174414], [-88.57717199956693, 44.894289999733225], [-88.57740500009375, 44.894692999774065], [-88.57752200026961, 44.89464899977746], [-88.57762299965364, 44.89472800018122], [-88.57803199990755, 44.895257999833795], [-88.57823399957392, 44.89556700001984]], [[-88.5205010001306, 44.89359099978839], [-88.52028299967238, 44.893637000109635], [-88.52015200015111, 44.893669999736424], [-88.51935600028291, 44.8938749998284], [-88.5191579999162, 44.893025999896615], [-88.51988199981439, 44.8928680000319], [-88.52028600004542, 44.89280600020003], [-88.52037899993185, 44.8931059997512], [-88.5205010001306, 44.89359099978839]], [[-88.50526499978676, 44.869786999978764], [-88.5030780000236, 44.869811999819184], [-88.50297699974126, 44.86949200002287], [-88.50294800032727, 44.86941599987346], [-88.50517899957303, 44.86928000026037], [-88.50521999958093, 44.86937900025865], [-88.50525300009119, 44.86954099977277], [-88.50526499978676, 44.869786999978764]], [[-88.53064599982426, 45.0352559997814], [-88.5296979996201, 45.03605299984098], [-88.5289710002472, 45.03557400000665], [-88.52984900013115, 45.034810000053554], [-88.53064599982426, 45.0352559997814]], [[-88.63069700006362, 44.962909999978166], [-88.63068000034518, 44.96359700002937], [-88.62934700017652, 44.96366300028394], [-88.62925400029012, 44.96285400028398], [-88.62981599980658, 44.96288199982007], [-88.63069700006362, 44.962909999978166]], [[-88.60971200019205, 44.89997299993479], [-88.60866600007857, 44.90049499995336], [-88.60792200008892, 44.899913000060494], [-88.60862699972051, 44.89958600018599], [-88.60914200027963, 44.89934700026503], [-88.60971200019205, 44.89997299993479]], [[-88.61521100037285, 44.88501700002149], [-88.61350999995818, 44.884961999995994], [-88.61347499979809, 44.884872999808636], [-88.61334400027683, 44.88468100023709], [-88.61326599956071, 44.884620999682646], [-88.61307999978787, 44.88451100009484], [-88.61294599989357, 44.88443099974173], [-88.61519200010629, 44.88441900009287], [-88.61516600016701, 44.88470599997228], [-88.61521100037285, 44.88501700002149]], [[-88.63877200017001, 44.88134700001105], [-88.63836000044135, 44.88170500004269], [-88.6372649999241, 44.88128299990938], [-88.63705200038709, 44.88117400027843], [-88.63661200017101, 44.88103199994731], [-88.63625200032091, 44.8808850000063], [-88.63579500038644, 44.88074700016154], [-88.6361460000157, 44.88072099999693], [-88.63685800021831, 44.88072499992509], [-88.63726599974902, 44.88078900001097], [-88.63755600017723, 44.88087200027489], [-88.63877200017001, 44.88134700001105]], [[-88.494932999597, 44.87411500017962], [-88.49374799956638, 44.87524700004664], [-88.49359699995364, 44.87518699983873], [-88.49341600020367, 44.87510300020647], [-88.49332400014217, 44.87504299984841], [-88.49325100034723, 44.87498799983661], [-88.4931659999584, 44.87488099990604], [-88.49452400024141, 44.873728999683514], [-88.49474799964906, 44.8739829999714], [-88.494932999597, 44.87411500017962]], [[-88.7265780000928, 44.91801399973211], [-88.7251129996797, 44.91866300000837], [-88.72484300024125, 44.918357999766286], [-88.7246559997452, 44.9181470000154], [-88.72615799996822, 44.91748000001502], [-88.7265780000928, 44.91801399973211]], [[-88.50258099990614, 44.873987999830504], [-88.50220699981233, 44.87416499990933], [-88.50187700009944, 44.874303999719146], [-88.50094599961372, 44.87309300031046], [-88.50151100040155, 44.87278900030551], [-88.50258099990614, 44.873987999830504]], [[-88.56578099974324, 44.91821500030918], [-88.56550799993175, 44.91884099998129], [-88.56525299966363, 44.91915299985423], [-88.56498400005012, 44.919412000311], [-88.56402300032548, 44.91911199998187], [-88.56436300008409, 44.91889600004722], [-88.56461699962901, 44.91870400020112], [-88.56480300030015, 44.91856200029311], [-88.5648700002473, 44.918206999942015], [-88.56535899996884, 44.918206999942015], [-88.56578099974324, 44.91821500030918]], [[-88.54356800018331, 44.895530999762336], [-88.54299700044602, 44.895594999921684], [-88.54286400037662, 44.89562699997465], [-88.54252299989477, 44.895601000171624], [-88.54223199964164, 44.895606000061235], [-88.54213799993032, 44.89507799989921], [-88.54269699997204, 44.89475000015348], [-88.54270500036797, 44.89450200026782], [-88.543390999733, 44.89479800029522], [-88.54356800018331, 44.895530999762336]], [[-88.82885499955505, 44.98315000001661], [-88.82826999957402, 44.98327800014846], [-88.82799299956459, 44.9833510000808], [-88.82773200034701, 44.983410999868575], [-88.82756099974445, 44.98303400026577], [-88.82814999992343, 44.98291299972785], [-88.82828700019077, 44.98288499980328], [-88.8282250002665, 44.9827609998822], [-88.82808100032646, 44.982479000313454], [-88.82798099986903, 44.98249800001253], [-88.82756599976733, 44.982576999730504], [-88.8274579998123, 44.9825960000325], [-88.82738300036753, 44.98253999986005], [-88.82737900016959, 44.98249699989477], [-88.82739000004024, 44.98246700016585], [-88.82741900035255, 44.982441999744346], [-88.82746700003314, 44.982430000224404], [-88.82730200017669, 44.98237500000971], [-88.82715400003868, 44.9823099998035], [-88.82686699998351, 44.982183000175304], [-88.82782900043138, 44.98201099968488], [-88.82788100030992, 44.98214999991061], [-88.82796099977755, 44.982308000196774], [-88.82842399955982, 44.98218999976688], [-88.82880100002667, 44.98304099975344], [-88.82885499955505, 44.98315000001661]], [[-88.49645599973644, 44.87462600031069], [-88.49618899977274, 44.87493499993754], [-88.49564999982249, 44.875004999950065], [-88.49517000032178, 44.875735000008156], [-88.49469199957258, 44.875569999889414], [-88.49461700012783, 44.87554500000378], [-88.4955440004156, 44.87424499989581], [-88.49570500007407, 44.87426299968647], [-88.495890000022, 44.87431799975463], [-88.49629000005508, 44.87456000019388], [-88.49645599973644, 44.87462600031069]], [[-88.5285069997417, 44.99289500000369], [-88.52850000006899, 44.99404700025784], [-88.52812199977721, 44.99404800017413], [-88.52776699994998, 44.99405099992281], [-88.5275490003901, 44.994052999755155], [-88.5275490003901, 44.99391199996677], [-88.52755199986483, 44.99289300013089], [-88.5285069997417, 44.99289500000369]], [[-88.58810800000425, 44.89815300007308], [-88.58729899971728, 44.89877900001588], [-88.58725299968653, 44.89871700019348], [-88.58698599972283, 44.89848599977395], [-88.58682099986639, 44.89834200019158], [-88.58645699981831, 44.89807100024258], [-88.58709000037823, 44.89740299981212], [-88.58810800000425, 44.89815300007308]], [[-88.51924900015278, 45.05919400003629], [-88.51924599977976, 45.061077999832875], [-88.51867900024041, 45.06108399992298], [-88.51863200038473, 45.0591879997478], [-88.51918499968038, 45.059192999988255], [-88.51924900015278, 45.05919400003629]], [[-88.4993530000524, 44.86950300006129], [-88.4989580000422, 44.86962499988366], [-88.4985439997654, 44.86973600009232], [-88.49791500030177, 44.86840699996525], [-88.49814999958011, 44.868356000129374], [-88.49846000009981, 44.868270000316265], [-88.49863900019996, 44.86822100012098], [-88.4993530000524, 44.86950300006129]], [[-88.58134900034807, 44.89622000000064], [-88.57985499962264, 44.896747000155194], [-88.57970099963684, 44.89655100002789], [-88.57927700021264, 44.89607999996755], [-88.57990800022439, 44.89587200030718], [-88.58002299985213, 44.89594999994978], [-88.58018100003588, 44.89619900030379], [-88.58052699964229, 44.89607300005239], [-88.58032499997591, 44.8958590001443], [-88.58025499965571, 44.895757000086256], [-88.58062799992463, 44.89563300022125], [-88.58129499992141, 44.895902999851465], [-88.58115000015644, 44.8959580002335], [-88.58134900034807, 44.89622000000064]], [[-88.5811900003394, 44.901212999862246], [-88.5810630001178, 44.90137099970554], [-88.5809159998047, 44.901623000256514], [-88.58083100031422, 44.90167800025769], [-88.58044499962652, 44.90182100014182], [-88.58037100000666, 44.90187900006906], [-88.57965299995627, 44.901536000274476], [-88.57937099992398, 44.9013989999627], [-88.57994900023228, 44.900725999937286], [-88.5811900003394, 44.901212999862246]], [[-88.51326700009824, 45.05498599971888], [-88.51307499957929, 45.05565699997122], [-88.51131100031375, 45.055262999738865], [-88.51153200024667, 45.05463300011783], [-88.51326700009824, 45.05498599971888]], [[-88.61008499956263, 44.978608999781486], [-88.60870200006359, 44.97940299995044], [-88.60823400025845, 44.97919399989256], [-88.60875499976704, 44.97884099979783], [-88.6085980003065, 44.97876200001545], [-88.60820199957308, 44.97849900022906], [-88.60883699978281, 44.97802500025218], [-88.60938199958085, 44.97841599985521], [-88.60960199968886, 44.97826700009989], [-88.61008499956263, 44.978608999781486]], [[-88.58421900000153, 44.89852299976307], [-88.5842099997807, 44.898665000188224], [-88.58410900039668, 44.89889100028506], [-88.58411600006936, 44.89894199978427], [-88.58386400017429, 44.89924199977799], [-88.58369299957175, 44.89909699988103], [-88.58327199962226, 44.89845999999092], [-88.58326400012467, 44.89837700028674], [-88.58310699976583, 44.89809100021202], [-88.5830480002146, 44.89780800031536], [-88.58327499999533, 44.89752199995583], [-88.58347199963882, 44.897447999938194], [-88.58368000005127, 44.89743900017037], [-88.58408199973418, 44.89753800008468], [-88.58391100002996, 44.8976719997166], [-88.58393500031939, 44.897879999865786], [-88.58413600016087, 44.89825900031708], [-88.58421900000153, 44.89852299976307]], [[-88.53068799965708, 44.903891000049285], [-88.53055100028803, 44.90392299993926], [-88.53003599972891, 44.90392899995639], [-88.52982800021476, 44.90391500012752], [-88.52966199963508, 44.903903000089656], [-88.52935000036388, 44.90389899986437], [-88.5282120001889, 44.90316100030549], [-88.52827699958792, 44.903100999940456], [-88.52846300025908, 44.903050999906576], [-88.52877100023065, 44.90305700001471], [-88.52957299994665, 44.903233000151886], [-88.53016799997339, 44.90327300031037], [-88.53044099978487, 44.90323199992486], [-88.53068799965708, 44.903891000049285]], [[-88.51607999985028, 44.98795699981745], [-88.51531099974625, 44.989096000184254], [-88.51437199976291, 44.98882600010137], [-88.51512900017137, 44.98761900010071], [-88.51607999985028, 44.98795699981745]], [[-88.5656999995524, 44.917651000003566], [-88.56476099956905, 44.917705999936366], [-88.5637920003468, 44.917596999995204], [-88.56361200042174, 44.91752900024231], [-88.56366799959991, 44.917110000195265], [-88.56383400017958, 44.91702600007627], [-88.56497300017945, 44.91689099976408], [-88.56539400012895, 44.91694199983449], [-88.56548100016758, 44.91709999970287], [-88.56558300027483, 44.91730100029657], [-88.5656999995524, 44.917651000003566]], [[-88.87525200032458, 45.112342999931066], [-88.87514500019446, 45.11291699985012], [-88.87371400011654, 45.113237000046446], [-88.87369200037521, 45.11281000010528], [-88.8736499996441, 45.11238699977795], [-88.87364399979633, 45.11234500006891], [-88.87508400009509, 45.112038999716304], [-88.8751279995777, 45.11214499988328], [-88.87522800003512, 45.11227699978014], [-88.87525200032458, 45.112342999931066]], [[-88.52278199960506, 45.05100299976507], [-88.52270899981013, 45.051291000184236], [-88.52261599992372, 45.05170100018739], [-88.52152100030479, 45.05170699999226], [-88.52150600023616, 45.0514310000669], [-88.52022400012115, 45.0514119997448], [-88.5202340001669, 45.05099699988636], [-88.52278199960506, 45.05100299976507]], [[-88.62066500034781, 44.89632899975864], [-88.61953499967046, 44.89660099998747], [-88.6191580001019, 44.89600100014846], [-88.61954399989128, 44.895934999733036], [-88.61916700032273, 44.89498499988192], [-88.61953899986842, 44.894902000252706], [-88.61971499959552, 44.894867999687676], [-88.61999099978003, 44.89565400012485], [-88.62036599969876, 44.895587000223834], [-88.62066500034781, 44.89632899975864]], [[-88.49115499992234, 44.89714299973754], [-88.4911449998766, 44.89715499991369], [-88.49105399964002, 44.897396999750214], [-88.49098599986795, 44.89777099986616], [-88.49105899966287, 44.8984959996874], [-88.49111800011242, 44.89876100025903], [-88.4902150001141, 44.89875799998088], [-88.49020000004549, 44.89858800008187], [-88.49015599966455, 44.89831500003088], [-88.49015099964168, 44.89828100021115], [-88.49013100044851, 44.89779099993994], [-88.49017900012909, 44.89749900008094], [-88.49026100014486, 44.89723099969858], [-88.49030700017562, 44.8971440000705], [-88.49115499992234, 44.89714299973754]], [[-88.5176020001648, 44.891977999733584], [-88.51807800036588, 44.892593000001426], [-88.51702800005444, 44.89279299998044], [-88.51702100038175, 44.892088000316186], [-88.51640799991333, 44.8928599999547], [-88.5158990001003, 44.89260799981716], [-88.51653500013495, 44.8918639997872], [-88.51660000043228, 44.8917870001198], [-88.51685399997719, 44.891893000007144], [-88.51702100038175, 44.892088000316186], [-88.51697199997795, 44.89145099978626], [-88.51716399959857, 44.891384000079746], [-88.5176020001648, 44.891977999733584]], [[-88.52644300000219, 44.89865399999755], [-88.5257340001726, 44.89898899994394], [-88.52493699958117, 44.89939200014238], [-88.52485899976337, 44.899355999734276], [-88.52463899965534, 44.89926799984376], [-88.52464799987618, 44.89918800028918], [-88.52462500030995, 44.89904700018282], [-88.52456099983755, 44.89891200027148], [-88.52448399984465, 44.89883200022158], [-88.52445600025557, 44.89876599987387], [-88.5254939999731, 44.89802599996772], [-88.52559899955509, 44.89809300020858], [-88.52604700016705, 44.89829100016019], [-88.52626999974981, 44.89846700025185], [-88.52644300000219, 44.89865399999755]], [[-88.58750600030481, 44.902647000302636], [-88.58746799977169, 44.90283600028333], [-88.58739099977878, 44.902978999832236], [-88.5871949999602, 44.90324400010279], [-88.58682300041453, 44.90348500017661], [-88.58654200020713, 44.9036000002122], [-88.5860259998231, 44.903670999925644], [-88.58568199986651, 44.90367899977139], [-88.58563400018593, 44.90367899977139], [-88.58564400023167, 44.90348599976294], [-88.58566599997297, 44.9028879996977], [-88.58578499979868, 44.9028950000558], [-88.58606199980811, 44.90287300001829], [-88.58640300028995, 44.90278999968541], [-88.58652499959038, 44.90273000020572], [-88.58663300044373, 44.902647000302636], [-88.58673100035301, 44.90250399992792], [-88.58750600030481, 44.902647000302636]], [[-88.62928799972698, 44.8861740002773], [-88.62919999986345, 44.8861740002773], [-88.62919499984055, 44.88642099991358], [-88.62847699979018, 44.88639800005406], [-88.62848799966082, 44.88648300026385], [-88.62861599970734, 44.887337000013886], [-88.62866599993606, 44.887651000062355], [-88.62782999988488, 44.8876560000067], [-88.62766500002844, 44.887647999840965], [-88.62768500011993, 44.88719799986465], [-88.62800399996216, 44.88640099970417], [-88.62847699979018, 44.88639800005406], [-88.62838999975152, 44.88575000003923], [-88.62882800031775, 44.8858640000111], [-88.62918499979482, 44.885901999739396], [-88.62928799972698, 44.8861740002773]], [[-88.63907199974565, 44.89486699995146], [-88.63850699985613, 44.89608699988186], [-88.6376880004217, 44.89608699988186], [-88.63764999988857, 44.89473599999856], [-88.63907199974565, 44.89486699995146]], [[-88.69075600008559, 44.90537000015172], [-88.69072900032141, 44.905615999876], [-88.6904759997031, 44.905872999904155], [-88.68997399956278, 44.905707999693774], [-88.6891529995802, 44.90603000012346], [-88.68866899988154, 44.90550699990822], [-88.68933300040358, 44.9051810002304], [-88.68941000039648, 44.90503199989483], [-88.68946800012279, 44.904612000149704], [-88.68953500006994, 44.904654999955596], [-88.69075600008559, 44.90537000015172]], [[-88.62548199956491, 44.87123200005185], [-88.6254310004096, 44.87150100012789], [-88.62463100034344, 44.871508999992564], [-88.62368599961401, 44.87151699985613], [-88.62328499975602, 44.87152199992942], [-88.62330900004547, 44.871298000165595], [-88.62336500012196, 44.8707919999059], [-88.62501100028506, 44.87082099992648], [-88.62544800012805, 44.870823999752126], [-88.62548199956491, 44.87123200005185]], [[-88.66444000026269, 44.942437000199845], [-88.66434900002609, 44.94304099987631], [-88.66254399985435, 44.94331299969351], [-88.66245299961776, 44.943246000026434], [-88.66245299961776, 44.943044999920374], [-88.6630180004056, 44.9422389997209], [-88.6633000004379, 44.941902999869605], [-88.66444000026269, 44.942437000199845]], [[-88.6059229997484, 44.98520800030611], [-88.60587800044088, 44.98531700026123], [-88.60576100026502, 44.98565799976187], [-88.60574399964827, 44.98599799971877], [-88.60572799975473, 44.986340999717356], [-88.60416000030779, 44.98632899974278], [-88.6042809997833, 44.98517900016071], [-88.6059229997484, 44.98520800030611]], [[-88.56314600026641, 44.99273900018753], [-88.56284199959448, 44.99373999972811], [-88.56102399990226, 44.993475000189456], [-88.56140899986673, 44.99254999995128], [-88.5624979996379, 44.992662999683425], [-88.56314600026641, 44.99273900018753]], [[-88.61100900037565, 44.8958549999957], [-88.61060099994666, 44.89626899989991], [-88.61021299960915, 44.896655999701885], [-88.61035599972429, 44.896873999903704], [-88.61090300007046, 44.897000000308985], [-88.6107159995744, 44.89730000025358], [-88.61018300037023, 44.89730999973693], [-88.61016499992857, 44.89784900011458], [-88.61019400024088, 44.89791700024485], [-88.60953599956662, 44.897774999881435], [-88.60982000014707, 44.89733100030077], [-88.60946199994679, 44.897443999900126], [-88.60936599968731, 44.89681100023386], [-88.60976700044361, 44.89688200005887], [-88.60993800014785, 44.89666599993359], [-88.60977499994122, 44.896654000291704], [-88.60947799984031, 44.89659099974451], [-88.60935599964156, 44.89662299987955], [-88.60989899978978, 44.895857999788994], [-88.61026100018803, 44.89600500028686], [-88.61053599964934, 44.895627999697616], [-88.61070399987882, 44.89572700018449], [-88.61076199960515, 44.89576199996231], [-88.61100900037565, 44.8958549999957]], [[-88.60204999963919, 44.882550999835], [-88.60193500001147, 44.88259600012559], [-88.60063899965274, 44.882997000113605], [-88.6003609998184, 44.88304100011354], [-88.5996200002018, 44.88309600006611], [-88.59891100037223, 44.88318399988094], [-88.59875599966321, 44.8832220001065], [-88.59835599963013, 44.883386999923964], [-88.59817800025321, 44.88351299996352], [-88.5979530001223, 44.88373300019942], [-88.59788500035026, 44.88378199991756], [-88.5977410004102, 44.88324799977743], [-88.60139299968816, 44.88221900011152], [-88.6019659999736, 44.88208700003425], [-88.60204999963919, 44.882550999835]], [[-88.56001100029908, 44.91321999984551], [-88.55970599980225, 44.913358000028225], [-88.55961700011379, 44.913308000009515], [-88.5596670003425, 44.91348399993336], [-88.55953699974785, 44.91384100028482], [-88.5591259998441, 44.91406399977108], [-88.55880299980393, 44.91394600019067], [-88.55857699984811, 44.913623000164556], [-88.55808499975352, 44.91380500001847], [-88.55748899990185, 44.91317900019294], [-88.55825600035607, 44.91291399991779], [-88.55840199994591, 44.912843000169474], [-88.55855699975662, 44.9127109997591], [-88.55858900044198, 44.91266199987657], [-88.55933099988351, 44.912652999945585], [-88.55906999976762, 44.91292499992469], [-88.5594570002802, 44.913088999720394], [-88.56001100029908, 44.91321999984551]], [[-88.51471999991746, 44.89140099980369], [-88.5143359997779, 44.891841999983654], [-88.514110999647, 44.891796000135834], [-88.51383100016284, 44.891720000168334], [-88.51316900018894, 44.89169600009073], [-88.51314200042475, 44.891140999957386], [-88.5127230001251, 44.8911759999807], [-88.51244199991771, 44.89121000018295], [-88.51237400014564, 44.890597000020925], [-88.51310200024179, 44.89053900016872], [-88.51310600043973, 44.89058900026425], [-88.51429599959494, 44.89050600001822], [-88.51411200037025, 44.891195000002604], [-88.51424700008944, 44.891223000123944], [-88.51471999991746, 44.89140099980369]], [[-88.57990099965339, 44.91651599998929], [-88.57968700029146, 44.91672999998076], [-88.57923899967949, 44.917138999768625], [-88.57863100013225, 44.917014000231], [-88.5785340000479, 44.916938999869], [-88.57835499994773, 44.91711700009361], [-88.57825200001558, 44.91720400003138], [-88.57822699990122, 44.917317999991724], [-88.57805299982394, 44.9174490000184], [-88.57775200042337, 44.91767500006167], [-88.57766700003457, 44.91752299973639], [-88.5775149996986, 44.91724799994245], [-88.57741000011661, 44.91696500020067], [-88.57765699998882, 44.916798000043045], [-88.57793399999827, 44.9165130000016], [-88.57820500015991, 44.91613900030697], [-88.57837900023719, 44.91582899998739], [-88.5789519996243, 44.91615899971611], [-88.5790350003633, 44.91618999977252], [-88.57900100002811, 44.91630299983658], [-88.57893300025606, 44.91639299972865], [-88.57990099965339, 44.91651599998929]], [[-88.59034300034632, 44.88647699969906], [-88.58939000011927, 44.88680400029023], [-88.5892939998598, 44.886628000144675], [-88.58905000036067, 44.88645899991036], [-88.58917800040717, 44.8863030002325], [-88.58924299980619, 44.886121999749726], [-88.58927200011851, 44.88598299984684], [-88.58924199998127, 44.885670000136194], [-88.58925000037719, 44.88516799984429], [-88.58926999957036, 44.88476399997801], [-88.59017299956868, 44.88474800011399], [-88.59023899969094, 44.88492299973777], [-88.59019299966019, 44.88520899974459], [-88.59023799986602, 44.88599999989422], [-88.59034300034632, 44.88647699969906]], [[-88.90071600020276, 45.0144779998403], [-88.90057599956238, 45.01456899971101], [-88.90020900003957, 45.014664999759816], [-88.89996299999227, 45.01468199983769], [-88.8997250003409, 45.014634999722155], [-88.89969299965551, 45.01478599994269], [-88.89971500029515, 45.014978999972904], [-88.89948400031646, 45.0149630001695], [-88.89944699960823, 45.014825999883925], [-88.89917799999472, 45.01478899987576], [-88.89924599976676, 45.01460999999633], [-88.89937100033856, 45.01437999972015], [-88.89940099957748, 45.01433899990521], [-88.89874299980153, 45.01434100029961], [-88.89883400003812, 45.01418300004684], [-88.89892699992456, 45.01400499974637], [-88.8995560002865, 45.01413099978793], [-88.89957600037798, 45.014104000074546], [-88.8998319995727, 45.013908000291586], [-88.90028600003245, 45.01362099987543], [-88.90005400022886, 45.01315699974491], [-88.89987699977854, 45.01282300031309], [-88.9005630000419, 45.012592000252965], [-88.90112100025871, 45.0134139999039], [-88.90028600003245, 45.01362099987543], [-88.90071600020276, 45.0144779998403]], [[-88.53849599979978, 44.90630999975015], [-88.53828099971462, 44.90648799981265], [-88.53815799969097, 44.9066250000859], [-88.53798799981166, 44.90688300022017], [-88.53784100039688, 44.90703699974352], [-88.53760899969498, 44.907196999802785], [-88.53752400020447, 44.90724199989831], [-88.53659199989383, 44.90665500002783], [-88.53601699995856, 44.906303999981525], [-88.53586399979768, 44.906233999877294], [-88.53618600001298, 44.90593299992105], [-88.53705200020137, 44.90593299992105], [-88.53720500036225, 44.90618999980448], [-88.53751699963347, 44.905941000088276], [-88.53762100028885, 44.905844999917264], [-88.53781499955929, 44.905941000088276], [-88.53849599979978, 44.90630999975015]], [[-88.49381799988657, 44.87051000017342], [-88.49367399994652, 44.870685999969865], [-88.49361399967208, 44.870884000052534], [-88.49364499963421, 44.87121299980252], [-88.49362899974066, 44.87136700000105], [-88.49362600026595, 44.87137700017332], [-88.49141699986316, 44.871028999777444], [-88.49145000037345, 44.87089700013056], [-88.49153999988681, 44.87053499969981], [-88.49160000016127, 44.87036599993965], [-88.49169100039786, 44.87023500020982], [-88.49183199996486, 44.87014399982837], [-88.49381799988657, 44.87051000017342]], [[-88.56429000028916, 44.91584900014057], [-88.56429000028916, 44.91622299981422], [-88.56429000028916, 44.9163859997421], [-88.56357999973636, 44.91614899969436], [-88.56377100043039, 44.9165130000016], [-88.56320599964255, 44.91664699993598], [-88.56276600032481, 44.9167880001325], [-88.5622590001616, 44.91698199999522], [-88.5619849996269, 44.9167880001325], [-88.56150299957807, 44.91644600023525], [-88.56187500002206, 44.9161759997491], [-88.56263099970728, 44.91584100008012], [-88.56310500025855, 44.9157730001576], [-88.56357899991147, 44.91577400016641], [-88.56429000028916, 44.91584900014057]], [[-88.96697599966411, 45.045059000300284], [-88.9661019999781, 45.04503500019168], [-88.96579700037958, 45.04502699973011], [-88.96540999986696, 45.045065999827614], [-88.96529600006414, 45.045093000172464], [-88.96475399974085, 45.04382099970454], [-88.96538499975262, 45.04382099970454], [-88.96573100025734, 45.04374899969456], [-88.9660879997344, 45.04367599990925], [-88.96697599966411, 45.045059000300284]], [[-88.5273250000841, 44.90071000005922], [-88.52727800022845, 44.900928999793315], [-88.52712300041773, 44.90139099979974], [-88.5270909997324, 44.90172000009594], [-88.52712199969451, 44.9018740000886], [-88.52717299974815, 44.90196199980831], [-88.52708700043274, 44.90197799997426], [-88.52703700020402, 44.902164000144964], [-88.52615299957395, 44.90237600028306], [-88.52610300024357, 44.902268000142286], [-88.52568300011899, 44.901551999922674], [-88.52574599986818, 44.90151600023072], [-88.52605499966465, 44.90129099989553], [-88.52615099992414, 44.9008310002595], [-88.52729199957383, 44.90035100031191], [-88.52731000001549, 44.900401999788706], [-88.5273250000841, 44.90071000005922]], [[-88.65085199973178, 44.91233099971889], [-88.64953100015703, 44.912473999822964], [-88.6494580003621, 44.91207099971698], [-88.64936200010261, 44.91147700022727], [-88.64923700042915, 44.910826000033055], [-88.6504099998659, 44.91073199994305], [-88.65085199973178, 44.91233099971889]], [[-88.82149699967412, 44.97980800008923], [-88.82137899967336, 44.98006899990543], [-88.82135899958186, 44.98011100026156], [-88.82055799969079, 44.98000099977805], [-88.82045099956066, 44.979954999963844], [-88.82044200023815, 44.98017999978122], [-88.82030099977284, 44.98016499994799], [-88.82029800029811, 44.98007100022567], [-88.82042399979649, 44.97969599996203], [-88.82020200003865, 44.98005999973434], [-88.82013199971844, 44.980031999687284], [-88.81983499961753, 44.97992599970286], [-88.82007900001499, 44.97964400016899], [-88.82042399979649, 44.97969599996203], [-88.82045399993373, 44.979604999975585], [-88.82010499995425, 44.97953199972144], [-88.82023300000078, 44.97904999987154], [-88.81981399970113, 44.97893500026576], [-88.81966800011125, 44.97944500015895], [-88.81921399965151, 44.979359000001566], [-88.81904999961996, 44.979731000064966], [-88.81879500025015, 44.979709000220595], [-88.8189319996192, 44.97938500003316], [-88.81896900032743, 44.97931300030773], [-88.81884200010582, 44.979288999955514], [-88.81841600013347, 44.979200000309184], [-88.81765500042536, 44.97903000012244], [-88.81789399990166, 44.97858899987857], [-88.81869499979273, 44.978742999713695], [-88.8187690003109, 44.97859700009477], [-88.81958299972244, 44.978701000261836], [-88.8195169996002, 44.978899000131804], [-88.81981399970113, 44.97893500026576], [-88.81988300019641, 44.97873699988465], [-88.8204530001088, 44.97884300016087], [-88.82042100032174, 44.978952000144666], [-88.8204520002839, 44.979383999861106], [-88.82045399993373, 44.979604999975585], [-88.82128699961186, 44.97977499972839], [-88.82149699967412, 44.97980800008923]], [[-88.4978039999737, 44.86989099995664], [-88.49741499981127, 44.86995499999654], [-88.49658299995805, 44.87002100030141], [-88.49610199973411, 44.870024999700064], [-88.49592400035719, 44.86865500030818], [-88.496150000313, 44.868627000025164], [-88.49633500026093, 44.868609999937654], [-88.4966010003997, 44.86861400007104], [-88.49664599970723, 44.868611000130194], [-88.49686400016544, 44.86859599978691], [-88.4971779999848, 44.868555999701286], [-88.4978039999737, 44.86989099995664]], [[-88.57929599958089, 44.89677500011884], [-88.57891900001235, 44.89705199991092], [-88.57914199959512, 44.89728499975264], [-88.5776489995929, 44.898184999975236], [-88.57729700013871, 44.89839599983859], [-88.5768250001356, 44.89859999995645], [-88.57653300005755, 44.89864099982729], [-88.57629799988091, 44.89847900015168], [-88.57573499964123, 44.89881999975908], [-88.57564599995276, 44.89868600025718], [-88.57554200019568, 44.89849399970485], [-88.57573899983919, 44.89815399975217], [-88.57602300041962, 44.89782199972237], [-88.57649899972238, 44.8976229997402], [-88.57655599962376, 44.89768199977156], [-88.57689799993054, 44.89800500029406], [-88.57744600010163, 44.89785300012448], [-88.57788600031769, 44.89770500020959], [-88.57841100002422, 44.8973940000372], [-88.57882100010305, 44.897123999771615], [-88.57891900001235, 44.89705199991092], [-88.57841699987202, 44.896568999840156], [-88.57883600017168, 44.89635699992583], [-88.57929599958089, 44.89677500011884]], [[-88.63696799982317, 44.88162500024311], [-88.63647999992654, 44.88204599981842], [-88.63613199977199, 44.88232900026283], [-88.63562200013406, 44.88271299982516], [-88.63522899977367, 44.8830200000599], [-88.63515900035179, 44.88307400009138], [-88.63498500027451, 44.88322599986083], [-88.63485499967986, 44.883110999812615], [-88.6347240001586, 44.882965999977685], [-88.63453400018781, 44.882820999777294], [-88.63449300017992, 44.8826149997992], [-88.6344980002028, 44.88236000010547], [-88.63460500033293, 44.88210399995993], [-88.63483100028873, 44.881873000278105], [-88.63505700024453, 44.881788000258226], [-88.6355259998746, 44.881752000286816], [-88.63580600025706, 44.881619999774564], [-88.63599500040296, 44.88148700026375], [-88.63618399965053, 44.88128799977069], [-88.63632699976567, 44.88134200015486], [-88.63696799982317, 44.88162500024311]], [[-88.55465100003545, 44.895233999959935], [-88.55461500005043, 44.89568499978667], [-88.5542329995607, 44.89568199998435], [-88.5543160002997, 44.89576699983793], [-88.55416599961355, 44.8963709996861], [-88.55423400028393, 44.89677399977947], [-88.55403300044249, 44.89688000002018], [-88.55382000000714, 44.89677100003396], [-88.55339300020988, 44.896542000119624], [-88.55323000000325, 44.89686799978659], [-88.55316600042916, 44.89721199976179], [-88.55296899988736, 44.89724299985641], [-88.55265099987002, 44.89697500018992], [-88.55268000018235, 44.89640700005409], [-88.55346699982972, 44.896244999811636], [-88.55356999976189, 44.895834999884904], [-88.55264400019735, 44.89584500025938], [-88.55274200010663, 44.895430999848024], [-88.55312000039842, 44.89529799981345], [-88.55362400018856, 44.89529599971967], [-88.55384599994642, 44.89538699977975], [-88.55382900022798, 44.895233999959935], [-88.55465100003545, 44.895233999959935]], [[-88.53233999966794, 44.903666999684255], [-88.53195300005363, 44.90422100024675], [-88.53180099971767, 44.90424099998577], [-88.53124099985104, 44.90380900013052], [-88.53133799993539, 44.90378600022543], [-88.53125500009473, 44.90368100020981], [-88.53135399982894, 44.90361200031331], [-88.53147199982972, 44.90350500017164], [-88.53162800036363, 44.90331099998974], [-88.53165000010495, 44.90327899975905], [-88.53156499971612, 44.90322599983494], [-88.53089600006953, 44.90292300020698], [-88.53085599988655, 44.90278999968541], [-88.53081200040394, 44.902725999898806], [-88.5304089999978, 44.90213000005606], [-88.53030100004278, 44.9019100001927], [-88.53026300040794, 44.90173399982309], [-88.53027099990555, 44.901447999902715], [-88.53032600015713, 44.90133300001645], [-88.53039700030224, 44.90127000014174], [-88.53094700012315, 44.90133199975642], [-88.53102300029114, 44.901422999808695], [-88.53135899985179, 44.902110000218975], [-88.53165000010495, 44.90232600025488], [-88.53176599955756, 44.90247300012458], [-88.53182699965694, 44.9027970000554], [-88.5318309998549, 44.90293999970132], [-88.53175899988489, 44.903124000119604], [-88.53165000010495, 44.90327899975905], [-88.53233999966794, 44.903666999684255]], [[-88.50724900005865, 44.891845999775], [-88.50697200004922, 44.892635000112016], [-88.50695299978264, 44.89263399970062], [-88.50599600025595, 44.89270500022811], [-88.50559500039795, 44.89280900015238], [-88.50528599970315, 44.89291800001185], [-88.50469800024743, 44.89321999978123], [-88.5044019999714, 44.89342399980691], [-88.50386300002116, 44.89278400012043], [-88.50464299999582, 44.89235700026445], [-88.50471400014094, 44.892335000013084], [-88.50513699974023, 44.892204000019944], [-88.50649099982527, 44.89194600019571], [-88.50709000005, 44.89187100021469], [-88.50724900005865, 44.891845999775]], [[-88.87719899988824, 45.10866199988919], [-88.87716299990322, 45.10879999975202], [-88.87704800027548, 45.10898400010685], [-88.8768020002282, 45.10928100020336], [-88.8767250002353, 45.10942000027478], [-88.87654000028736, 45.10962399969826], [-88.8762680003008, 45.10985000024073], [-88.87601999970538, 45.110096000156254], [-88.87577899968095, 45.11026200014445], [-88.8755510000753, 45.1103760000018], [-88.87457600010697, 45.1099849997535], [-88.87433699973236, 45.109962000065686], [-88.87458699997764, 45.10971799980252], [-88.87461299991689, 45.109375000238515], [-88.87585400002403, 45.10922799970383], [-88.87610400026928, 45.10876100001756], [-88.8761629998205, 45.10865400008906], [-88.87703499985669, 45.108713999830734], [-88.877140000337, 45.10856400004126], [-88.87717399977387, 45.108585999840614], [-88.87719899988824, 45.10866199988919]], [[-88.5238339995663, 44.902526999709615], [-88.52374400005294, 44.902660000203376], [-88.52374300022802, 44.90285799969867], [-88.52346200002063, 44.90312499971221], [-88.52307799988107, 44.903389999946064], [-88.52223099995925, 44.903652999791525], [-88.52175700030632, 44.90364999976861], [-88.52190100024636, 44.9028589999322], [-88.52203599996558, 44.90232600025488], [-88.52258999998445, 44.90178800010223], [-88.52304600009404, 44.902250999813], [-88.52315499987398, 44.90220600026443], [-88.5238339995663, 44.902526999709615]], [[-88.51387200017071, 45.02995000000279], [-88.51382799978978, 45.03156900027019], [-88.51174099958574, 45.03194300023194], [-88.51175099963147, 45.031056999689994], [-88.51182799962437, 45.031060999945375], [-88.51203100001398, 45.03104899981317], [-88.51224600009913, 45.03101900010664], [-88.51250999968975, 45.03092599990053], [-88.51270999970632, 45.030806000087146], [-88.51341699988605, 45.03018500019128], [-88.51387200017071, 45.02995000000279]], [[-88.5370050003457, 44.90757000027946], [-88.53624799993725, 44.90818899977335], [-88.53435200042722, 44.90832300003081], [-88.53400199972455, 44.908175999850485], [-88.53344199985789, 44.90818599998721], [-88.53344500023093, 44.90757400024926], [-88.53344799970569, 44.907338000281186], [-88.53426500038859, 44.90727200015448], [-88.53427799990905, 44.90796900019262], [-88.53427600025924, 44.908112999839865], [-88.53464199995713, 44.90802200019752], [-88.53487799995868, 44.90794099995422], [-88.53513499987665, 44.90779199977408], [-88.5360680000122, 44.90704300007189], [-88.5370050003457, 44.90757000027946]], [[-88.5041900002593, 44.893569999767806], [-88.50415000007634, 44.89359800000567], [-88.50370900003537, 44.893856000055465], [-88.50345499959215, 44.89404800018492], [-88.50300600005357, 44.89444300015554], [-88.50253499987538, 44.89478299977797], [-88.50210999972795, 44.89495300010808], [-88.50181199980211, 44.895018000007944], [-88.50135599969254, 44.8943889999781], [-88.5019380001988, 44.89411400022059], [-88.50233300020903, 44.89378899996878], [-88.50367100040052, 44.892909999941615], [-88.5041900002593, 44.893569999767806]], [[-88.63273700041199, 44.87625999995844], [-88.63225500036313, 44.87685900008019], [-88.63209200015653, 44.87699899979522], [-88.63182799966755, 44.87706799979774], [-88.63095999982933, 44.87674099988306], [-88.63083199978281, 44.87691400021348], [-88.63043000009992, 44.87739100024076], [-88.63035399993193, 44.87745899973447], [-88.62987299970798, 44.877305999964925], [-88.63000199957943, 44.87702599977841], [-88.63018499987754, 44.87659100027578], [-88.63029100018274, 44.87636599981341], [-88.62983599989808, 44.87625899989878], [-88.62936100042023, 44.876178000104794], [-88.62959499987365, 44.87592800021803], [-88.63124100003674, 44.876361000160976], [-88.6316899995753, 44.87583599985902], [-88.63273700041199, 44.87625999995844]], [[-88.57320200027165, 44.89267299982193], [-88.57260100039713, 44.89372699985703], [-88.57225099969443, 44.894419999685454], [-88.5709450001883, 44.893897999880025], [-88.57152900034438, 44.892857000005016], [-88.57291900041443, 44.89247500025397], [-88.57320200027165, 44.89267299982193]], [[-88.60658999974517, 44.98306399969798], [-88.60430000004986, 44.98292200008648], [-88.60432599998914, 44.982677999959385], [-88.60436600017212, 44.982288000313346], [-88.60445499986055, 44.98202900004854], [-88.60474799976352, 44.98187600027219], [-88.60611600009226, 44.98185199972203], [-88.60646699972153, 44.98196699983121], [-88.60654200006461, 44.98245899985422], [-88.60658499972232, 44.982742999748375], [-88.60658999974517, 44.98306399969798]], [[-88.51560000034958, 44.89308599995707], [-88.51557100003724, 44.89363499995809], [-88.51501299982041, 44.893637000109635], [-88.51451499987805, 44.893640000018635], [-88.514370999938, 44.893645999836174], [-88.51439600005236, 44.893912000239006], [-88.51309300002094, 44.89402399980607], [-88.51313900005171, 44.89377500021625], [-88.51322699991526, 44.89357100016292], [-88.51328299999174, 44.89340799980609], [-88.51328499964158, 44.89315000029198], [-88.51328100034193, 44.893131000279524], [-88.51323299976305, 44.89292399990472], [-88.51321000019682, 44.8928930000273], [-88.51354999995546, 44.892601000115775], [-88.51479000023768, 44.892512000292534], [-88.51486499968242, 44.89299299990031], [-88.51462200000817, 44.893052999995184], [-88.51510999990481, 44.89308599995707], [-88.51560000034958, 44.89308599995707]], [[-88.62141400036036, 44.97215899990347], [-88.62042099995034, 44.97256100012883], [-88.62069399976181, 44.972903999810086], [-88.62025799974371, 44.97312599976091], [-88.6201640000324, 44.9731739998949], [-88.62005000022957, 44.97323400016477], [-88.61990000044176, 44.97319599970458], [-88.6192910001713, 44.97304200022411], [-88.61890200000886, 44.97327599980797], [-88.6195449997162, 44.97349600031122], [-88.61857099957275, 44.97404600010121], [-88.6187070000152, 44.97207900014851], [-88.62141400036036, 44.97215899990347]], [[-88.5469109996648, 45.010614999865155], [-88.54690700036517, 45.01093099993465], [-88.546832999847, 45.0110219997258], [-88.54672400006704, 45.01122999970348], [-88.54671800021927, 45.011464000283794], [-88.54678199979337, 45.011528000205445], [-88.54379999998692, 45.01109600014032], [-88.54412100037729, 45.010684000135626], [-88.54468899974154, 45.010048000154924], [-88.54479300039694, 45.010212000094775], [-88.54505299978962, 45.01041600004611], [-88.54519400025492, 45.01049500002511], [-88.54534800024071, 45.010546999774945], [-88.54551300009715, 45.01056199991387], [-88.54574200042602, 45.01055899975936], [-88.54591800015311, 45.01052099990596], [-88.54604399965147, 45.01047400018604], [-88.54621899955367, 45.01039099974871], [-88.54638599995825, 45.010433999745445], [-88.54657599992906, 45.010421999734795], [-88.54676699972475, 45.0104729999213], [-88.5468830000757, 45.01051700012047], [-88.5469109996648, 45.010614999865155]], [[-88.61259799973902, 44.89501599990442], [-88.6125679996018, 44.895730999705634], [-88.61101000020058, 44.89556299985092], [-88.61080199978811, 44.89521700009622], [-88.6101669995784, 44.89539799995905], [-88.6099850000035, 44.89526299975323], [-88.60972999973539, 44.89507599979777], [-88.60934800014397, 44.89475899970582], [-88.60931100033406, 44.894721000101484], [-88.60918499993734, 44.89459199993427], [-88.60942400031196, 44.89464700029749], [-88.61010200017938, 44.89491799983788], [-88.61058300040331, 44.89485299982503], [-88.6106810003126, 44.89451899970652], [-88.610878999781, 44.89425199981897], [-88.61116599983617, 44.89418599994167], [-88.61175099981719, 44.89412099973783], [-88.61181799976434, 44.89412099973783], [-88.61182500033534, 44.89498499988192], [-88.61237699980607, 44.895011999697175], [-88.61259799973902, 44.89501599990442]], [[-88.50501200006677, 44.86891700029531], [-88.50291900001496, 44.869340999803555], [-88.50290099957328, 44.8692940002447], [-88.50280799968687, 44.86916199980201], [-88.50251599960882, 44.868947000173996], [-88.50222899955362, 44.86881299983081], [-88.50285100024288, 44.867675000125416], [-88.50307600037378, 44.86774999981944], [-88.50326399979645, 44.86776499974656], [-88.50422600024432, 44.86827799999337], [-88.50494299957148, 44.86873199974289], [-88.50501200006677, 44.86891700029531]], [[-88.58454299986663, 44.90102100011267], [-88.58445300035326, 44.90104800027527], [-88.58413299978781, 44.901200999896695], [-88.58334600014042, 44.90152100024232], [-88.5831539996215, 44.901618000253784], [-88.58310299956787, 44.90169800024509], [-88.5830919996972, 44.9017799999934], [-88.58313799972797, 44.90185499977716], [-88.58320600039835, 44.9019079996926], [-88.5835400003092, 44.90192800023624], [-88.58368599989906, 44.90192599973682], [-88.58366800035571, 44.90259199995587], [-88.58345400009547, 44.90257499972234], [-88.58309900026822, 44.90250299968822], [-88.58248199960185, 44.90247600020887], [-88.58238200004274, 44.9024260002677], [-88.58226599969178, 44.902250000205186], [-88.58217399963029, 44.90195399972368], [-88.58214400039137, 44.90161300025066], [-88.58220499959242, 44.90139300031778], [-88.58247499992915, 44.90110699997371], [-88.58276899965702, 44.9009040001099], [-88.58332400039913, 44.9006129997884], [-88.5834270003313, 44.900579000054904], [-88.58351799966957, 44.90042699969036], [-88.58352100004262, 44.900413000281276], [-88.58438100038323, 44.900931999958175], [-88.58454299986663, 44.90102100011267]], [[-88.58071599978818, 44.89516799993695], [-88.58031199955713, 44.895205000151954], [-88.58014599987577, 44.89461199984104], [-88.58012199958634, 44.89449099991714], [-88.58004499959344, 44.89448700030975], [-88.57969599961399, 44.89447500021316], [-88.5796760004208, 44.89459100019331], [-88.57969399996416, 44.895177000060215], [-88.57861199986567, 44.89513799972786], [-88.57835099974979, 44.89451599984338], [-88.57828200015281, 44.89447000022522], [-88.5780779999383, 44.89449200029618], [-88.57773700035477, 44.89458699995649], [-88.57742799965996, 44.89422300015217], [-88.57774200037764, 44.89411799985392], [-88.57836599981839, 44.89406999978098], [-88.57854900011651, 44.89400899972327], [-88.5788169999051, 44.89395100013003], [-88.57945299993973, 44.89390400030703], [-88.57990599967627, 44.893917000275465], [-88.5804439998016, 44.89393399988704], [-88.5804089996415, 44.8945050001317], [-88.58070599974242, 44.89452000008513], [-88.58071599978818, 44.89516799993695]], [[-88.6057889998541, 44.9886910002183], [-88.60411500010193, 44.98868500015966], [-88.60410000003331, 44.98706900025253], [-88.6057379998005, 44.98706900025253], [-88.60577700015854, 44.9880340002298], [-88.6057889998541, 44.9886910002183]], [[-88.65587800008458, 44.89084399975708], [-88.65564100025811, 44.89342599996581], [-88.6553309997384, 44.893442999722524], [-88.6550350003607, 44.89342800012462], [-88.65472599966591, 44.89339100003898], [-88.65458699974873, 44.89337400026684], [-88.65396800033085, 44.89319299976103], [-88.65352300009192, 44.89300300013261], [-88.65395900011002, 44.892635000112016], [-88.6546329997795, 44.89215000028569], [-88.6549919998047, 44.89187100021469], [-88.65519099999632, 44.89171700015918], [-88.6557020003575, 44.891127000196676], [-88.65587800008458, 44.89084399975708]], [[-88.57339999974005, 44.89665799974838], [-88.57294799982843, 44.89723400005645], [-88.57255399964313, 44.897732999706754], [-88.57118899968744, 44.89705100021272], [-88.57065499976007, 44.896542000119624], [-88.57111400024269, 44.89608200003406], [-88.57131500008414, 44.895796999718826], [-88.57267699966678, 44.89634799998719], [-88.57339999974005, 44.89665799974838]], [[-88.57572299994564, 44.89438600010816], [-88.57572200012073, 44.89469100029562], [-88.57560199957182, 44.89515800008112], [-88.57527600005692, 44.89512099983581], [-88.57491700003172, 44.89512400030378], [-88.57472399968786, 44.89509600017254], [-88.57465300044106, 44.89542599994319], [-88.57457300007512, 44.8955730002727], [-88.57523400022413, 44.89557800016474], [-88.57516499972881, 44.896041000247614], [-88.57464300039531, 44.89604300031549], [-88.57459800018948, 44.89624600016017], [-88.57455299998362, 44.89637899991125], [-88.57521800033058, 44.89624600016017], [-88.57517099957661, 44.89652000019656], [-88.5745010001051, 44.89661300027677], [-88.57488400041974, 44.89700300004255], [-88.57460200038744, 44.8971889997629], [-88.5738330002834, 44.89747200016073], [-88.57363800028975, 44.89607099998556], [-88.57382900008545, 44.89593899987608], [-88.57410899956962, 44.89547099970735], [-88.5741069999198, 44.89513799972786], [-88.57471500036534, 44.89486499984274], [-88.57572299994564, 44.89438600010816]], [[-88.70078000030377, 44.91295300027981], [-88.70033699971466, 44.91343299997475], [-88.69856699970302, 44.91132500004828], [-88.70045499971543, 44.91101200020479], [-88.70078000030377, 44.91295300027981]], [[-88.62662700031089, 45.01837899998037], [-88.62567699955859, 45.01891399982645], [-88.62458699996252, 45.017826999806346], [-88.62378799972126, 45.01703100009744], [-88.62473799957526, 45.01649599980319], [-88.62662700031089, 45.01837899998037]], [[-88.61627400020474, 44.89441699981714], [-88.61600200021819, 44.894697999742625], [-88.61572699985858, 44.89484099980481], [-88.61535299976475, 44.89505399995023], [-88.61531699977974, 44.89506500019321], [-88.61488900015756, 44.895200000227526], [-88.614469000033, 44.89456900016021], [-88.61445700033744, 44.894574999880824], [-88.61419200002356, 44.89472899991979], [-88.61336900039119, 44.89398799985535], [-88.61442700020021, 44.893679999850946], [-88.61471500008031, 44.89362100016807], [-88.61529099984047, 44.89356800025032], [-88.61568300037595, 44.893645999836174], [-88.61597100025604, 44.89372100004795], [-88.6162649999839, 44.89406999978098], [-88.61627400020474, 44.89441699981714]], [[-88.50173900000718, 44.86883599971708], [-88.5009809997738, 44.86906599998443], [-88.5000929998441, 44.8692730002669], [-88.49991899976682, 44.86932699983061], [-88.49919099967069, 44.86806999975062], [-88.50000499998056, 44.86784700012774], [-88.50047600015876, 44.86773799987498], [-88.50092899989527, 44.86763800002809], [-88.50130200016416, 44.867545000211976], [-88.50139000002773, 44.867533000224746], [-88.50173900000718, 44.86883599971708]], [[-88.63596400044082, 45.09588399987401], [-88.63399299968943, 45.09581300014305], [-88.63401100013108, 45.09565400030029], [-88.63411900008613, 45.09500400016372], [-88.6341469996752, 45.09461099976731], [-88.63412099973594, 45.09431799971609], [-88.63402100017682, 45.09400100021421], [-88.63394500000884, 45.093862000013715], [-88.63508700038176, 45.09329399987591], [-88.63514299955993, 45.09344700008489], [-88.63510999994799, 45.093637000304334], [-88.63497299968063, 45.093756000139855], [-88.63485200020513, 45.093936999931245], [-88.63474300042519, 45.09412799985983], [-88.63473400020435, 45.09427199975547], [-88.63496799965776, 45.094467000092315], [-88.63514799958281, 45.094518000216894], [-88.63528599967508, 45.09446199976681], [-88.63547499982096, 45.09440599989592], [-88.63566700033991, 45.094439000166204], [-88.63578399961746, 45.09454500004062], [-88.63585099956461, 45.09467000025593], [-88.63590300034146, 45.09469399982461], [-88.63524899986515, 45.09521700020686], [-88.63596400044082, 45.09588399987401]], [[-88.58448799961505, 44.916308999833774], [-88.58396600028155, 44.916709000141694], [-88.5836120002792, 44.916444000241064], [-88.58300100035893, 44.9160550000408], [-88.58232500014134, 44.915850000148005], [-88.58187700042765, 44.916578999695], [-88.5813169996627, 44.91651499999344], [-88.5815979998701, 44.915781000227504], [-88.58136400041668, 44.91575900003263], [-88.58075299959809, 44.91651499999344], [-88.58027899994516, 44.91577700019271], [-88.58087700034497, 44.91571300023403], [-88.5808799998197, 44.91552399996977], [-88.58088900004051, 44.9153690002686], [-88.58136299969345, 44.91523499989855], [-88.58240100030932, 44.915301999804555], [-88.58325800027689, 44.91556999991967], [-88.58401499978703, 44.91590599990276], [-88.58448799961505, 44.916308999833774]], [[-88.66743600031286, 44.9408699998593], [-88.66496900016722, 44.940859000115566], [-88.66501600002286, 44.93960099997281], [-88.66739600012988, 44.93965200023107], [-88.66743600031286, 44.9408699998593]], [[-88.5438629997361, 44.89716999981223], [-88.54307400043892, 44.898202000234164], [-88.54259099966683, 44.89827799990792], [-88.54257800014636, 44.897883999873535], [-88.54233200009907, 44.897909999916976], [-88.54202900015036, 44.897941999954355], [-88.54205000006677, 44.89783900008867], [-88.54214100030336, 44.89739099968773], [-88.54234299996972, 44.8971129999225], [-88.54229899958878, 44.895918000076556], [-88.54296399993574, 44.89587099995209], [-88.54314399986079, 44.895864000011485], [-88.54360800036629, 44.89586800015947], [-88.5438629997361, 44.89716999981223]], [[-88.56448699993265, 44.89693399976751], [-88.56410799981596, 44.897460999741824], [-88.56352899968275, 44.898204999905026], [-88.56315600031215, 44.89753400005292], [-88.56280999980743, 44.8973290002777], [-88.56312799982476, 44.89696299997621], [-88.56299200028063, 44.89677399977947], [-88.56280999980743, 44.89660500008418], [-88.56250799968365, 44.89715499991369], [-88.562428000216, 44.89711000019467], [-88.56215100020657, 44.89671199970417], [-88.56158600031706, 44.89637200003249], [-88.56207800041165, 44.89611500016688], [-88.56190699980911, 44.89592200022078], [-88.5610680002832, 44.89599400022368], [-88.56097500039678, 44.89559200011467], [-88.5617300002571, 44.895458999816086], [-88.5617379997547, 44.895546999808865], [-88.56176000039433, 44.895601999895035], [-88.56240300010165, 44.895590999754766], [-88.56271400044628, 44.895925999728355], [-88.56359800017803, 44.89659899993901], [-88.56448699993265, 44.89693399976751]], [[-88.62539600024952, 45.019060000255045], [-88.62434400028827, 45.01959399998263], [-88.62236500003925, 45.017711999894004], [-88.62350700041218, 45.017177000247266], [-88.62432699967152, 45.01795700022976], [-88.62492099987335, 45.0185220001308], [-88.62539600024952, 45.019060000255045]], [[-88.5252980001545, 45.042156000094515], [-88.52528499973572, 45.04240200025716], [-88.5252260001845, 45.042607000113605], [-88.52511599968132, 45.042925000109385], [-88.52273899994738, 45.04278800008841], [-88.52071100019288, 45.042824000074745], [-88.52069100010138, 45.04211000002932], [-88.52181099983467, 45.04212199974634], [-88.5252980001545, 45.042156000094515]], [[-88.57065899995803, 44.91807699970379], [-88.56963700013401, 44.91872899977674], [-88.56894400019797, 44.9182099998413], [-88.56855599986044, 44.91794799977854], [-88.56825299991175, 44.9176940002331], [-88.56787700016811, 44.91728299997774], [-88.56781500024383, 44.917265000289404], [-88.56770700028879, 44.916984999958466], [-88.56796000000878, 44.91685300015617], [-88.56897799963484, 44.91631699982906], [-88.5692420001238, 44.916739999901395], [-88.56936599997235, 44.91698100000743], [-88.56949800021683, 44.91715700013256], [-88.56974400026412, 44.9172889998726], [-88.57014599994704, 44.91770200003552], [-88.57037000025304, 44.917894000049294], [-88.57061499957709, 44.91805299981358], [-88.57065899995803, 44.91807699970379]], [[-88.56692399994107, 44.89456400018044], [-88.56674400001602, 44.894633000117445], [-88.56611999967693, 44.894833999738836], [-88.56578999996407, 44.89489399982212], [-88.56573899991044, 44.89490399972386], [-88.56537300021255, 44.89492999984203], [-88.5648779997449, 44.89494300021486], [-88.56469699999495, 44.89495199973701], [-88.56361900009443, 44.89496099989413], [-88.5634629995605, 44.893984000212974], [-88.5643709995817, 44.89392800009961], [-88.56471000041374, 44.89386800028122], [-88.56526699990732, 44.893812999809356], [-88.56582199975112, 44.89369299987003], [-88.56592800005633, 44.89364799998733], [-88.56692399994107, 44.89456400018044]], [[-88.56245400015528, 44.91023199976369], [-88.56139700017118, 44.910521000182825], [-88.55970400015242, 44.910822999748326], [-88.55927900000499, 44.91029899977672], [-88.5592520002408, 44.909669000110526], [-88.56098700009234, 44.90923500008411], [-88.56160499968531, 44.909290999922746], [-88.5618640001514, 44.90948500028254], [-88.56185499993057, 44.90968100021717], [-88.56129500006391, 44.90979300024329], [-88.56176700006702, 44.90987700011965], [-88.56224800029095, 44.90995499984948], [-88.56244499993446, 44.91009599992441], [-88.56245400015528, 44.91023199976369]], [[-88.62727400021619, 44.89358100029472], [-88.62587699957513, 44.894687000065765], [-88.62466099958236, 44.89497499999432], [-88.6242129998687, 44.894188999822035], [-88.62406499973069, 44.89393099999343], [-88.6250010002393, 44.893558000116265], [-88.6252699998528, 44.89344600027804], [-88.62618600026994, 44.89306699992348], [-88.62638600028647, 44.89297500024146], [-88.6267329997178, 44.893211999753], [-88.62727400021619, 44.89358100029472]], [[-88.58407900025945, 44.91281100015565], [-88.58339399982101, 44.913041000216516], [-88.58320899987307, 44.913046999918166], [-88.58303999981868, 44.91285300013035], [-88.58314399957575, 44.912596000137604], [-88.58307300032895, 44.91201399996796], [-88.5831040002911, 44.9114320002664], [-88.58256699999066, 44.91111500001014], [-88.5822950000041, 44.91105599976747], [-88.58234100003484, 44.910522999746995], [-88.58169499995448, 44.9101890003124], [-88.58188400010037, 44.909871000087065], [-88.58243999976905, 44.90963000006481], [-88.58260100032584, 44.90963000006481], [-88.58284700037315, 44.909652000061214], [-88.58314899959862, 44.909700999965196], [-88.58344999989751, 44.909800999873255], [-88.58357299992115, 44.90986100024356], [-88.58394000034227, 44.9100949998168], [-88.583209999698, 44.910630000185854], [-88.58325499990384, 44.91066499979858], [-88.58305700043543, 44.91078499994506], [-88.58314699994881, 44.9108470001134], [-88.58392400044876, 44.91127699970732], [-88.58398600037302, 44.91134800011791], [-88.58401599961195, 44.91142699984446], [-88.58401499978703, 44.911552000083766], [-88.58395000038801, 44.91164399994378], [-88.58381700031863, 44.91177099986807], [-88.58365800030997, 44.91194900019638], [-88.58360100040856, 44.91205800003588], [-88.58358100031707, 44.912192000179814], [-88.5835960003857, 44.91233399992495], [-88.58367699967822, 44.912491999739636], [-88.58383800023502, 44.91267800024529], [-88.58397700015219, 44.91276700002805], [-88.58407900025945, 44.91281100015565]], [[-88.58720800037898, 44.89456799978247], [-88.58712800001305, 44.894633000117445], [-88.58670000039088, 44.89482700030838], [-88.58663500009355, 44.89502400031804], [-88.58639700044218, 44.89541800022183], [-88.58589500030183, 44.895743999897434], [-88.58538800013864, 44.89600300021772], [-88.58496499964102, 44.89626299971968], [-88.58459599957007, 44.89572000022637], [-88.58439100042898, 44.89573999974083], [-88.58421999982644, 44.89580500002383], [-88.58397999962693, 44.895956999879914], [-88.58368000005127, 44.89559000003111], [-88.58394000034227, 44.895458999816086], [-88.58438200020814, 44.89533000003169], [-88.58482599972385, 44.89533400021682], [-88.58499099958028, 44.89507000012943], [-88.58506099990049, 44.894738999850226], [-88.58521499988628, 44.894473999833785], [-88.5853859995905, 44.89427600010266], [-88.5855549996449, 44.894076999939955], [-88.58581599976081, 44.89394600009652], [-88.58605799961015, 44.8943549997461], [-88.58623699971028, 44.894356999872606], [-88.58640199956673, 44.894092000004974], [-88.58647400043506, 44.89389400023139], [-88.58674800007147, 44.89389599973755], [-88.587096000226, 44.89396799973161], [-88.58707799978433, 44.894172000285835], [-88.58687299974491, 44.8942410000568], [-88.58663500009355, 44.89415899973865], [-88.58689000036166, 44.89437199986458], [-88.58709899970073, 44.89443699978477], [-88.58720800037898, 44.89456799978247]], [[-88.52764499975126, 44.90304799985224], [-88.52764499975126, 44.903133000270174], [-88.5276139997891, 44.903346999830255], [-88.52748900011564, 44.90376500011041], [-88.52744300008489, 44.904181999685875], [-88.52745700032858, 44.90449000006677], [-88.52760299991846, 44.90506099983667], [-88.52759500042085, 44.90522100030602], [-88.52754799966687, 44.90541300002684], [-88.52754799966687, 44.90556700030713], [-88.52755799971261, 44.90558899994991], [-88.52701700011254, 44.906219999973445], [-88.52710800034914, 44.906236999765305], [-88.52702600033336, 44.90637800005358], [-88.52673400025532, 44.90629700003857], [-88.52631400013075, 44.90607099978591], [-88.52585200017337, 44.905697999762204], [-88.52613199965755, 44.90551599968572], [-88.52623999961259, 44.90537899995071], [-88.52629300021435, 44.9051959999439], [-88.52633400022223, 44.90472999980632], [-88.52639299977345, 44.903416000044814], [-88.52764499975126, 44.90304799985224]], [[-88.67408700001401, 44.93329599980057], [-88.67157100036289, 44.933235999733526], [-88.67171799977767, 44.93291900020427], [-88.67212000035889, 44.931935999846836], [-88.67234299994163, 44.931313000253006], [-88.67367100008741, 44.93135000009916], [-88.67408700001401, 44.93329599980057]], [[-88.62691600001591, 44.891327000182486], [-88.62691199981795, 44.89152100007068], [-88.62680800006088, 44.89165000012613], [-88.62661399989211, 44.89165000012613], [-88.62616600017844, 44.89167100021137], [-88.62579299990955, 44.89171599973182], [-88.62510400017146, 44.892697999902126], [-88.62412599983006, 44.89324600002437], [-88.62338600003835, 44.89347499970026], [-88.62226100028218, 44.893476000097024], [-88.62241500026796, 44.89280300024753], [-88.62287700022533, 44.89278900025498], [-88.62287600040041, 44.89291800001185], [-88.62324700012118, 44.89290699999454], [-88.62334699968031, 44.89276599975977], [-88.623621000215, 44.89256799987558], [-88.62378199987347, 44.89252299974901], [-88.62393699968418, 44.89243999974842], [-88.62402899974569, 44.892380000286764], [-88.62419100012738, 44.89222599968501], [-88.62454599995462, 44.891808999944374], [-88.62471599983394, 44.891549999827156], [-88.62478500032924, 44.891319999688825], [-88.62481600029137, 44.891072000285476], [-88.62486800016991, 44.890944999815154], [-88.62486800016991, 44.89176000006324], [-88.62504700027004, 44.89164700011332], [-88.62540499957203, 44.891598000094156], [-88.62538399965564, 44.890963000109345], [-88.6258249996966, 44.89107099984689], [-88.62603399993397, 44.89106600019941], [-88.62612599999548, 44.89104400009063], [-88.62635600014926, 44.890960000060694], [-88.62654000027227, 44.891072000285476], [-88.62681899993153, 44.891131999838855], [-88.62691600001591, 44.891327000182486]], [[-88.62387899995785, 44.88747000000243], [-88.62337299961956, 44.888805000003], [-88.62331999991613, 44.88881399984922], [-88.6229800001575, 44.88881899969251], [-88.62222399957395, 44.88878099998189], [-88.62166799990526, 44.88884100001594], [-88.6210510001372, 44.888961999735066], [-88.62083500022713, 44.888961999735066], [-88.62059500002762, 44.888924000118955], [-88.62033300008679, 44.888825000012986], [-88.62004799968145, 44.88862699992627], [-88.61971600031873, 44.88834700009953], [-88.61955399993704, 44.8882480002733], [-88.61948799981478, 44.888225999723055], [-88.61950200005847, 44.887873000100086], [-88.61980099980924, 44.88787800002512], [-88.6207120002035, 44.88789299979768], [-88.62202799975536, 44.887928999744915], [-88.6227199998665, 44.88786099989633], [-88.62322000035701, 44.88772900003566], [-88.62354000002416, 44.887617000302], [-88.62384100032303, 44.887446000060756], [-88.62387899995785, 44.88747000000243]], [[-88.58045399984736, 44.909947000240905], [-88.57984499957689, 44.910365000244944], [-88.5796899997662, 44.91051199991651], [-88.57960699992552, 44.91049099971381], [-88.57911200035619, 44.910409000302934], [-88.57895800037042, 44.910402999689744], [-88.57886499958568, 44.91043599987361], [-88.57844000033656, 44.910743999827766], [-88.57826999955891, 44.910815000260605], [-88.57812300014415, 44.91083099987113], [-88.57796900015836, 44.910787000136196], [-88.5777759998145, 44.91062200003507], [-88.57699800038797, 44.90968799974803], [-88.57679699964821, 44.90937999986084], [-88.57676700040929, 44.90913800020038], [-88.57685100007488, 44.90905600013161], [-88.57702900035011, 44.908996000193405], [-88.5775850000188, 44.90890200029151], [-88.57787799992175, 44.90891399992207], [-88.5780639996946, 44.908973999945864], [-88.57824899964251, 44.90906799973003], [-88.57844100016146, 44.90920500021625], [-88.57860400036807, 44.9093529997941], [-88.57871099959989, 44.90940800003447], [-88.5790360001882, 44.909353999914615], [-88.57937500012193, 44.909353999914615], [-88.57954400017631, 44.90938700006456], [-88.5796830000935, 44.90943600019442], [-88.57988399993495, 44.90955199989392], [-88.58041600021252, 44.90993099974809], [-88.58045399984736, 44.909947000240905]], [[-88.50529900012194, 44.87142399994106], [-88.50522700015193, 44.871546000148], [-88.50491800035545, 44.871733000208394], [-88.50461899970638, 44.87190199977435], [-88.50428300014572, 44.87211900008653], [-88.50415000007634, 44.872232999693914], [-88.50401299980898, 44.87258199993601], [-88.50386800004402, 44.87319200011624], [-88.50376000008899, 44.873411999711465], [-88.5036620001797, 44.87349399968691], [-88.5033669997286, 44.87362599974352], [-88.50220000013962, 44.87241399994682], [-88.50229800004894, 44.87231500007598], [-88.50255400014197, 44.87193599990959], [-88.50314199959769, 44.871342999707835], [-88.5032040004203, 44.87118399997945], [-88.50322000031382, 44.87104699993733], [-88.50528499987824, 44.87108499990267], [-88.50528400005332, 44.87115299984515], [-88.50529900012194, 44.87142399994106]], [[-88.57654899995109, 44.91768199989121], [-88.5759010002209, 44.91825400025423], [-88.5756350000821, 44.91845699991596], [-88.5747349995585, 44.91845100014306], [-88.57419200030861, 44.918710999905294], [-88.57379999977313, 44.91963900020813], [-88.5734669996872, 44.920301000304136], [-88.57292100006426, 44.920359000031745], [-88.57342499985441, 44.919692000265115], [-88.57345699964145, 44.91962499975282], [-88.5732759998915, 44.91958500015975], [-88.57273100009347, 44.919565000034744], [-88.57311000021014, 44.91895299996749], [-88.57253000025199, 44.91898299983586], [-88.57262899998621, 44.91889500009275], [-88.57259899984896, 44.91882899987895], [-88.57245999993181, 44.91875799980521], [-88.57232100001464, 44.9186310000548], [-88.57225200041765, 44.918603999881356], [-88.57212799967078, 44.918598000123815], [-88.57204300018027, 44.9185539999743], [-88.57191299958562, 44.9184109997327], [-88.57186599972997, 44.91834500023513], [-88.57186599972997, 44.91830099989189], [-88.57192799965424, 44.91824599989254], [-88.57202100043898, 44.918207999908454], [-88.57224200037192, 44.91806799998471], [-88.57383800030628, 44.918693999986104], [-88.57400099961458, 44.91853700000871], [-88.57418200026288, 44.9184119996956], [-88.57448199983853, 44.918281999921184], [-88.57437800008145, 44.9182030000761], [-88.57355799992379, 44.91735499994698], [-88.57368900034336, 44.917302000278795], [-88.57393600021557, 44.91724699995929], [-88.57424500001207, 44.91719800012765], [-88.57458399994577, 44.91718700030252], [-88.57504699972806, 44.91724200004331], [-88.57508000023832, 44.91724899992558], [-88.57517599959947, 44.918165000063574], [-88.57538999985971, 44.91816699999791], [-88.57553399979977, 44.91819199980723], [-88.57552399975401, 44.918032999791436], [-88.57556599958681, 44.917350000040386], [-88.57572499959547, 44.91738300005199], [-88.57567699991489, 44.91802300009577], [-88.57565099997564, 44.91821199977403], [-88.57584000012152, 44.91824399996095], [-88.57590200004579, 44.91739599980078], [-88.57654899995109, 44.91768199989121]], [[-88.6084419997726, 44.8984460001029], [-88.60852399978836, 44.89864299980473], [-88.60798900003606, 44.89907500029917], [-88.60804900031052, 44.89911100024688], [-88.60823599990826, 44.899263999932295], [-88.60766599999589, 44.89951800012058], [-88.60749500029165, 44.89933600020484], [-88.60731100016864, 44.899216999997364], [-88.60703900018207, 44.89910200010295], [-88.60685400023415, 44.89898300004753], [-88.60705800044865, 44.89862199972006], [-88.606887999671, 44.898561999708626], [-88.60681999989895, 44.89854500019248], [-88.60658700027045, 44.89859200004037], [-88.60639099955355, 44.89892000014309], [-88.60626500005516, 44.89908100018593], [-88.60613899965847, 44.89901799975255], [-88.60559399986045, 44.89893599988295], [-88.60545900014124, 44.899194000164144], [-88.60521399991883, 44.899654000171026], [-88.60463399996071, 44.89957799977075], [-88.60480499966492, 44.89918599969436], [-88.60490699977218, 44.89895800015434], [-88.6042470003464, 44.89888099980403], [-88.60426300023995, 44.898615999785406], [-88.60424300014844, 44.89846799992542], [-88.60503399999378, 44.898597999977575], [-88.60506499995591, 44.898141000105205], [-88.6048940002517, 44.89811500016618], [-88.6043939997612, 44.89806500025038], [-88.60417100017843, 44.89803700027858], [-88.6041820000491, 44.89776800017265], [-88.60515600019252, 44.897638000152966], [-88.60506499995591, 44.898141000105205], [-88.60531900039913, 44.89821200019699], [-88.60559600040857, 44.89826900026995], [-88.60584400010569, 44.89831999968451], [-88.60589299961119, 44.89819600025563], [-88.6060070003123, 44.89791500024216], [-88.60678800011189, 44.89800300029443], [-88.60752299988074, 44.89812599982366], [-88.60788500027898, 44.89818800028333], [-88.60825699982466, 44.898317000019645], [-88.6084419997726, 44.8984460001029]], [[-88.67863799999066, 44.89680100002742], [-88.67816599998756, 44.89714000001128], [-88.67805399983456, 44.89750999985626], [-88.67798299968946, 44.89774699976842], [-88.67770900005306, 44.89815199975772], [-88.67682399959808, 44.89880399998689], [-88.67604199997359, 44.89823899976973], [-88.67591999977485, 44.89814700008948], [-88.67506199998236, 44.89867500007053], [-88.67428000035787, 44.898041999956384], [-88.67459900020009, 44.89715699994281], [-88.67489899977575, 44.89738300023973], [-88.67504899956357, 44.89749500004641], [-88.67534800021264, 44.89745699970466], [-88.67588399978983, 44.89750700014915], [-88.67693800029922, 44.89748299994122], [-88.67704700007917, 44.89739800007875], [-88.67787800010746, 44.89693900017754], [-88.67759699990008, 44.896738999981245], [-88.67825399985111, 44.896468000113536], [-88.67863799999066, 44.89680100002742]], [[-88.81410500035635, 44.99772700025556], [-88.81407900041707, 45.00098499990062], [-88.81267000008046, 45.000993999962375], [-88.81264499996611, 44.99875699997239], [-88.81264300031627, 44.99848599982755], [-88.81280999982253, 44.99839799996895], [-88.8137570002018, 44.99789700026342], [-88.81410500035635, 44.99772700025556]], [[-88.64274099964037, 44.867110999932194], [-88.640679000449, 44.867112000150776], [-88.6408340002597, 44.8632930001018], [-88.64259099985254, 44.863304999699466], [-88.64251300003474, 44.86334000010354], [-88.64239800040701, 44.8634219997844], [-88.64226600016252, 44.86355400001922], [-88.64205799975008, 44.86380699972947], [-88.64178800031165, 44.86420800013325], [-88.64168000035662, 44.86433400014858], [-88.64168000035662, 44.86450999972862], [-88.641665000288, 44.86453199979749], [-88.64166399956477, 44.8647790000223], [-88.64164900039448, 44.86479499970899], [-88.64164900039448, 44.864888999768404], [-88.64163299960263, 44.86490500006129], [-88.64163299960263, 44.86497099978976], [-88.64161900025725, 44.8649929996824], [-88.64161800043233, 44.86505899994668], [-88.64160300036372, 44.86510300029302], [-88.6416019996405, 44.86514699996909], [-88.64161800043233, 44.86516899979448], [-88.64161800043233, 44.86525700028543], [-88.6416019996405, 44.86527900006878], [-88.6416019996405, 44.865366999754876], [-88.64158699957189, 44.86541099986583], [-88.64158599974698, 44.86609300015006], [-88.64163199977773, 44.86618000026708], [-88.64163199977773, 44.86620199969773], [-88.64166399956477, 44.86624599980715], [-88.641693999702, 44.86633399992504], [-88.64174800012867, 44.866421999908404], [-88.64192499968068, 44.8666139999261], [-88.64216400005527, 44.86679500002289], [-88.64247200002686, 44.86696100005454], [-88.64253300012622, 44.867003999999994], [-88.64274099964037, 44.867110999932194]], [[-88.63169899979613, 44.87820899973442], [-88.63063199976627, 44.87954800015318], [-88.63020800034207, 44.87980800020616], [-88.62959400004873, 44.879353999984836], [-88.62943099984213, 44.87956300018817], [-88.62889000024205, 44.87901800022592], [-88.62850399955435, 44.87845899989608], [-88.6284719997673, 44.87833500029286], [-88.62761200032499, 44.87855900003851], [-88.62751299969247, 44.87840099989931], [-88.62746900020986, 44.87822300009301], [-88.62813399965849, 44.87806400027607], [-88.62838399990375, 44.877994000165295], [-88.62835200011669, 44.87787399968638], [-88.62834600026892, 44.8777469999944], [-88.6275770001649, 44.877792000223046], [-88.62756100027136, 44.87763599995886], [-88.62834100024604, 44.877642000172685], [-88.628337999873, 44.877563999890114], [-88.62986699986021, 44.877727999986284], [-88.62964799957709, 44.877909000143696], [-88.62968100008739, 44.877928000092], [-88.63007000024979, 44.87815600025575], [-88.63010899970956, 44.87861999993186], [-88.63100400021027, 44.8780580001062], [-88.63169899979613, 44.87820899973442]], [[-88.5395469999361, 44.90328499984346], [-88.53818000033058, 44.90403700015821], [-88.53805700030695, 44.904137999951196], [-88.53769800028174, 44.90442300028133], [-88.53749200041742, 44.90424800017908], [-88.53799100018469, 44.9038069996965], [-88.53785499974227, 44.903702999938126], [-88.5374410003638, 44.9034960000793], [-88.5367440002298, 44.90335499972104], [-88.53597400030087, 44.90326799981485], [-88.53597099992781, 44.903425000149724], [-88.5360119999357, 44.90391099990307], [-88.5353650000304, 44.90391200011828], [-88.535448999696, 44.90322299978978], [-88.53546799996256, 44.902988000005564], [-88.53545700009191, 44.90232500001208], [-88.53557900029065, 44.90230899994274], [-88.5359490001865, 44.902397999874424], [-88.53675199972741, 44.902524999867275], [-88.53696799963747, 44.902524999867275], [-88.53730699957117, 44.902492999835374], [-88.5379550001997, 44.90236099983377], [-88.5382029998968, 44.902378000130575], [-88.5385109998684, 44.902516000257805], [-88.53897399965066, 44.90284600007646], [-88.53929000001814, 44.90301600011145], [-88.53946699957017, 44.90316999981403], [-88.5395469999361, 44.90328499984346]], [[-88.60743099981923, 44.88683399975506], [-88.60718499977195, 44.887557000264074], [-88.60612399958987, 44.88723599998456], [-88.60460299999856, 44.886837000018915], [-88.60414600006408, 44.886765000007884], [-88.60393600000178, 44.88676800027533], [-88.60354699983937, 44.88689399991072], [-88.60292199967539, 44.887157999979244], [-88.60241500041049, 44.88738599984446], [-88.60238100007531, 44.88733299990897], [-88.602387999748, 44.88717899979523], [-88.60234300044048, 44.88707999986812], [-88.60224999965574, 44.88696999989067], [-88.60205700021021, 44.88682699998743], [-88.60202600024806, 44.88678299970088], [-88.60202600024806, 44.88669600017798], [-88.6021569997693, 44.88656400018965], [-88.60224200015813, 44.88650899973388], [-88.60303700020143, 44.886250999821584], [-88.60336899956414, 44.88609100002484], [-88.6035769999766, 44.88595999981219], [-88.60380100028259, 44.88573999981877], [-88.60393299962874, 44.8855749997489], [-88.60402499969025, 44.88557999987368], [-88.60408699961451, 44.88561899968649], [-88.6043939997612, 44.8860419997276], [-88.60454100007429, 44.88613600009225], [-88.60473400041813, 44.88615800016892], [-88.60482700030455, 44.88613600009225], [-88.6049500003282, 44.8860589997575], [-88.60500499968147, 44.88604799970129], [-88.60537399975242, 44.886147000131636], [-88.6055289995631, 44.88612500005071], [-88.60580700029577, 44.8860419997276], [-88.6059920002437, 44.8860589997575], [-88.60743099981923, 44.88683399975506]], [[-88.59928299991789, 44.89417599991512], [-88.59909700014506, 44.89479999976994], [-88.59797599968853, 44.89465599986596], [-88.59740199957818, 44.89451700022203], [-88.59693200012322, 44.8943789999868], [-88.59628199984488, 44.89403800013433], [-88.59634299994423, 44.893310000181216], [-88.59614200010277, 44.89278700007393], [-88.59656300005227, 44.892510999879], [-88.59687000019892, 44.89251600003728], [-88.59722599985108, 44.89272699970153], [-88.59750299986052, 44.892798999886345], [-88.59779599976348, 44.89284300002561], [-88.59841300042986, 44.893134000214914], [-88.59869100026418, 44.893221999947215], [-88.59903799969551, 44.893294000148714], [-88.59920799957483, 44.89330899978162], [-88.59920699974991, 44.89347100002221], [-88.59928299991789, 44.89417599991512]], [[-88.6499870002666, 44.909516000121926], [-88.64900700027539, 44.90951799972106], [-88.64913600014681, 44.9101890003124], [-88.64918899985027, 44.9105249999473], [-88.64772299961223, 44.91058699975991], [-88.64766400006101, 44.90749400016377], [-88.64886400016026, 44.90749099970507], [-88.64885699958924, 44.90781399983777], [-88.64886800035822, 44.90849600018129], [-88.64991100009863, 44.90843400002169], [-88.6499870002666, 44.909516000121926]], [[-88.55530100031379, 44.90286000016572], [-88.55307699984239, 44.9028350000494], [-88.55279999983294, 44.90289300022627], [-88.55170100001605, 44.90288400003807], [-88.5516769997266, 44.90226300019569], [-88.55237300003569, 44.90226899974982], [-88.55234700009642, 44.90221600016714], [-88.55235700014217, 44.9015219998628], [-88.55237800005857, 44.901234000273206], [-88.55479999999837, 44.90101999984716], [-88.55494899996127, 44.90141200014563], [-88.55502599995417, 44.901786000234196], [-88.5550419998477, 44.902004999687435], [-88.55511800001567, 44.90233499989414], [-88.55530100031379, 44.90286000016572]], [[-88.49955899991672, 44.99559399977903], [-88.49880099968334, 44.995660000056695], [-88.49878999981269, 44.99640299978619], [-88.49670799963151, 44.99640299978619], [-88.49680999973876, 44.995601000274085], [-88.49604099963474, 44.99560200016322], [-88.49605300022863, 44.9945639997444], [-88.49704099971744, 44.99458999986818], [-88.49760899998003, 44.99459699985066], [-88.49796999965503, 44.99458499969873], [-88.49955399989383, 44.99449900001861], [-88.49955899991672, 44.99559399977903]], [[-88.56881199995348, 44.89628699980045], [-88.56873999998346, 44.89663799991686], [-88.56773700042602, 44.89665799974838], [-88.56718199968392, 44.89673600023391], [-88.56710499969104, 44.89701100017977], [-88.56674099964296, 44.89735899998005], [-88.56629299992932, 44.89777600020339], [-88.56574899995618, 44.89792100025002], [-88.56548299981739, 44.897929000259516], [-88.5654750003198, 44.89778800024749], [-88.56545799970304, 44.897626999765826], [-88.5653770004105, 44.897642999865475], [-88.56492399977567, 44.897597999892], [-88.56488299976778, 44.89778800024749], [-88.5647930002544, 44.89833400023955], [-88.56450399965111, 44.898289999847194], [-88.56463099987269, 44.89754600014747], [-88.56468199992632, 44.89732799994796], [-88.5649410003924, 44.8971129999225], [-88.56537499986237, 44.89674900019851], [-88.56553200022121, 44.89646400000729], [-88.56597099971403, 44.89617300012301], [-88.56614599961621, 44.89602699977063], [-88.5660450002322, 44.89588499983068], [-88.56554399991677, 44.89580000015152], [-88.5648419997599, 44.895709000108674], [-88.56454300000914, 44.89576400003988], [-88.56443800042716, 44.89595400009178], [-88.56431899970316, 44.89614499986623], [-88.56392500041618, 44.89626299971968], [-88.56371700000372, 44.89611799994662], [-88.56360599967564, 44.89580799981973], [-88.56400900008178, 44.89553900010435], [-88.56438599965031, 44.89533200012429], [-88.56484400030803, 44.895264999848166], [-88.56523099992232, 44.89522499984554], [-88.56545699987812, 44.89526299975323], [-88.56599199963043, 44.89539399977838], [-88.56637199957201, 44.89559000003111], [-88.56685500034409, 44.895967999950216], [-88.56709200017056, 44.8962319997331], [-88.56715999994263, 44.896211000040616], [-88.56778799958133, 44.89621199975342], [-88.56881199995348, 44.89628699980045]], [[-88.65140699957557, 44.930932999852025], [-88.65139700042812, 44.93098999991347], [-88.65101199956536, 44.9311799999217], [-88.64899800005455, 44.93125200028271], [-88.64871500019734, 44.93126299995898], [-88.64848699969339, 44.931277000121995], [-88.64855700001358, 44.92994100007795], [-88.64861700028804, 44.92833399974163], [-88.6503809995536, 44.92846599987948], [-88.6500940003967, 44.92875200019752], [-88.6499090004488, 44.92901600015663], [-88.6499090004488, 44.92912500005805], [-88.64996999964985, 44.92930099987068], [-88.65028000016957, 44.92969699970324], [-88.65037200023107, 44.93009599990009], [-88.65072700005831, 44.93018599981003], [-88.65101199956536, 44.93031199970139], [-88.65124400026725, 44.93048799969265], [-88.65137499978852, 44.93068599999211], [-88.65140699957557, 44.930932999852025]], [[-88.59317199999191, 44.898652000020505], [-88.59317000034207, 44.898742000191454], [-88.59307800028057, 44.898809000234344], [-88.59306900005974, 44.89941200028866], [-88.59247900005586, 44.900417999752484], [-88.59209999993918, 44.9007519999683], [-88.59151900015613, 44.900549999761026], [-88.59128900000235, 44.9004479997521], [-88.59087499972557, 44.90085700024299], [-88.59040000024773, 44.90088800028136], [-88.58988100038896, 44.901000000260225], [-88.58983100016025, 44.901012999897056], [-88.58967200015158, 44.90085700024299], [-88.58911300010983, 44.90038700009701], [-88.58983000033534, 44.90022000012594], [-88.5903919998518, 44.90000500009667], [-88.59067100040937, 44.899720000135694], [-88.59078699986203, 44.89950599980125], [-88.59082600022008, 44.89924199977799], [-88.59081799982417, 44.89886899998804], [-88.59083399971767, 44.89875900028574], [-88.59087200025083, 44.898692999854255], [-88.59097299963486, 44.89861100015751], [-88.59129700039828, 44.89846199997465], [-88.5918060002113, 44.89811599984588], [-88.59199100015923, 44.898033999962614], [-88.59217699993206, 44.897989999977035], [-88.59221799993995, 44.897965000288394], [-88.59272199973009, 44.89833600022766], [-88.59317199999191, 44.898652000020505]], [[-88.5615050001262, 44.91254900028695], [-88.56146499994323, 44.91258899968853], [-88.56138499957729, 44.91268299992226], [-88.56126199955364, 44.91285600030914], [-88.56121200022325, 44.913052000199166], [-88.56121600042121, 44.91329299986817], [-88.56135399961515, 44.91393499974298], [-88.56135899963803, 44.914135999956706], [-88.56123300013964, 44.91453200000144], [-88.56091599994724, 44.915318000074365], [-88.5607589995884, 44.91566699976245], [-88.56070000003717, 44.915873000315166], [-88.56069400018939, 44.91589299981689], [-88.56067200044808, 44.91608700015667], [-88.56067599974772, 44.916141000311825], [-88.55876299962095, 44.9159119999414], [-88.55698699976152, 44.91527499997527], [-88.5571759999074, 44.914923999767794], [-88.55702399957146, 44.9148120001983], [-88.5569640001953, 44.91467100024244], [-88.55696099982225, 44.91462800029532], [-88.55788300008714, 44.91440699988207], [-88.5585330003655, 44.91427900002257], [-88.55927300015719, 44.91428400019641], [-88.55982299997811, 44.914492000043715], [-88.56009199959163, 44.914899999833], [-88.560188999676, 44.91503599975517], [-88.56046400003561, 44.9151049999341], [-88.56054600005137, 44.914840000270154], [-88.56086200041888, 44.91271700013133], [-88.56113799970508, 44.91271900025528], [-88.5615050001262, 44.91254900028695]], [[-88.49405499971303, 44.89320700029163], [-88.49373900024385, 44.89346800010439], [-88.49350900009009, 44.893710000184264], [-88.49327899993631, 44.893997999914625], [-88.49326200021787, 44.894018999778915], [-88.49227899985361, 44.89537900005297], [-88.49217300044671, 44.895525999866194], [-88.49199000014862, 44.89583400016554], [-88.49180600002559, 44.89632399993189], [-88.49169200022278, 44.89656499974094], [-88.49075300023944, 44.8968280002627], [-88.49050600036723, 44.89662600026914], [-88.49049499959825, 44.89658500023424], [-88.4904489995675, 44.896516999801435], [-88.49030600035069, 44.896424999911424], [-88.4900879998925, 44.89631700004642], [-88.49039699968897, 44.89599600029318], [-88.49054300017715, 44.89565400012485], [-88.49076099973703, 44.89503499993044], [-88.49098699969286, 44.89441199982414], [-88.49119299955717, 44.89402300005523], [-88.49133700039555, 44.89386800028122], [-88.49148399981031, 44.89378199977475], [-88.49189399988914, 44.89359500009447], [-88.49212700041596, 44.893484000088534], [-88.49232400005944, 44.89339000027713], [-88.49254400016748, 44.893264999998834], [-88.49267899988668, 44.89317399976282], [-88.49285799998684, 44.89303699989119], [-88.49306300002625, 44.89282000018841], [-88.49405499971303, 44.89320700029163]], [[-88.61851200002152, 44.972107000266064], [-88.61833200009647, 44.9741860001992], [-88.61653799979538, 44.975061999988355], [-88.61587199962352, 44.97519700019352], [-88.61595100016456, 44.972045000123515], [-88.61851200002152, 44.972107000266064]], [[-88.50214400006314, 44.893694000263004], [-88.50093800011611, 44.89448399980856], [-88.50078099975727, 44.89444000028843], [-88.50079099980302, 44.89441899994149], [-88.50080699969654, 44.89428699985813], [-88.50077699955932, 44.89419899984637], [-88.50061500007591, 44.89406699989441], [-88.50011200011069, 44.89375099972348], [-88.50009799986697, 44.89374700006463], [-88.49997800021637, 44.89358299981175], [-88.49930000034895, 44.89321600008545], [-88.49835799999256, 44.89287099998102], [-88.49783199956278, 44.892717999831184], [-88.49722999986332, 44.89258799984985], [-88.49675899968516, 44.892533999839785], [-88.49661999976797, 44.892501000197555], [-88.49651199981294, 44.892430000054624], [-88.4964959999194, 44.892363999995524], [-88.49655000034608, 44.89225399994082], [-88.49655000034608, 44.892192999866054], [-88.49651900038394, 44.892166000000095], [-88.49646499995727, 44.89216099981144], [-88.49638799996437, 44.8922270001035], [-88.49634199993362, 44.892303999818175], [-88.49625700044312, 44.89234799969979], [-88.49597899971046, 44.89235899982404], [-88.49576299980039, 44.89239299996329], [-88.49533199980517, 44.89251999978174], [-88.49496299973424, 44.89275099998525], [-88.49459299983837, 44.89287300015914], [-88.4943769999283, 44.89297800018499], [-88.49420899969881, 44.893091000065354], [-88.49319299972258, 44.892694000170046], [-88.49341100018079, 44.89249000010047], [-88.49358699990788, 44.89236799975056], [-88.49386599956713, 44.89222100013793], [-88.49422700014048, 44.892078999709426], [-88.4943760001034, 44.891973999951425], [-88.49444899989834, 44.89185999999711], [-88.49471099983916, 44.89193599977961], [-88.49506999986436, 44.891985999933475], [-88.49540700014825, 44.89199799991302], [-88.49563800012692, 44.89198099972912], [-88.49654000030034, 44.89189900000689], [-88.49775799994292, 44.89174400023588], [-88.49861800028356, 44.89165799973523], [-88.49863800037504, 44.89174200001849], [-88.49870699997201, 44.89188900021902], [-88.49878899998778, 44.891985999933475], [-88.49890699998856, 44.89207199994366], [-88.49901900014154, 44.89212799995519], [-88.49925900034106, 44.89222599968501], [-88.49966799969667, 44.892433999805064], [-88.50003099991982, 44.89263099973914], [-88.50214400006314, 44.893694000263004]], [[-88.5899330002675, 44.90338800013375], [-88.58983399963499, 44.90347900011314], [-88.58946399973912, 44.904049000168115], [-88.58930599955538, 44.904327000120304], [-88.58928100033933, 44.904370999710316], [-88.58880900033623, 44.90478500001643], [-88.58854999987014, 44.90496699986226], [-88.58822900037809, 44.90517400015071], [-88.58806299979842, 44.90531799980106], [-88.58802799963833, 44.90543899984697], [-88.58805000027795, 44.9056080002998], [-88.58815099966198, 44.90587800017303], [-88.58854800022033, 44.90582800000943], [-88.5890389995917, 44.906706999805294], [-88.58896099977389, 44.9067590001719], [-88.58869200016036, 44.90697799976833], [-88.58855300024318, 44.90713200030961], [-88.58829799997507, 44.90752800026142], [-88.58810499963121, 44.90772500001981], [-88.58793499975191, 44.90783000028368], [-88.58775700037499, 44.90786300003618], [-88.58757200042706, 44.907846000088945], [-88.58738699958083, 44.90777999990929], [-88.58673899985062, 44.90746100019944], [-88.5863070000305, 44.907306999903334], [-88.58609100012043, 44.90725200019752], [-88.58572500042251, 44.907128999832004], [-88.58615899989248, 44.90651899999594], [-88.58546900032948, 44.90633899968357], [-88.58571399965355, 44.90606799988922], [-88.58591600021823, 44.90590200005799], [-88.58629699998475, 44.905836000191215], [-88.58688399961558, 44.905837999918376], [-88.5875530001605, 44.9059060001439], [-88.58785299973614, 44.90603999999727], [-88.58806600017148, 44.90604800014956], [-88.58815099966198, 44.90587800017303], [-88.58707799978433, 44.90564999981199], [-88.5876519998947, 44.90466900024054], [-88.58925299985194, 44.90332300015119], [-88.5899330002675, 44.90338800013375]], [[-88.58538999978846, 44.90536300009503], [-88.58508500018993, 44.90616399968781], [-88.58504800038001, 44.906246000064826], [-88.58469100000463, 44.90690499999556], [-88.58433100015452, 44.9068780000387], [-88.58417700016874, 44.90684499972072], [-88.5839920002208, 44.9067790003004], [-88.58371400038646, 44.90665799989389], [-88.58334399959229, 44.9064539997361], [-88.58315899964435, 44.906327999688614], [-88.58300399983366, 44.906163000148], [-88.58297399969643, 44.90605299976701], [-88.58298999958997, 44.905921000304424], [-88.5831899996065, 44.905327999798736], [-88.5831600003676, 44.9051959999439], [-88.58289699970355, 44.90475599993537], [-88.58275899961129, 44.904426000263896], [-88.58268099979348, 44.903877000211104], [-88.5826819996184, 44.903591000134725], [-88.58258999955689, 44.903196000012336], [-88.58258999955689, 44.90308600031663], [-88.58263700031085, 44.90295399976768], [-88.58270500008292, 44.902898999714616], [-88.58277500040312, 44.90288299980502], [-88.58339200017117, 44.90288299980502], [-88.58419499971208, 44.902833999815456], [-88.5845970002933, 44.90284199977768], [-88.5845810003998, 44.90346899979378], [-88.58456600033117, 44.90368199979273], [-88.58397499960405, 44.90367500016679], [-88.58374699999843, 44.90373600015103], [-88.58362999982256, 44.903792000256864], [-88.58360300005839, 44.90382100018801], [-88.58354699998188, 44.903883000233044], [-88.58349000008049, 44.90400799969976], [-88.58468799963158, 44.90402599972277], [-88.58462300023258, 44.90449600002473], [-88.584828000272, 44.90482599993063], [-88.5851820002743, 44.9050939999063], [-88.58538999978846, 44.90536300009503]], [[-88.55063499981111, 44.902433000045775], [-88.5506139998947, 44.90272700013463], [-88.55047900017549, 44.90291500025609], [-88.55025900006746, 44.903111999916625], [-88.54990699971496, 44.90331700007075], [-88.54975199990426, 44.90347900011314], [-88.54970300039876, 44.903753000041235], [-88.54969300035302, 44.90406700017824], [-88.55009400021102, 44.90399500010384], [-88.55063200033635, 44.90392899995639], [-88.55059700017625, 44.9041559999335], [-88.55058299993256, 44.90516899982054], [-88.55047900017549, 44.9051810002304], [-88.55036199999962, 44.905194999751025], [-88.54994400042318, 44.90517299995745], [-88.54937299978758, 44.90508399986792], [-88.54903399985386, 44.90509500010092], [-88.54866300013309, 44.90516100018219], [-88.54825700025222, 44.90518700011629], [-88.54758299968445, 44.90512699995697], [-88.54736699977438, 44.90514299987834], [-88.54724299992583, 44.905193000001496], [-88.54678000014353, 44.905488999712716], [-88.54646999962382, 44.905648000078294], [-88.54622399957653, 44.905707999693774], [-88.5459459997422, 44.905707999693774], [-88.54558400024224, 44.905642000240526], [-88.54516699959242, 44.90550999983422], [-88.54496699957588, 44.905360999715086], [-88.544897000154, 44.905284000304974], [-88.54482000016111, 44.905151999712835], [-88.54475099966581, 44.904921999894576], [-88.54464799973367, 44.90483799977583], [-88.54579900032742, 44.90452700000972], [-88.5463480003234, 44.90433900006967], [-88.54702700001576, 44.904115999753124], [-88.54737400034539, 44.904077999969566], [-88.5478820003335, 44.904112000178934], [-88.54853199971352, 44.90420999984651], [-88.5490020000668, 44.90423000022558], [-88.54912400026554, 44.9042020000747], [-88.54899799986885, 44.903804999898746], [-88.54953000014642, 44.90321199983481], [-88.54988099977568, 44.90294899988075], [-88.5498540000115, 44.902484999824644], [-88.54996000031673, 44.901895999872096], [-88.55048900022123, 44.901900999850604], [-88.55063499981111, 44.902433000045775]], [[-88.50258699975393, 44.90255699988137], [-88.50191100043463, 44.902590000115794], [-88.50130100033927, 44.90254399995734], [-88.50002300042222, 44.90239999972117], [-88.49934800002953, 44.90239199969749], [-88.49820499983167, 44.90242399978556], [-88.49682900000533, 44.90248199974078], [-88.49648500004875, 44.90250899985356], [-88.49631099997148, 44.902548999879485], [-88.49615399961264, 44.90259699987389], [-88.49606400009928, 44.90256199980238], [-88.49583599959533, 44.90251500001831], [-88.49513299961355, 44.90241500016029], [-88.49373400022097, 44.9022010003124], [-88.49353599985427, 44.90218099986373], [-88.49333500001282, 44.90218399996325], [-88.49308899996551, 44.90222400021535], [-88.4922930000973, 44.90238199982535], [-88.49204200002714, 44.902460999785724], [-88.49320600014138, 44.90120599993569], [-88.49336099995207, 44.901321000075946], [-88.49351599976276, 44.901387000035974], [-88.49388599965863, 44.90145200029855], [-88.49444200022563, 44.90149499992281], [-88.49502999968139, 44.90167000013355], [-88.49549199963873, 44.90176800014614], [-88.49589300039504, 44.901766999893674], [-88.49623399997859, 44.90178800010223], [-88.49685800031764, 44.9017650000249], [-88.4971579998933, 44.90173199995318], [-88.497713999562, 44.90173000008318], [-88.4979310001953, 44.90177399975193], [-88.49808400035617, 44.90174600031371], [-88.4983320000533, 44.90159800023861], [-88.4984240001148, 44.90156399981497], [-88.49854700013844, 44.90156399981497], [-88.49904099988285, 44.90166200000829], [-88.49922599983078, 44.90166200000829], [-88.4996579996509, 44.901573000209815], [-88.49976599960594, 44.90157800021641], [-88.50010399971475, 44.9015430001609], [-88.50015499976838, 44.9015430001609], [-88.5002829998149, 44.90155100030271], [-88.50036800020372, 44.90158899984772], [-88.50046799976283, 44.901683000255204], [-88.5006839996729, 44.90174899979967], [-88.50093100044342, 44.90178800010223], [-88.50120900027777, 44.90180999991864], [-88.50201199981866, 44.901804999932175], [-88.50257000003548, 44.90183199972658], [-88.50258699975393, 44.90255699988137]], [[-88.58215600008691, 44.91381499981199], [-88.58189099977307, 44.91418099970886], [-88.58207300024625, 44.91432400029892], [-88.58169099975652, 44.914837000194964], [-88.58143499966349, 44.914743000303716], [-88.58128300022582, 44.914975000311664], [-88.58049099965727, 44.91489899980899], [-88.58024299996015, 44.914904999952775], [-88.58008099957844, 44.91514400008155], [-88.57896000002023, 44.91491100009592], [-88.57918599997605, 44.91455700011995], [-88.5793099998246, 44.91424900024291], [-88.579851000323, 44.91306300017965], [-88.57994400020941, 44.91290900026097], [-88.58012900015733, 44.91271700013133], [-88.58036099996093, 44.91242599980543], [-88.58059299976452, 44.91194200030469], [-88.58063899979527, 44.911656999718474], [-88.58063200012258, 44.91152499976501], [-88.580576999871, 44.911305000229156], [-88.58055000010683, 44.91123499985323], [-88.5812959997463, 44.91090300029006], [-88.58144399988431, 44.910874000114475], [-88.58153699977072, 44.91081799990955], [-88.58164300007594, 44.91090900021486], [-88.58177399959719, 44.911021999848096], [-88.58185499978805, 44.91136099995957], [-88.58215299971388, 44.91151199996045], [-88.58206499985033, 44.913174999977024], [-88.58150099978572, 44.913389999737475], [-88.58215600008691, 44.91381499981199]], [[-88.51737799985881, 44.99531799981538], [-88.51037599963006, 44.99526800000661], [-88.51039200042189, 44.994156999836385], [-88.51073700020339, 44.994152000264386], [-88.51117700041945, 44.994152000264386], [-88.5124550003365, 44.99414999980017], [-88.51418000014229, 44.99413200006622], [-88.51737200001104, 44.99412699985675], [-88.51737799985881, 44.99531799981538]], [[-88.5862450001062, 44.88899100014539], [-88.5862090001212, 44.889031000029014], [-88.5862099999461, 44.88914700017059], [-88.58615600041774, 44.88937200029397], [-88.58593200011177, 44.88970199981624], [-88.58566900034603, 44.88987800010256], [-88.58518999977191, 44.89002000023754], [-88.58514399974116, 44.890053000030456], [-88.58509799971041, 44.890141000022105], [-88.5850819998169, 44.8902289998791], [-88.58511199995411, 44.890317000237935], [-88.58518300009924, 44.89039399996411], [-88.58542199957552, 44.89053699990942], [-88.58566099995012, 44.89071300018629], [-88.58572299987439, 44.890796999940534], [-88.58539399998642, 44.8909049999898], [-88.58529600007714, 44.89118800012925], [-88.58477499967023, 44.89140000000726], [-88.5841529998793, 44.891778000102356], [-88.58405800034305, 44.891583999808276], [-88.58395299986276, 44.89145500024121], [-88.58366599980758, 44.89146200008207], [-88.58327599982023, 44.89167400022292], [-88.58278999957342, 44.89216399979738], [-88.5822160003614, 44.892449000298676], [-88.58202100036772, 44.892453000047794], [-88.58186800020684, 44.891826000179115], [-88.58128499987565, 44.89213699991786], [-88.58130099976918, 44.891869000001726], [-88.58151800040247, 44.89146500010453], [-88.5817329995893, 44.891127000196676], [-88.5820349997131, 44.890858000223105], [-88.58223899992761, 44.890723999986825], [-88.58263099956477, 44.890587999817264], [-88.58312900040546, 44.89038499972868], [-88.58323499981235, 44.89038499972868], [-88.5830769996286, 44.889846000032705], [-88.58289800042677, 44.88963800009929], [-88.58302800012312, 44.88960100012108], [-88.5847379998603, 44.88910299974941], [-88.58567500019382, 44.88884699969767], [-88.58594399980733, 44.88881099968853], [-88.58612100025765, 44.888785999828], [-88.5862450001062, 44.88899100014539]], [[-88.58213900036849, 44.905442999965096], [-88.58204700030697, 44.90548100011884], [-88.5816470002739, 44.90556900004364], [-88.5811829997684, 44.90565099999694], [-88.58084399983468, 44.90573299983323], [-88.58059699996248, 44.90580999991444], [-88.5801330003553, 44.90601300027038], [-88.57960899957534, 44.90631499998106], [-88.57872800021664, 44.90703500005808], [-88.57863600015513, 44.907095000134596], [-88.5785280002001, 44.90712199998951], [-88.57845899970481, 44.907089999971525], [-88.5783590001457, 44.90696299988358], [-88.57810399987758, 44.906380999934136], [-88.5779649999604, 44.906221000148484], [-88.57770999969226, 44.906034000200464], [-88.5774169997893, 44.90588599971166], [-88.57696200040296, 44.905710000061646], [-88.57527299968386, 44.905224999803], [-88.57496399988736, 44.9051150001721], [-88.57480900007667, 44.90502700018858], [-88.57464699969496, 44.904885000205795], [-88.57448500021158, 44.904675999745514], [-88.5743470001193, 44.90426900011767], [-88.57422400009567, 44.90365400001122], [-88.57407000010987, 44.903258000095114], [-88.57407000010987, 44.9031419997831], [-88.57414000043006, 44.90309300001434], [-88.57425599988272, 44.90310399999203], [-88.57447199979279, 44.90320899978894], [-88.57481099972648, 44.90341799985616], [-88.57490899963578, 44.90346899979378], [-88.57519300021623, 44.904142999734766], [-88.57517700032271, 44.90420900027275], [-88.57521599978244, 44.90433199988744], [-88.57531799988969, 44.90446600022859], [-88.57562900023431, 44.90465099978263], [-88.57593399983284, 44.90474700003887], [-88.57638599974446, 44.90488999992441], [-88.57772999978377, 44.905300999737435], [-88.57810100040282, 44.90539000012722], [-88.57856800038307, 44.905415999957754], [-88.57887899982937, 44.90542400019688], [-88.57900500022606, 44.90540899990667], [-88.57893099970791, 44.90505000023342], [-88.57890599959354, 44.90493499991714], [-88.58080700002476, 44.90453799971308], [-88.58112300039227, 44.90485300021504], [-88.58183200022182, 44.905254999839364], [-88.58213900036849, 44.905442999965096]], [[-88.60075500000372, 44.90112400000502], [-88.60068300003368, 44.90153100026417], [-88.60046999959835, 44.90156599969073], [-88.5998319999139, 44.90165200000917], [-88.59973900002747, 44.90134999998093], [-88.59979400027908, 44.901212999862246], [-88.59950600039897, 44.90123499989868], [-88.59950999969861, 44.90173000008318], [-88.59777700039521, 44.90191099980642], [-88.59771200009789, 44.90145600005775], [-88.59772499961836, 44.90130499972714], [-88.59730200001906, 44.90141799978858], [-88.59729100014842, 44.90160000011318], [-88.59756999980767, 44.90196300005742], [-88.59744900033215, 44.90200299982694], [-88.5970020004434, 44.90214600017525], [-88.59687299967366, 44.901784999981984], [-88.59681699959717, 44.90163200000582], [-88.59650399960273, 44.90177100026727], [-88.59617600043798, 44.901859000144626], [-88.59577200020694, 44.901846000062775], [-88.59564499998532, 44.90183900021323], [-88.59608400037646, 44.902378000130575], [-88.59556200014465, 44.902523000024864], [-88.59523099970853, 44.90218800030787], [-88.59494399965337, 44.90192000014689], [-88.5946430002528, 44.90163899988051], [-88.59461300011556, 44.90157000007835], [-88.59458399980326, 44.90150199981418], [-88.59448900026702, 44.9012820000929], [-88.59445599975673, 44.90105200006262], [-88.59446499997757, 44.900938000287525], [-88.59412000019607, 44.90093599975361], [-88.59425999993815, 44.90034400028035], [-88.59430199977095, 44.90014599976265], [-88.59445199955877, 44.89988400006701], [-88.59458999965103, 44.899802000159845], [-88.59508799959342, 44.89995800013118], [-88.5954039999609, 44.90004199974463], [-88.5963680000586, 44.90050399987923], [-88.59620400002707, 44.90059600024233], [-88.59611100014064, 44.90061200015212], [-88.59574000041988, 44.90059600024233], [-88.59564900018329, 44.90062299996819], [-88.59560900000031, 44.900666999847864], [-88.59561700039625, 44.900755000142404], [-88.59577999970455, 44.90089799977701], [-88.59600300018562, 44.90096400022262], [-88.59618800013354, 44.90096400022262], [-88.59640499986853, 44.90091499987011], [-88.59720699958451, 44.90055200030837], [-88.59742199966966, 44.90047500018379], [-88.59782400025088, 44.90035399987065], [-88.59803500013807, 44.900316999787144], [-88.59799099975714, 44.900798999921044], [-88.59870600033281, 44.90078600023577], [-88.59864000021058, 44.900302000073275], [-88.59907399968053, 44.90031600014571], [-88.59910899984062, 44.90031600014571], [-88.59917999998574, 44.90091199970436], [-88.59968600032403, 44.90089399997898], [-88.59960599995809, 44.90030999975145], [-88.60000000014338, 44.900305000270855], [-88.6001209996189, 44.90029399975762], [-88.60019500013706, 44.901183000261796], [-88.6004729999714, 44.901161999832254], [-88.60075500000372, 44.90112400000502]], [[-88.52678500030895, 44.89192699978548], [-88.52603499957318, 44.8927239997449], [-88.525979000395, 44.89271299969047], [-88.52523799988006, 44.89273499979723], [-88.52496099987063, 44.892685000294534], [-88.5247829995954, 44.89260799981716], [-88.52466799996768, 44.89252499993923], [-88.52429800007181, 44.89211300001427], [-88.52416699965224, 44.89203600004383], [-88.52409800005526, 44.892018999871205], [-88.52400500016886, 44.892024999857846], [-88.52386600025167, 44.892084999689814], [-88.52368100030375, 44.89225499972242], [-88.52363400044808, 44.8923209999066], [-88.52363400044808, 44.892409000246516], [-88.52367999958052, 44.89250299975214], [-88.52372700033452, 44.892545999704986], [-88.52384899963492, 44.892601000115775], [-88.52409600040545, 44.89266199975774], [-88.52428100035338, 44.89274500007435], [-88.52440600002684, 44.89283299976548], [-88.52462100011199, 44.89303600012319], [-88.52474400013564, 44.89311899989998], [-88.52517599995578, 44.89320200019343], [-88.5252689998422, 44.893256999976856], [-88.52530599965212, 44.89332799973521], [-88.52529200030673, 44.89337799995163], [-88.52522199998653, 44.893438000281236], [-88.52479000016639, 44.89365800010574], [-88.52441900044563, 44.893871000178166], [-88.52370899989285, 44.89420000023053], [-88.52366700006006, 44.89421500026351], [-88.52313899998045, 44.89336199993805], [-88.52298400016974, 44.89323500006982], [-88.52244699986932, 44.89404100002241], [-88.5219959997826, 44.893754000262916], [-88.5216500001762, 44.893593999699775], [-88.52139499990808, 44.89353299977356], [-88.52127500025748, 44.893518999958715], [-88.52126699986157, 44.89276100025963], [-88.52121599980794, 44.892669999862484], [-88.52151899975662, 44.892598000152574], [-88.52174499971244, 44.89250899968829], [-88.52196999984334, 44.89240400007893], [-88.52199400013279, 44.89239299996329], [-88.52213499969979, 44.89228099976541], [-88.52237900009727, 44.89206999973768], [-88.52246699996081, 44.891943999985344], [-88.52156800016043, 44.8915959998717], [-88.52174600043567, 44.891393999955405], [-88.52271600038115, 44.89137700022939], [-88.52273800012246, 44.89128600018801], [-88.52291800004751, 44.89130999980029], [-88.52409499968222, 44.89144600017181], [-88.52508999974205, 44.89157499975906], [-88.52559600008034, 44.891635999852895], [-88.52591499992258, 44.89167400022292], [-88.52635799961337, 44.891757999846405], [-88.5265850002924, 44.89182999997157], [-88.52678500030895, 44.89192699978548]], [[-88.65660199998277, 44.89823699977824], [-88.65652499998987, 44.89908199984884], [-88.65639600011843, 44.899838000288646], [-88.65638100004983, 44.90000800030979], [-88.65280800041458, 44.90003700024072], [-88.65293499973787, 44.899725999955194], [-88.65301199973077, 44.89941800014031], [-88.65322900036405, 44.89908900003404], [-88.65339900024337, 44.89875900028574], [-88.65346000034273, 44.89856100003668], [-88.65347500041135, 44.898297000128814], [-88.65352200026703, 44.898182000303336], [-88.65359900025992, 44.8981490000841], [-88.65376800031432, 44.898182000303336], [-88.65383000023859, 44.89817100002027], [-88.65388399976695, 44.8981330001252], [-88.65401500018652, 44.89795700028391], [-88.65409999967702, 44.897895999895034], [-88.65443199993804, 44.89777000018046], [-88.6546329997795, 44.897719999964664], [-88.65477199969666, 44.897626999765826], [-88.65481000022982, 44.89753899977447], [-88.6548029996588, 44.89739099968773], [-88.65475599980313, 44.89719800020622], [-88.65478799959018, 44.89708900018648], [-88.6549640002156, 44.89691299969504], [-88.65524299987486, 44.89669300023226], [-88.65534199960905, 44.896583000185224], [-88.65534199960905, 44.89638500007938], [-88.65554300034881, 44.89612099972619], [-88.6555900002045, 44.89598899973143], [-88.65558900037958, 44.89585999986323], [-88.65608800014687, 44.89581100025185], [-88.65619500027698, 44.89607799990097], [-88.65635400028565, 44.89661100022873], [-88.65647499976114, 44.89706499980408], [-88.65659500031006, 44.897725999992865], [-88.65660199998277, 44.89823699977824]], [[-88.6013459998325, 44.879985000206595], [-88.60123600022763, 44.88205300016782], [-88.60111099965586, 44.88213699983877], [-88.60047799999428, 44.88226899980132], [-88.59779300028873, 44.88257799975897], [-88.59755200026432, 44.8826550002976], [-88.59738800023278, 44.879913999890604], [-88.59839900018615, 44.87997400026198], [-88.59834599958438, 44.87950200002149], [-88.59854999979889, 44.879565000192535], [-88.598620999944, 44.87958000022309], [-88.59911700023653, 44.87967999969035], [-88.59957300034613, 44.87974300030304], [-88.60125600031914, 44.87997600025206], [-88.6013459998325, 44.879985000206595]], [[-88.50652400033555, 45.03372400016013], [-88.50651099991677, 45.03453499970029], [-88.50647599975666, 45.035636999817584], [-88.50644700034266, 45.03617399989505], [-88.50355900024753, 45.03617799979277], [-88.50355699969941, 45.035643000037815], [-88.50289700027363, 45.035643000037815], [-88.50289999974838, 45.0332309998327], [-88.50643499974879, 45.03337100011277], [-88.50652000013758, 45.0335610001265], [-88.50652400033555, 45.03372400016013]], [[-88.54566000041024, 44.901105000081984], [-88.5454240004087, 44.90141500028534], [-88.5446920001146, 44.90213899972599], [-88.54431800002078, 44.90253200026954], [-88.54411999965406, 44.902860999762915], [-88.5440529997069, 44.90316199989746], [-88.54409200006496, 44.903409999974144], [-88.54448100022739, 44.90414599973196], [-88.54368199998613, 44.90441799988587], [-88.54399900017854, 44.90466999980629], [-88.54390999959178, 44.904663000300644], [-88.54361699968882, 44.90466200009849], [-88.54340099977875, 44.90462899978088], [-88.54330000039471, 44.9045849997521], [-88.54320900015811, 44.90451399989494], [-88.54279099968339, 44.904052000170154], [-88.54273799997993, 44.903963999831966], [-88.54269199994918, 44.90377700017709], [-88.54269299977408, 44.90353499983304], [-88.54273100030724, 44.903293999968824], [-88.54289299979064, 44.902765999773756], [-88.54304799960133, 44.902436000132155], [-88.54316499977719, 44.902063000065354], [-88.54314200021096, 44.90186499974092], [-88.54305000014946, 44.90164500013607], [-88.54285000013293, 44.901326000104504], [-88.54281900017078, 44.90111799969514], [-88.54284900030801, 44.90102999995616], [-88.54295800008795, 44.9009040001099], [-88.54303500008083, 44.90087100018028], [-88.54311200007375, 44.90086499984399], [-88.54320499996015, 44.90089299971127], [-88.54326000021175, 44.90093099969113], [-88.54351299993175, 44.90123900030933], [-88.54371299994827, 44.90139300031778], [-88.54390700011704, 44.901420999927964], [-88.54412999969979, 44.90137699998907], [-88.54423900037807, 44.901317000307294], [-88.54434700033309, 44.901141000031295], [-88.54439300036384, 44.90098699998413], [-88.54440900025737, 44.90070699988273], [-88.54437099972422, 44.90061900015104], [-88.54427799983782, 44.90056899986746], [-88.54405500025504, 44.900531000284616], [-88.5437849999183, 44.90053000001058], [-88.54342900026616, 44.9004919997657], [-88.54365799969669, 44.899577000116466], [-88.54298499985214, 44.89914599987394], [-88.54224400023551, 44.89984900025286], [-88.54215700019688, 44.899782000149216], [-88.54163199959201, 44.89947399999798], [-88.54145500004, 44.89939099984853], [-88.54121999986337, 44.899233000290906], [-88.54216399986959, 44.89835899976775], [-88.54268600010141, 44.89867700004678], [-88.54299200042315, 44.89831999968451], [-88.54411800000423, 44.898888000013656], [-88.54401599989698, 44.89954900024458], [-88.54406000027791, 44.899564999809456], [-88.54468500044189, 44.899769999884946], [-88.54513200033064, 44.89995800013118], [-88.54531499973044, 44.900156000023664], [-88.54556900017366, 44.90050599979187], [-88.54565200001431, 44.900824999918996], [-88.54566000041024, 44.901105000081984]], [[-88.59137500021608, 44.89745100028474], [-88.59136699982015, 44.897774999881435], [-88.59128900000235, 44.89790700023077], [-88.59114199968926, 44.89807799991451], [-88.59100399959699, 44.898182000303336], [-88.59082600022008, 44.89828100021115], [-88.59062600020353, 44.89845099974515], [-88.59050900002767, 44.898582999815204], [-88.5903550000419, 44.89882500000509], [-88.5902010000561, 44.89922000025162], [-88.59000699988734, 44.89962699999007], [-88.58978299958136, 44.89981899994069], [-88.58959799963343, 44.8999119997757], [-88.58925799987479, 44.90002199981749], [-88.58879599991745, 44.90012099973876], [-88.58861099996952, 44.90018699980373], [-88.58845699998372, 44.90026899979813], [-88.58810100033158, 44.90055999995176], [-88.58772700023776, 44.9008299999907], [-88.5870049999894, 44.90014700004337], [-88.58690399970705, 44.900231000017016], [-88.58654899987982, 44.90048200019939], [-88.58627100004549, 44.90068000019631], [-88.58602099980023, 44.900593999696504], [-88.58577099955495, 44.90047700009743], [-88.58601999997532, 44.900371999765085], [-88.58642300038144, 44.90010000019396], [-88.58695700030881, 44.89918899995022], [-88.58751399980244, 44.89934500031209], [-88.58780300040574, 44.89935700002873], [-88.58809899978344, 44.89930499996599], [-88.58843900044039, 44.89922499982655], [-88.58868100028971, 44.899117000129884], [-88.58884100012328, 44.89898300004753], [-88.58913300020133, 44.898603000242886], [-88.58943799979987, 44.89825099971715], [-88.58976800041106, 44.89796300028738], [-88.58992900006955, 44.89783199975129], [-88.5891809998819, 44.8975179999229], [-88.58955199960266, 44.89717500020173], [-88.58897099981962, 44.89690199980551], [-88.58877400017613, 44.896764000202914], [-88.58867700009175, 44.89655999993475], [-88.58847700007522, 44.89635600021554], [-88.58836900012017, 44.89615199977262], [-88.58818199962411, 44.8960149999954], [-88.58798099978266, 44.89574199981917], [-88.58788500042152, 44.89553799974347], [-88.58786399960681, 44.89485799977968], [-88.58785699993409, 44.89465399974985], [-88.5878770000256, 44.89460499974719], [-88.58822900037809, 44.894523999690215], [-88.58855999991589, 44.89449300003892], [-88.58974999996938, 44.89437300024574], [-88.5897089999615, 44.89457100027928], [-88.5897089999615, 44.89494499968459], [-88.58981699991654, 44.89538499968907], [-88.59007100035976, 44.89580200022777], [-88.5902710003763, 44.8960440000312], [-88.59105499965062, 44.896753999988306], [-88.59125200019244, 44.89703400024985], [-88.59131300029179, 44.8971869997349], [-88.59137500021608, 44.89745100028474]], [[-88.56269400035478, 44.89780299998086], [-88.56251400042973, 44.89860700020034], [-88.56242200036823, 44.89858699977405], [-88.56220599955985, 44.89857000026528], [-88.56189699976336, 44.898574999896745], [-88.56149599990536, 44.89861900007095], [-88.56127900017039, 44.89865700028117], [-88.5610330001231, 44.898744999834136], [-88.5606320002651, 44.89898100008192], [-88.56035299970752, 44.89908500011013], [-88.56013799962237, 44.89909099999589], [-88.55979799986376, 44.89901900005288], [-88.55936600004362, 44.89885399989641], [-88.55918899959329, 44.89876599987387], [-88.55891900015487, 44.89853500028755], [-88.55882600026845, 44.898403000107315], [-88.55873400020694, 44.89818299998187], [-88.55861899968092, 44.89765600026132], [-88.5585340001904, 44.89745800003215], [-88.55839600009814, 44.897259999757495], [-88.55822600021882, 44.89715000015875], [-88.5580489997685, 44.89708399978945], [-88.55753199955957, 44.89699000013542], [-88.55722299976307, 44.89696299997621], [-88.55682199990508, 44.89702800014945], [-88.55645100018432, 44.897171000144674], [-88.5556479997451, 44.89757700006203], [-88.55543799968282, 44.897673999727736], [-88.55515900002356, 44.89725099996019], [-88.55520000003143, 44.8967300001024], [-88.5550929999013, 44.896779999906386], [-88.55499099979409, 44.89683399974763], [-88.55498900014425, 44.89635699992583], [-88.55549200010948, 44.89604600009897], [-88.55626700006131, 44.895743999897434], [-88.55669800005651, 44.895626000251674], [-88.55694099973076, 44.896019999849024], [-88.55723100015899, 44.89598300015835], [-88.55762500034429, 44.89599099980111], [-88.55797799962339, 44.896010000141345], [-88.55797799962339, 44.89568199998435], [-88.558541999688, 44.89575099985265], [-88.55920899968477, 44.89588699990398], [-88.55986399998599, 44.896157000250646], [-88.56015699988896, 44.89642800031135], [-88.56033900036213, 44.89669699968621], [-88.56053000015785, 44.89689999976752], [-88.5606320002651, 44.89716900011609], [-88.56110599991803, 44.89730599968926], [-88.56147800036203, 44.897373999825334], [-88.5618630003265, 44.89730799971313], [-88.5618630003265, 44.89750999985626], [-88.56223499987216, 44.89751100018284], [-88.56251100005669, 44.89767900007341], [-88.56269400035478, 44.89780299998086]], [[-88.5907290001357, 44.89193400020531], [-88.59068300010495, 44.89202199986461], [-88.59002000030614, 44.89251999978174], [-88.58984100020601, 44.892725000154726], [-88.5896939998929, 44.893011000189915], [-88.58964899968706, 44.89334099983386], [-88.58970999978642, 44.89366100001365], [-88.58835900007443, 44.89384500021755], [-88.58816599973059, 44.893723000196516], [-88.58784699988836, 44.89375200011544], [-88.58747500034269, 44.89335999977694], [-88.58728700002172, 44.89329600031213], [-88.58692100032381, 44.89330200016554], [-88.5866450001393, 44.89324000016516], [-88.5863570002592, 44.89324300009482], [-88.5858009996922, 44.893251999883], [-88.58571299982864, 44.89332100012146], [-88.5856180002924, 44.89352699994425], [-88.58561900011733, 44.89359700024741], [-88.58544300039023, 44.893734000057755], [-88.58497999970962, 44.89401099986183], [-88.584603999966, 44.894220000273585], [-88.58447500009457, 44.89415799999015], [-88.58403200040378, 44.89435999974405], [-88.5839550004109, 44.89423399991779], [-88.58387300039512, 44.8941190002395], [-88.58362499979968, 44.89421000025295], [-88.583365000407, 44.89425300020221], [-88.58355399965458, 44.89479299969897], [-88.58192900030622, 44.894825999935165], [-88.5818160003283, 44.8944380001648], [-88.58172400026679, 44.894145000076186], [-88.58218899969889, 44.89407900007614], [-88.58284200035027, 44.89394800023726], [-88.58349500010334, 44.89381499995472], [-88.58385999997633, 44.893682999757715], [-88.58423400007014, 44.893484000088534], [-88.58441900001809, 44.893283000203304], [-88.58459499974518, 44.893082000251965], [-88.58468500015685, 44.89268099992515], [-88.58457700020182, 44.89241399977724], [-88.58438800005594, 44.89214700029896], [-88.58503300031138, 44.891750000251214], [-88.5852230002822, 44.891580999792026], [-88.58542300029873, 44.89149999993066], [-88.58574700016383, 44.89154800023939], [-88.5862860001141, 44.891281999721315], [-88.58639300024421, 44.89133900029953], [-88.58691700012585, 44.89175199983191], [-88.58704099997442, 44.891796000135834], [-88.58728899967154, 44.89180699972925], [-88.58775099962891, 44.891708000130784], [-88.58830600037098, 44.89169699988202], [-88.58858500003024, 44.89166999978321], [-88.58870800005391, 44.89163700028165], [-88.58899400028415, 44.8915159998259], [-88.58917099983617, 44.891477999987885], [-88.58938699974624, 44.89146699969513], [-88.58972700040317, 44.89148900027853], [-88.59019000018543, 44.89157199974239], [-88.59043600023274, 44.89165900016359], [-88.59057500014993, 44.89173699979297], [-88.59063799989912, 44.8917900001253], [-88.59070599967116, 44.8918470002001], [-88.5907290001357, 44.89193400020531]], [[-88.70040200001199, 44.90677100024984], [-88.69846899979373, 44.911425999760006], [-88.69831999983082, 44.911445000089046], [-88.69826100027959, 44.911374999883634], [-88.69800500018655, 44.91102999994321], [-88.69785299985058, 44.91077699981585], [-88.69685500031602, 44.90841100005839], [-88.69625100006843, 44.90724400021279], [-88.69612399984682, 44.90696199972145], [-88.69586699992888, 44.90638699969472], [-88.69552899982008, 44.90569099974547], [-88.69812999986002, 44.90626900025817], [-88.69883299984181, 44.906427000203614], [-88.69961000034176, 44.90660099986655], [-88.70040200001199, 44.90677100024984]], [[-88.57135400044221, 44.90358600030315], [-88.57130000001553, 44.90371300021673], [-88.57115199987751, 44.90386099993737], [-88.57096799975452, 44.90394899979702], [-88.57075100001953, 44.90399200009877], [-88.57058100014022, 44.903987000302116], [-88.57025700027512, 44.90392599994793], [-88.56968599963949, 44.90378300020945], [-88.56948499979805, 44.90377799975834], [-88.56939199991163, 44.90379400005513], [-88.56926999971289, 44.903838000053085], [-88.5691430003896, 44.90390999968783], [-88.56893099977917, 44.904029999939176], [-88.56874400018143, 44.90410099975783], [-88.56852900009626, 44.9041450001571], [-88.56797199970435, 44.90420000029062], [-88.56763299977064, 44.904276999880196], [-88.56726200004987, 44.90448500031338], [-88.5667990002676, 44.90483100029058], [-88.5664899995728, 44.90493499991714], [-88.56553399987104, 44.90507799997133], [-88.56534800009818, 44.9050939999063], [-88.5649470002402, 44.90508800001075], [-88.56473800000282, 44.9050279997481], [-88.56466199983484, 44.90497299977048], [-88.56451500042006, 44.90481299988341], [-88.56431500040352, 44.90452800021422], [-88.56423800041064, 44.90437399969561], [-88.56416100041773, 44.90412100017488], [-88.56417599958803, 44.903989000093546], [-88.56432299990112, 44.90374700000569], [-88.56477900001072, 44.903197999831335], [-88.56489399963843, 44.903022000223295], [-88.56518800026463, 44.90275900003628], [-88.56542799956581, 44.9026220000937], [-88.56607600019433, 44.90235799974343], [-88.56675599971157, 44.90218800030787], [-88.56695599972812, 44.90210000029779], [-88.56727999959323, 44.90189700012237], [-88.56752700036374, 44.90181499990463], [-88.56783600016024, 44.901819999890236], [-88.56836099986678, 44.90189200014347], [-88.56852300024849, 44.90189200014347], [-88.56891599971057, 44.901826999742035], [-88.56910200038172, 44.90182100014182], [-88.56919400044322, 44.901837999962005], [-88.56940199995736, 44.90192599973682], [-88.56959799977595, 44.90204000009803], [-88.56996600002198, 44.90247600020887], [-88.57010400011424, 44.90276099987047], [-88.57018799977983, 44.90313500009137], [-88.57025800010003, 44.903289000111414], [-88.57033599991783, 44.90336600028489], [-88.57042799997934, 44.90342099989118], [-88.57052000004084, 44.90345400026596], [-88.57075299966935, 44.90348699998555], [-88.57113799963382, 44.903394000206724], [-88.57126900005339, 44.903399000055], [-88.57133799965035, 44.90345400026596], [-88.57135400044221, 44.90358600030315]], [[-88.61919499991184, 44.88815599988349], [-88.61909199997967, 44.88814299988573], [-88.61899900009325, 44.88815999993117], [-88.61850500034885, 44.88834700009953], [-88.61838200032518, 44.888373999849], [-88.61733299983868, 44.888444999907556], [-88.61708500014156, 44.88849999978506], [-88.61634500034985, 44.888785999828], [-88.615863000301, 44.889015999916815], [-88.61575899964562, 44.88906600006345], [-88.61529500003844, 44.88924700019266], [-88.61511000009051, 44.88928600006503], [-88.61472500012604, 44.889263999911805], [-88.61378299976965, 44.889088000292396], [-88.61330499991877, 44.88907700017897], [-88.61311999997083, 44.88912599980019], [-88.61299600012227, 44.88919800003812], [-88.6128420001365, 44.88932899987737], [-88.61271900011285, 44.88938999980757], [-88.61256400030214, 44.88944500005439], [-88.61234800039207, 44.88948299996273], [-88.61201600013105, 44.88948299996273], [-88.61155300034878, 44.88938400018247], [-88.61091399994112, 44.889186000110755], [-88.61052700032681, 44.889175000016074], [-88.61006500036945, 44.88924700019266], [-88.60870700008647, 44.88950500003217], [-88.60805799963305, 44.889569999725396], [-88.60777999979868, 44.889569999725396], [-88.60765799959995, 44.88954299990093], [-88.60744900026089, 44.88945500026718], [-88.60704000000698, 44.8890810001626], [-88.6069089995874, 44.889003999951534], [-88.60670100007327, 44.888971000193166], [-88.60578999967902, 44.88893299994656], [-88.6055289995631, 44.888861000013364], [-88.60523499983523, 44.88871299986764], [-88.60511099998666, 44.88869100013171], [-88.60477700007584, 44.88868700012095], [-88.60477500042603, 44.888534000296396], [-88.6079909996859, 44.88853500014265], [-88.60993300012497, 44.888312000263994], [-88.61100799965244, 44.888179000312945], [-88.6118770002139, 44.88807200009086], [-88.6129769998557, 44.88793199995166], [-88.61349900008753, 44.887869000032445], [-88.61432599991787, 44.88776900016042], [-88.61452799958424, 44.887739999770425], [-88.61536500035862, 44.88761900002638], [-88.61557100022296, 44.88758899969809], [-88.61618999964084, 44.88754300026745], [-88.61643599968814, 44.88754499999441], [-88.61710000021017, 44.88754900008458], [-88.61782499993328, 44.88761199971782], [-88.61868799974862, 44.887792999967374], [-88.61918900006405, 44.88786499996453], [-88.61919499991184, 44.88815599988349]], [[-88.62844300035329, 44.86285000015093], [-88.6274509997682, 44.8629139997422], [-88.62744599974532, 44.86318400013977], [-88.62677200007586, 44.86318999995028], [-88.62675100015946, 44.86270900010396], [-88.62441200006033, 44.86313700001067], [-88.62431099977799, 44.86293599978425], [-88.62266299996509, 44.860192000176006], [-88.62380299978987, 44.86011799988948], [-88.62389300020158, 44.85998300030057], [-88.62399500030882, 44.859847999758365], [-88.62455900037342, 44.85984499999746], [-88.62769199979262, 44.85984400028933], [-88.62774299984623, 44.860025999727576], [-88.62798100039593, 44.86084000022258], [-88.62821300019951, 44.86163400012946], [-88.62835299994161, 44.86237899983624], [-88.62844300035329, 44.86285000015093]], [[-88.57269799958317, 44.9092990002588], [-88.57323200040888, 44.909883000151545], [-88.57250000011477, 44.91032700013887], [-88.57229400025047, 44.91015499988019], [-88.57213199986874, 44.910347000298266], [-88.57174199988141, 44.910635000040934], [-88.57162700025367, 44.91091699968949], [-88.57171599994213, 44.911199999951364], [-88.57098500037127, 44.911618999830424], [-88.57135000024425, 44.91152699993044], [-88.5722409996487, 44.91142500031174], [-88.57242700031983, 44.911405999976026], [-88.57247199962737, 44.91150800026466], [-88.57248400022125, 44.912257000312785], [-88.57244200038845, 44.91225199996263], [-88.57222599958007, 44.91224600017799], [-88.57207099976938, 44.912263000096225], [-88.57176399962272, 44.91235600015871], [-88.57148499996346, 44.91250399989306], [-88.57089800033262, 44.91288800029787], [-88.5706509995621, 44.91300900031299], [-88.57046499978928, 44.913123999744194], [-88.56994799958032, 44.91353100029171], [-88.56970200043133, 44.913772999904175], [-88.56961399966947, 44.913880000017755], [-88.56946999972944, 44.914058000175615], [-88.56933800038327, 44.91425599985362], [-88.56919799974285, 44.91458599970935], [-88.56907399989431, 44.914761000145894], [-88.56857299957889, 44.91524400006139], [-88.5684250003392, 44.915398000084394], [-88.56835599984392, 44.91550799975728], [-88.5683480003463, 44.915617999855755], [-88.56835800039205, 44.91563400003762], [-88.56740699981482, 44.91584200008774], [-88.56701000015478, 44.91534499988345], [-88.56730300005776, 44.915001000259664], [-88.56692200029124, 44.9144679999285], [-88.56686000036697, 44.913745999992614], [-88.56726899972257, 44.913090999831404], [-88.56782500028959, 44.9134049998535], [-88.56789300006163, 44.91329499997208], [-88.56813800028402, 44.91309999969379], [-88.56764799983925, 44.91280499979323], [-88.56782199991652, 44.912591999881116], [-88.56835599984392, 44.91280900003489], [-88.56840900044568, 44.91270700014675], [-88.56845100027847, 44.91247299975673], [-88.56847700021774, 44.912088999759874], [-88.56874500000633, 44.911410000315115], [-88.56933400018531, 44.91148300009215], [-88.56972699964737, 44.91128699994067], [-88.57023600035873, 44.911817000277374], [-88.57042999962917, 44.91175900019778], [-88.57098500037127, 44.911618999830424], [-88.57038199994858, 44.91126999973377], [-88.57062899982078, 44.91006900019402], [-88.57104200027267, 44.90949900002736], [-88.57163599957619, 44.908996000193405], [-88.57251400035848, 44.90869399993514], [-88.57271400037503, 44.90875300005764], [-88.57217700007459, 44.90912599998036], [-88.57309199976847, 44.9089589999458], [-88.57288599990416, 44.90924399991417], [-88.57269799958317, 44.9092990002588]], [[-88.6650679999014, 44.9488689998574], [-88.66335700033932, 44.95000799978533], [-88.66330299991264, 44.950212999850486], [-88.65864700035402, 44.95022399970924], [-88.65863499976014, 44.947072000004745], [-88.66345500024859, 44.946928000079374], [-88.66355599963264, 44.947464000267296], [-88.66403000018386, 44.94793299998182], [-88.66422600000246, 44.94811900019005], [-88.66446000035418, 44.94846199979341], [-88.6650679999014, 44.9488689998574]], [[-88.60359700006808, 44.89604800016667], [-88.60358899967217, 44.89615799996444], [-88.60352000007518, 44.89640000017874], [-88.6033889996556, 44.89657499998846], [-88.60324999973844, 44.89668500005079], [-88.60310300032367, 44.896766999948795], [-88.60283299998693, 44.896867000085194], [-88.60240700001457, 44.89696400031225], [-88.60206899990577, 44.89715200018805], [-88.60146700020633, 44.89754800016299], [-88.60097299956361, 44.89798199997602], [-88.60084200004235, 44.89801999997087], [-88.60037099986415, 44.898041999956384], [-88.6002479998405, 44.898063999933484], [-88.60014800028138, 44.89810799986244], [-88.59990100040919, 44.898293999826414], [-88.59935300023811, 44.89852499974461], [-88.59906799983276, 44.89869000020885], [-88.59882000013563, 44.89888200010671], [-88.59861199972318, 44.89907999988667], [-88.59817200040543, 44.89957599982584], [-88.5971560004292, 44.898876000199174], [-88.5962989995633, 44.89940700009365], [-88.59753600037078, 44.90009599970405], [-88.59739999992836, 44.90016800020737], [-88.59720699958451, 44.90023899970512], [-88.59682099979513, 44.90030999975145], [-88.59674299997732, 44.900334000052034], [-88.59577200020694, 44.89982499974982], [-88.59551299974085, 44.89969800015588], [-88.59509299961627, 44.89938600028802], [-88.59542099967935, 44.899213000082355], [-88.5983890001404, 44.897713000249134], [-88.59801000002372, 44.897449999957125], [-88.60021400040364, 44.89627500007952], [-88.60060400039097, 44.89588099968393], [-88.60099199983017, 44.8956190002813], [-88.60117500012826, 44.89542000031137], [-88.60137099994685, 44.89522400011558], [-88.60147600042716, 44.8950259997849], [-88.60147800007698, 44.894828000045244], [-88.60137799961956, 44.89469600026436], [-88.601289999756, 44.89463000026024], [-88.60119900041772, 44.8946319997408], [-88.60101000027183, 44.89463399985768], [-88.60072999988937, 44.89456900016021], [-88.60035099977266, 44.89464000020789], [-88.59997000000617, 44.894645000181065], [-88.59996400015838, 44.89417700029964], [-88.59991800012763, 44.89384500021755], [-88.60018300044148, 44.89374400016121], [-88.60015199958103, 44.893337999909264], [-88.60041900044305, 44.89331600003317], [-88.60094499997452, 44.893229000209416], [-88.6016849997662, 44.89314099985143], [-88.60194699970702, 44.89315199982399], [-88.6021629996171, 44.89321800025158], [-88.60225600040182, 44.89328900005808], [-88.60270300029057, 44.89376700026527], [-88.60321200010362, 44.894421000065776], [-88.60332799955624, 44.89468499995074], [-88.60335000019587, 44.89479499981024], [-88.60329800031734, 44.89508000000057], [-88.60173699964476, 44.8952570001044], [-88.60172199957614, 44.895369999961275], [-88.60162100019211, 44.89567500002074], [-88.60339299985357, 44.89553799974347], [-88.60350500000656, 44.895707000029184], [-88.60359700006808, 44.89604800016667]], [[-88.57442999995999, 44.898198999926805], [-88.57461200043318, 44.89835800009227], [-88.57435100031726, 44.89890900000117], [-88.57393700004049, 44.8988170001203], [-88.57385099982677, 44.899096000218336], [-88.57377300000896, 44.89907099973795], [-88.57331699989938, 44.89896600001951], [-88.5722060003869, 44.89882199973029], [-88.571572999827, 44.898696000135836], [-88.57103300005184, 44.89855799974809], [-88.5707560000424, 44.8985140001635], [-88.5705090001702, 44.898491999722225], [-88.57007700035007, 44.898491999722225], [-88.56985999971677, 44.8985140001635], [-88.56945899985878, 44.89859599999858], [-88.56921299981147, 44.89871100026868], [-88.56893499997713, 44.898876000199174], [-88.5680310001539, 44.89951299993483], [-88.56752200034086, 44.89990799990909], [-88.5671580002928, 44.90024300018502], [-88.56697300034487, 44.90036900020728], [-88.56654099962643, 44.90058900024059], [-88.56638599981572, 44.90064900004578], [-88.5661089998063, 44.900703999706124], [-88.56592300003345, 44.90076999973813], [-88.5658839996754, 44.90079199994403], [-88.56590799996485, 44.90061799987854], [-88.56611200017934, 44.899560999918656], [-88.56574499975822, 44.89961200009619], [-88.56534100042549, 44.899593999963834], [-88.56527699995307, 44.8995719999358], [-88.56504900034744, 44.901219000162264], [-88.56523799959503, 44.901341999811144], [-88.56501699966208, 44.90200200021481], [-88.56478800023153, 44.90191800028344], [-88.56466400038298, 44.90182999986008], [-88.56453399978831, 44.901703000240865], [-88.5644409999019, 44.90155000004643], [-88.56430199998474, 44.90115400027257], [-88.56431000038064, 44.90084599983537], [-88.56428799974104, 44.900582000238074], [-88.56422499999185, 44.900362000177914], [-88.56411100018902, 44.900165000002595], [-88.56388699988302, 44.89988400006701], [-88.56354700012442, 44.89962599970032], [-88.56324699965045, 44.899351000170725], [-88.563089000365, 44.89912600027146], [-88.56391000034758, 44.89881999975908], [-88.564187000357, 44.89866399988173], [-88.56536499981661, 44.89901999971687], [-88.56565500024485, 44.89905500003566], [-88.56611200017934, 44.899560999918656], [-88.56636800027238, 44.89952599990788], [-88.56663299968793, 44.89942599994148], [-88.56683400042769, 44.899316000032115], [-88.56700799960666, 44.89906699981278], [-88.5673209996011, 44.89865799995145], [-88.56746500043946, 44.89855799974809], [-88.56728499961609, 44.8984989999792], [-88.56682600003178, 44.89830500008596], [-88.56740000014213, 44.89794700027678], [-88.56909200033597, 44.8973440001308], [-88.5693059996979, 44.897752000107744], [-88.56958600008039, 44.897656999949], [-88.56933900020817, 44.89717300017323], [-88.56908800013801, 44.89666199984112], [-88.56897599998501, 44.896319999815624], [-88.56897500016011, 44.89629900015528], [-88.56896500011437, 44.896157000250646], [-88.56903700008438, 44.895773000069916], [-88.56923399972787, 44.89540299986632], [-88.5692499996214, 44.89535699968492], [-88.56940500033042, 44.89490500009572], [-88.56942700007173, 44.89470900005372], [-88.56941299982803, 44.89447899982139], [-88.56930200039825, 44.894155999856714], [-88.56901600016799, 44.89372199980409], [-88.56981000038637, 44.893423000045644], [-88.56995599997623, 44.89337200010615], [-88.56997400041791, 44.89346699970749], [-88.57007499980192, 44.89385999970674], [-88.57035600000933, 44.8941190002395], [-88.57026800014576, 44.894643999804636], [-88.56947599957722, 44.89460199988852], [-88.56945899985878, 44.89482199971471], [-88.57016600003851, 44.89494800016168], [-88.57007700035007, 44.895274999685384], [-88.5699750002428, 44.895601999895035], [-88.57054900035317, 44.89492600026517], [-88.57111300041778, 44.895056999785304], [-88.5704959997514, 44.89576699983793], [-88.57027499981845, 44.895704000228], [-88.57013799955111, 44.89565800028739], [-88.5699750002428, 44.895601999895035], [-88.5699049999226, 44.89616200009193], [-88.56987800015843, 44.8964400000004], [-88.56968300016476, 44.896760999820515], [-88.56987399996046, 44.896687000096264], [-88.57015400034297, 44.896611999934585], [-88.57025499972698, 44.896676000163495], [-88.57043200017729, 44.89712599980182], [-88.57052900026167, 44.897447999938194], [-88.57089999998244, 44.89756900000356], [-88.57127999992404, 44.8976899998143], [-88.5713550002671, 44.89770199987634], [-88.57177299984355, 44.8978250000494], [-88.5722840002047, 44.89790900023369], [-88.57249900028985, 44.89790399990801], [-88.57301800014864, 44.89785599981355], [-88.5734170003568, 44.89783999977317], [-88.57363300026687, 44.89785900013881], [-88.57392500034491, 44.89794799995939], [-88.57442999995999, 44.898198999926805]], [[-88.59906700000784, 44.895594999921684], [-88.59906100016005, 44.896330000105756], [-88.59846299976024, 44.89632899975864], [-88.5983890001404, 44.89633099981649], [-88.59818599975081, 44.896542000119624], [-88.59798400008444, 44.89675499969167], [-88.59730500039211, 44.896442999763174], [-88.59737800018704, 44.896057000152254], [-88.59699400004749, 44.89599999979561], [-88.59678700035826, 44.89635099975477], [-88.59629699991348, 44.8962319997331], [-88.59589799970533, 44.89604499974691], [-88.59560599962727, 44.8959200001487], [-88.59501800017152, 44.895541000189674], [-88.59529400035603, 44.89507799989921], [-88.59519700027167, 44.89495899978862], [-88.59494700002641, 44.89441199982414], [-88.59471600004773, 44.894657999982], [-88.59449500011479, 44.89482000024075], [-88.59433199990818, 44.89503299982751], [-88.59421399990738, 44.89518699991274], [-88.59449400028988, 44.895444000107645], [-88.59475200003274, 44.8955049999159], [-88.59473000029142, 44.89570099979031], [-88.59471299967467, 44.8958329998098], [-88.59368199962984, 44.89612299979128], [-88.59347800031365, 44.89618000002599], [-88.59327900012201, 44.89639300030253], [-88.59400100037038, 44.89709800000909], [-88.59403499980725, 44.897131000195195], [-88.59321600037283, 44.89727300023994], [-88.59222200013791, 44.89745899972328], [-88.59208800024362, 44.8974959997369], [-88.59205300008351, 44.897396999750214], [-88.59188400002911, 44.89702600011583], [-88.59265499978295, 44.89685000006793], [-88.59250199962207, 44.89662499992716], [-88.5917929997925, 44.896845000286476], [-88.59160700001966, 44.89649499986881], [-88.5912990000481, 44.89599000008447], [-88.5912360002989, 44.89577000027219], [-88.59125899986513, 44.89565999973222], [-88.591376000041, 44.89555500014861], [-88.59153699969947, 44.89546200026642], [-88.59217799975697, 44.89528700025136], [-88.59225499974987, 44.8952570001044], [-88.59324999980971, 44.89566500025307], [-88.59336500033575, 44.89562200008687], [-88.59367400013224, 44.89551499971139], [-88.59392900040035, 44.89531899983935], [-88.59402300011169, 44.895125000035485], [-88.59255799969857, 44.89489800003758], [-88.59247200038317, 44.894847000133424], [-88.59222399978773, 44.8947870000011], [-88.59206999980194, 44.89478600026352], [-88.591884999854, 44.89485299982503], [-88.59156099998891, 44.895132999797596], [-88.59132900018533, 44.8952859998861], [-88.59118199987222, 44.89533600030928], [-88.5910670002445, 44.89533000003169], [-88.5909740003581, 44.8952859998861], [-88.59092800032732, 44.89523699978562], [-88.59088200029656, 44.89509900000544], [-88.59089800019011, 44.894572000020595], [-88.59088200029656, 44.89424199980385], [-88.59082100019721, 44.89406600014431], [-88.59069700034865, 44.89386800028122], [-88.59060500028714, 44.8936489997447], [-88.59062000035576, 44.89338500019484], [-88.59068300010495, 44.89327500018384], [-88.59084399976342, 44.89312699994116], [-88.59125300001736, 44.892984000071586], [-88.59216400041159, 44.89234699991981], [-88.5925030003453, 44.892166000000095], [-88.59278200000456, 44.89210499983204], [-88.59318200003764, 44.89209400029562], [-88.59362899992638, 44.892053000211476], [-88.59407800036327, 44.89196299975354], [-88.5944470004342, 44.89195200018997], [-88.59478800001776, 44.89200699989604], [-88.59528099993726, 44.89211699978676], [-88.59583699960595, 44.89216099981144], [-88.59592000034493, 44.8921759997398], [-88.59593600023845, 44.89227799978552], [-88.59588799965957, 44.89274200011866], [-88.59528000011234, 44.892931999973015], [-88.59485599978981, 44.89285499982634], [-88.59483200039868, 44.89285400005517], [-88.59417299989951, 44.893194000162694], [-88.59361600040592, 44.89324899995376], [-88.59323800011413, 44.89330800001829], [-88.59258100016311, 44.89349400023541], [-88.59240799991075, 44.89381900024522], [-88.59183899982325, 44.89394600009652], [-88.59190300029567, 44.894289999733225], [-88.59265399995805, 44.89445399987902], [-88.59360899983491, 44.894433000173635], [-88.59408800040902, 44.894621999791816], [-88.59419499964082, 44.8942069997373], [-88.59480399991128, 44.89396100019575], [-88.59476999957609, 44.893505999900306], [-88.59566099987886, 44.89323799999979], [-88.59528500013522, 44.89370800003525], [-88.59568699981811, 44.89412500000705], [-88.59587799961382, 44.89419199970224], [-88.596248000408, 44.894258000209035], [-88.59643800037878, 44.89445899986836], [-88.59652600024233, 44.89466000009797], [-88.59662499997654, 44.894927999735444], [-88.596713999665, 44.895060999989376], [-88.5969039996358, 44.89526299975323], [-88.59727299970675, 44.89539599986875], [-88.59765400037158, 44.895530000037695], [-88.59793499968066, 44.89559600028157], [-88.59831600034546, 44.895594999921684], [-88.59878699962535, 44.895661999813335], [-88.59906700000784, 44.895594999921684]], [[-88.5759010002209, 44.91042399992459], [-88.5758390002966, 44.91091299995233], [-88.57573100034158, 44.91119299996844], [-88.57553100032503, 44.91152200015291], [-88.57541499997407, 44.911763999954694], [-88.57522900020123, 44.912566000115525], [-88.57516599955373, 44.91267600011991], [-88.57506599999462, 44.91281399970047], [-88.57491200000884, 44.912962000163866], [-88.57474100030461, 44.91307200004648], [-88.57455700018158, 44.913121000215554], [-88.57440300019582, 44.913121000215554], [-88.57420400000417, 44.913089999775906], [-88.5740240000791, 44.91300500008521], [-88.57354500040333, 44.91263099982552], [-88.57333799981578, 44.91249399987142], [-88.57304099971486, 44.912377999747875], [-88.57320599957129, 44.91168299989524], [-88.57309799961627, 44.91121000019817], [-88.57331900044751, 44.9110380000372], [-88.57361900002316, 44.91071600030497], [-88.57368900034336, 44.910652999897415], [-88.5731920002259, 44.910311999855686], [-88.57401300020848, 44.909867000277124], [-88.57434499957117, 44.91022699987355], [-88.57475300000017, 44.909823999916554], [-88.57408500017848, 44.90874599977669], [-88.57381499984176, 44.90832300003081], [-88.5732259996628, 44.90785299984327], [-88.57321800016517, 44.90805499983979], [-88.57348199975583, 44.90845900024804], [-88.57347699973295, 44.908591999742235], [-88.57279100036791, 44.908592999876], [-88.57239299998466, 44.90839300013601], [-88.5722900000525, 44.90805700012594], [-88.57292199988915, 44.907979999873554], [-88.5730220003466, 44.90788500007273], [-88.573079000248, 44.907743000151385], [-88.57309099994357, 44.907587000308325], [-88.57304999993568, 44.90743699969294], [-88.57292799973695, 44.90713600030988], [-88.57285099974405, 44.90699499997227], [-88.57250099993969, 44.90761699974821], [-88.57230099992313, 44.907612999781406], [-88.57160799998711, 44.90766899992789], [-88.57111199969455, 44.907457999739044], [-88.57101499961017, 44.90739000007703], [-88.57062100032319, 44.907229999918684], [-88.57031800037448, 44.90710800030195], [-88.56971699960164, 44.90662299974986], [-88.56941299982803, 44.90627900009039], [-88.56984299999833, 44.90605500012287], [-88.57014199974907, 44.905871000178216], [-88.57104599957232, 44.90535600003749], [-88.57119000041067, 44.9054650002916], [-88.5712559996346, 44.90549900031685], [-88.57030800032874, 44.906221000148484], [-88.57011400015999, 44.9063589999582], [-88.57020500039658, 44.90646000012532], [-88.57039500036737, 44.906608999940765], [-88.57057600011734, 44.90642300015395], [-88.57158600024579, 44.90570599996214], [-88.57165200036803, 44.905750999952325], [-88.57181499967633, 44.905970999750934], [-88.57179899978281, 44.90619600022126], [-88.5718599998822, 44.90628399968776], [-88.57199100030174, 44.90632300009508], [-88.57214600011244, 44.90628399968776], [-88.57220800003672, 44.906246000064826], [-88.57226199956509, 44.9061579999039], [-88.5722769996337, 44.90600999973436], [-88.57192299963138, 44.90529000018007], [-88.57159999959119, 44.904783999816416], [-88.57156899962904, 44.90468500028938], [-88.57158399969765, 44.90457500026142], [-88.5716780003073, 44.90447599973819], [-88.57178500043742, 44.90441099971322], [-88.5718470003617, 44.90439400001763], [-88.57194000024813, 44.90439999998561], [-88.57221700025757, 44.90448800029272], [-88.57246400012976, 44.90459799985084], [-88.57320399992147, 44.90487299973419], [-88.57360599960437, 44.90509800004843], [-88.57436100036301, 44.90547800019132], [-88.5745079997778, 44.90561000003489], [-88.57460800023522, 44.905763999787425], [-88.57473100025886, 44.90600500011317], [-88.57479300018315, 44.90620300017655], [-88.57481599974936, 44.9065109999092], [-88.57479300018315, 44.906691999849826], [-88.5747470001524, 44.9068849999109], [-88.57462300030384, 44.90719200028488], [-88.57453000041741, 44.907587999823335], [-88.57453000041741, 44.907851000186206], [-88.57457499972494, 44.90807100021862], [-88.5748529995593, 44.90875300005764], [-88.57511500039841, 44.90912700010483], [-88.57550899968541, 44.909501000263305], [-88.57570100020435, 44.90976400014384], [-88.57585500019015, 44.91013799997462], [-88.5759010002209, 44.91042399992459]], [[-88.56318499972615, 44.90757099979478], [-88.56340300018437, 44.90792199973923], [-88.56290100004404, 44.90812099970369], [-88.56298300005979, 44.90832400016921], [-88.56275799992889, 44.908663000288605], [-88.56195399966477, 44.90866700018238], [-88.56164999989116, 44.908535999858756], [-88.56139799999607, 44.90837299993286], [-88.56186499997632, 44.90808599981419], [-88.56202499980988, 44.90796299996088], [-88.56185099973261, 44.90783300008846], [-88.5616740001806, 44.90794700018822], [-88.56121999972085, 44.90825900004179], [-88.56021899981323, 44.9073710003161], [-88.55974199978725, 44.90713600030988], [-88.55925700026368, 44.90713399999168], [-88.55896400036072, 44.90686499981929], [-88.5594070000515, 44.90656599968782], [-88.5592949998985, 44.90644900015352], [-88.55918500029365, 44.90640599978085], [-88.55897500023137, 44.906401000194144], [-88.55880399962882, 44.90643700000836], [-88.55864999964304, 44.906502999821356], [-88.55853500001533, 44.90660099986655], [-88.55850700042622, 44.90668499995412], [-88.55851999994671, 44.90673799987048], [-88.55853500001533, 44.9068069998324], [-88.55866200023691, 44.9069659997336], [-88.55900899966824, 44.90727600014501], [-88.55904999967612, 44.90734600025282], [-88.55951099980857, 44.90731099989147], [-88.55970800035038, 44.907442999979544], [-88.55993199975806, 44.90777499980581], [-88.56005200030698, 44.90797499978746], [-88.56007700042133, 44.90823999993192], [-88.56009900016262, 44.908506999761364], [-88.56001700014686, 44.90870500011356], [-88.559759000404, 44.908903999912006], [-88.5591190001714, 44.90860699983808], [-88.55907399996558, 44.90865399973136], [-88.55892599982757, 44.90874500028181], [-88.55828499977005, 44.90904299976861], [-88.55825100033319, 44.909072000231795], [-88.5591479995854, 44.90925399986508], [-88.55906300009492, 44.909390999907956], [-88.55897699988118, 44.90952700014302], [-88.55903200013279, 44.909737999735114], [-88.55919399961617, 44.90989500021352], [-88.55845299999956, 44.91006599986973], [-88.55863899977238, 44.91035499985112], [-88.5588999998883, 44.91033400022726], [-88.55888999984255, 44.910573999743185], [-88.55946300012799, 44.91058600029705], [-88.55941799992215, 44.91076299974606], [-88.5594859996942, 44.910876000302565], [-88.56168900024922, 44.912024000073124], [-88.56129800043698, 44.91246100023301], [-88.5599419998038, 44.91265999975068], [-88.55900700001843, 44.91190000030037], [-88.55790499982847, 44.91217600031202], [-88.55780899956899, 44.91207900030221], [-88.55774699964472, 44.91193100010959], [-88.55771599968257, 44.91174400028834], [-88.55775500004063, 44.91126000013361], [-88.5577170004058, 44.911127999904544], [-88.55760899955246, 44.91095199976369], [-88.55751700038927, 44.91084800020793], [-88.55716900023471, 44.91059999977369], [-88.55706899977729, 44.91045800019772], [-88.55706899977729, 44.91032600003528], [-88.557154999991, 44.91006200007335], [-88.55716400021184, 44.90982000010334], [-88.55711700035619, 44.90959999976693], [-88.55690100044612, 44.90912800022929], [-88.55685399969214, 44.90891899992647], [-88.5568860003775, 44.90885299970642], [-88.55697099986799, 44.90879300019253], [-88.55728700023549, 44.908682999754625], [-88.55743399965026, 44.90861099973576], [-88.55758099996336, 44.90837000015627], [-88.55798299964627, 44.90811699977192], [-88.55821500034817, 44.907898000061415], [-88.55827700027247, 44.90778799981941], [-88.55827700027247, 44.90770000011046], [-88.5582379999144, 44.90762800013273], [-88.55815199970067, 44.90756799997632], [-88.55798299964627, 44.90750700024089], [-88.55750499979538, 44.90737500029979], [-88.55696500002021, 44.90725900002417], [-88.55672599964561, 44.90716599998518], [-88.55659500012436, 44.907051000084586], [-88.55652499980417, 44.90689699996254], [-88.55656400016223, 44.90669899974467], [-88.55664199998003, 44.90658899975312], [-88.55683399960064, 44.90641299971057], [-88.55701199987588, 44.906287000209474], [-88.55716699968659, 44.906204999890946], [-88.5575979996818, 44.90600299975561], [-88.55810099964705, 44.9067219997568], [-88.55851999994671, 44.90673799987048], [-88.55790599965337, 44.90588299980528], [-88.55809300014944, 44.90582600028193], [-88.5583709999838, 44.90579299999625], [-88.55843100025824, 44.90579299999625], [-88.55865600038913, 44.90606200009529], [-88.55851599974875, 44.906099000298966], [-88.55880600017697, 44.90637500017287], [-88.55917900044587, 44.90620899995572], [-88.55930999996711, 44.90619200015558], [-88.55898600010202, 44.90580400009358], [-88.55923600034728, 44.90581599973463], [-88.5599140002147, 44.90589900015244], [-88.56037699999699, 44.90606399981458], [-88.56111699978868, 44.906405000245286], [-88.56148800040776, 44.906503999991465], [-88.56173500027998, 44.90659200025891], [-88.56259100042263, 44.90703799990434], [-88.56285300036346, 44.907196999802785], [-88.56300800017415, 44.90732900015269], [-88.56318499972615, 44.90757099979478]], [[-88.60366300019032, 44.88869100013171], [-88.6032899999214, 44.88870099983915], [-88.6029519998126, 44.888751000259646], [-88.60282799996405, 44.888784000144184], [-88.60242700010606, 44.88901999990469], [-88.60217900040894, 44.88912999978042], [-88.6019020003995, 44.889185000275816], [-88.60156299956746, 44.88921799991141], [-88.60113099974734, 44.889217000077025], [-88.60072200039174, 44.88920599998826], [-88.60056000001005, 44.88916799989687], [-88.6002050001828, 44.88903000019138], [-88.60008100033424, 44.88900799994025], [-88.59986500042417, 44.88900799994025], [-88.5993399998193, 44.889113000021666], [-88.5988469998998, 44.889255000136], [-88.59819900016961, 44.88939799973107], [-88.59798300025955, 44.8894640000117], [-88.59751999957895, 44.8896729997644], [-88.59721099978248, 44.88974400012875], [-88.59687100002384, 44.88976600009836], [-88.59653200009012, 44.88974400012875], [-88.59613100023215, 44.88974400012875], [-88.59566799955155, 44.88978700023508], [-88.59526699969355, 44.88979800021272], [-88.59475799988051, 44.889704999930494], [-88.59423300017397, 44.88955600021871], [-88.59395500033963, 44.8895230001406], [-88.59370900029234, 44.88953400016877], [-88.5932139998247, 44.88961100030675], [-88.59303700027269, 44.889616000080714], [-88.59285200032475, 44.88959400005373], [-88.59258899966072, 44.88950599986156], [-88.59227400001645, 44.88930299977269], [-88.59209599974122, 44.889220000216575], [-88.59185700026492, 44.88917599985119], [-88.59141000037619, 44.88913200008865], [-88.59110099968139, 44.88912700027261], [-88.59082299984702, 44.88915900010604], [-88.58946499956404, 44.88940099986118], [-88.58833099958703, 44.88943899979859], [-88.58727399960291, 44.88940000002992], [-88.58677300018581, 44.88930599990776], [-88.58671100026153, 44.88927400015607], [-88.58666400040586, 44.88919700020338], [-88.5866800002994, 44.88904299998867], [-88.58666500023077, 44.88898799999389], [-88.58659499991059, 44.88891600012958], [-88.58657999984196, 44.88891299997417], [-88.58655999975048, 44.88877299997263], [-88.5868920000115, 44.8887630002777], [-88.58723599996807, 44.88876999980975], [-88.58791600038366, 44.888785999828], [-88.58833700033311, 44.888797999838765], [-88.58909800004123, 44.88889200015473], [-88.58974199957348, 44.88896599972669], [-88.59010099959868, 44.888996999811525], [-88.59214299959687, 44.888969999718036], [-88.59211400018286, 44.88726300025554], [-88.59218199995493, 44.8872530002981], [-88.59233599994072, 44.88726400012389], [-88.59261399977507, 44.88734100011852], [-88.59276799976085, 44.88735799976452], [-88.59316899961885, 44.887336000146796], [-88.59347800031365, 44.88735799976452], [-88.59455799986398, 44.88751200003545], [-88.59545300036471, 44.88768800002209], [-88.59582300026055, 44.88773200025284], [-88.59637800010435, 44.88774399984703], [-88.59671799986296, 44.88772199974048], [-88.59762000003639, 44.88760099995857], [-88.59790600026666, 44.88754599985786], [-88.59815300013886, 44.88746900013766], [-88.59833800008678, 44.887386999710685], [-88.59851600036201, 44.887265999860546], [-88.59861599992112, 44.88715600023883], [-88.5986779998454, 44.886980999770614], [-88.59866299977679, 44.886821000095], [-88.59861599992112, 44.88667299979194], [-88.59865399955596, 44.88660700012749], [-88.59873999976968, 44.88659000025954], [-88.59904799974126, 44.88666199985314], [-88.59966500040763, 44.886882000139146], [-88.59998099987682, 44.887035999775094], [-88.60007399976323, 44.88710200022022], [-88.60017500004557, 44.887211999945244], [-88.60038099990989, 44.88752100008398], [-88.60039500015358, 44.88849999978506], [-88.602387999748, 44.888534000296396], [-88.6031200000421, 44.888534000296396], [-88.60328700044668, 44.88862900025199], [-88.60366300019032, 44.88869100013171]], [[-88.72073900015336, 44.906420000275645], [-88.71956800036642, 44.90740999998597], [-88.71994900013296, 44.908269000164026], [-88.72069899997038, 44.9084189998807], [-88.72071499986393, 44.9102360001845], [-88.71954699955171, 44.91059399981663], [-88.71887399970716, 44.90979499983279], [-88.71872800011731, 44.90961799994751], [-88.7193900000912, 44.909400999833295], [-88.71970999975834, 44.909295999894354], [-88.71943399957382, 44.90888000000803], [-88.71794300011975, 44.90937999986084], [-88.71812399986973, 44.90961300000395], [-88.71818900016704, 44.90969700014337], [-88.71785199988315, 44.90979900028397], [-88.71642500000318, 44.91023299986892], [-88.7151310001926, 44.9092639998142], [-88.71550000026355, 44.90912700010483], [-88.71549900043864, 44.90893500006479], [-88.714306999837, 44.90897600020008], [-88.71430500018718, 44.90946999977961], [-88.71358399976374, 44.90956199979125], [-88.71362999979449, 44.90895500007234], [-88.71318399973065, 44.90895699969099], [-88.71060199995728, 44.91018100010023], [-88.7112930002435, 44.90925299974281], [-88.71173299956124, 44.90882700015804], [-88.7117939996606, 44.908863999854404], [-88.71179000036096, 44.90851400007141], [-88.71313799969988, 44.908517999975516], [-88.71441399996712, 44.908517999975516], [-88.71441099959408, 44.907892999968254], [-88.71512600016975, 44.90763399976316], [-88.71591399964203, 44.907937000009916], [-88.71645599996533, 44.907503999782904], [-88.71563499998277, 44.90714199999172], [-88.71439300005073, 44.907621999865434], [-88.71436600028655, 44.90724000021999], [-88.713645999688, 44.90724400021279], [-88.71349599990018, 44.90693199993973], [-88.7135679998702, 44.906548999993205], [-88.71881799963067, 44.90656299981692], [-88.71980199981985, 44.905836000191215], [-88.72073900015336, 44.906420000275645]], [[-88.61174199959636, 44.88205400012673], [-88.61150099957193, 44.88205400012673], [-88.61100699982752, 44.88213100009364], [-88.61069800003105, 44.88215299979251], [-88.61039000005947, 44.88203800014547], [-88.61011999972271, 44.88201499980658], [-88.61008100026298, 44.88198299981791], [-88.61005600014863, 44.88175999999949], [-88.60971100036713, 44.881856000284166], [-88.6094639995966, 44.881861000095725], [-88.6092800003719, 44.88194400008616], [-88.60914899995232, 44.88189999988374], [-88.60916300019603, 44.880679000097864], [-88.60834300003839, 44.880647999985996], [-88.60695299996833, 44.880595000207805], [-88.6067959996095, 44.88058900030187], [-88.60678899993681, 44.881709999867326], [-88.60662499990529, 44.88175099968613], [-88.60647000009459, 44.881806000235485], [-88.60619399991006, 44.8819329998796], [-88.6058230001893, 44.882151999835315], [-88.60539300001898, 44.88247599969692], [-88.6051829999567, 44.88231700017551], [-88.60510000011604, 44.882272000303274], [-88.60575500041725, 44.881964999896034], [-88.60573699997558, 44.880539999773795], [-88.60579300005206, 44.87969299969109], [-88.60593199996924, 44.87756199981621], [-88.60875300011722, 44.87762100005803], [-88.60991800005635, 44.877646999713875], [-88.61156900024231, 44.877682000309214], [-88.6116310001666, 44.87989599995796], [-88.61103500031493, 44.87988599999293], [-88.61104000033781, 44.88025700007737], [-88.61104899966031, 44.8807800001822], [-88.61145299989137, 44.88080199976113], [-88.61164100021233, 44.88081500014484], [-88.61174199959636, 44.88205400012673]], [[-88.55438800026971, 44.898258000003516], [-88.5542119996443, 44.898366999716316], [-88.55384099992354, 44.89853199999762], [-88.55350199998982, 44.89857000026528], [-88.55333999960811, 44.898559000056395], [-88.55276100037321, 44.898442999808275], [-88.55217499966896, 44.89827300025063], [-88.55188199976601, 44.8982060002195], [-88.55148099990802, 44.8982060002195], [-88.55132699992222, 44.89822800013386], [-88.55117200011152, 44.8982060002195], [-88.55100200023222, 44.89813500012031], [-88.5509029995997, 44.89805700025985], [-88.5508180001092, 44.89794700027678], [-88.55059399980323, 44.89754600014747], [-88.55050900031272, 44.897497000063716], [-88.5504170002512, 44.89748600028594], [-88.55031599996887, 44.89751300019954], [-88.55027699961082, 44.897550999867974], [-88.5502540000446, 44.89774899977695], [-88.55029300040265, 44.897969000290225], [-88.55041600042628, 44.898299000118215], [-88.55044700038844, 44.89847500018533], [-88.55040700020547, 44.89855700007603], [-88.5502759997859, 44.898640000156725], [-88.55005999987583, 44.89865599997454], [-88.54975899957697, 44.898601000264065], [-88.54900299989173, 44.89829799980536], [-88.54857699991938, 44.898202000234164], [-88.5483180003516, 44.89814399977925], [-88.5480239997254, 44.89813799979466], [-88.54749900001886, 44.89825299970815], [-88.54737599999521, 44.89830199978402], [-88.54703600023657, 44.89850000028857], [-88.54654900016487, 44.898746999807955], [-88.54652599970034, 44.8987909998506], [-88.54653400009626, 44.8988619997761], [-88.54660299969323, 44.89892200011079], [-88.5467349999377, 44.89891699987321], [-88.54725100032174, 44.89873600026931], [-88.54762200004251, 44.89865399999755], [-88.54793000001408, 44.89860999985007], [-88.5481769998863, 44.89860999985007], [-88.5487629996922, 44.89870400003746], [-88.54941100032072, 44.89890300009642], [-88.54975199990426, 44.89896900028685], [-88.55095399965333, 44.89908500011013], [-88.5511770001344, 44.899139999993906], [-88.5517260001304, 44.899409999701646], [-88.55200300013983, 44.899525000252694], [-88.55221999987482, 44.89965200022876], [-88.5524659999221, 44.89976200013164], [-88.55286799960501, 44.89990499969076], [-88.55342300034711, 44.90001000023968], [-88.55376200028083, 44.90010299976575], [-88.55394800005367, 44.90017999975221], [-88.5542950003833, 44.90037899979318], [-88.5543370002161, 44.900419000028464], [-88.55218200023998, 44.9008109999705], [-88.55193700001759, 44.900600000061125], [-88.5513450003639, 44.900213999721664], [-88.55089599992702, 44.89994700018784], [-88.55041399987816, 44.89980600003383], [-88.54919000038778, 44.89970299968926], [-88.54880299987516, 44.89962800027982], [-88.54832000000141, 44.899453999873266], [-88.54790400007481, 44.89935300012346], [-88.54756699979092, 44.89937099969493], [-88.54732499994158, 44.89946800015218], [-88.54682500034939, 44.8997279998949], [-88.54651800020272, 44.89983899993844], [-88.54628300002608, 44.89982900025858], [-88.54594200044255, 44.899720000135694], [-88.54564699999143, 44.89955700002758], [-88.54539500009638, 44.899293999897715], [-88.5453830004008, 44.899271999754895], [-88.54468600026681, 44.899401999898245], [-88.54456499989298, 44.898859000139524], [-88.5449180000704, 44.89867999969286], [-88.54522400039214, 44.89852499974461], [-88.54530499968467, 44.898366999716316], [-88.54534800024071, 44.898311999729415], [-88.54441599993005, 44.89831100005311], [-88.54452899990797, 44.897841999778464], [-88.54454399997658, 44.897762999834676], [-88.54532800014921, 44.89802900028411], [-88.54554999990708, 44.897754999802075], [-88.54549300000566, 44.897725999992865], [-88.5449189998953, 44.89744100018956], [-88.54495300023049, 44.897373999825334], [-88.5453270003243, 44.897263000113846], [-88.54590999975719, 44.89737700017574], [-88.54612099964437, 44.89744100018956], [-88.54630800014043, 44.89723899980408], [-88.54648899989041, 44.89700300004255], [-88.54665999959464, 44.8967210002222], [-88.54758900043053, 44.89704100004803], [-88.5477969999447, 44.89711200022536], [-88.54839000032162, 44.89724699990842], [-88.54848400003294, 44.89719000009506], [-88.5486289997979, 44.897091999915396], [-88.54810200044153, 44.89665099990357], [-88.54938700003127, 44.896010000141345], [-88.54971099989636, 44.8964480002159], [-88.55004099960925, 44.89640799976349], [-88.55026999993812, 44.89640499999888], [-88.55029000002959, 44.89592700008249], [-88.55155500042619, 44.89614400015226], [-88.55213700003414, 44.8964220001477], [-88.55263800034956, 44.89703800031644], [-88.55264699967208, 44.897311000066985], [-88.5527460003046, 44.89751599990633], [-88.55294799997095, 44.897564000284625], [-88.55322300033058, 44.89764000016529], [-88.55336800009552, 44.89764000016529], [-88.55405299963564, 44.89771199992609], [-88.55438800026971, 44.898258000003516]], [[-88.5823939997383, 44.89968500022171], [-88.58237600019496, 44.89970099974869], [-88.58220600031565, 44.899942999687326], [-88.58199000040558, 44.90040399970489], [-88.58181999962794, 44.90065099995338], [-88.58157799977862, 44.90086699974402], [-88.58053800041125, 44.900471999995084], [-88.58025800002876, 44.90035399987065], [-88.58093500007128, 44.899534999985384], [-88.5800060001337, 44.89923500024776], [-88.57953099975752, 44.89922200020891], [-88.57871599962276, 44.899316000032115], [-88.5776410000953, 44.899468999808356], [-88.57829399984837, 44.90045099994211], [-88.57809800002978, 44.90095999979288], [-88.57767299988235, 44.901312000278004], [-88.57656599966953, 44.901834999844375], [-88.57662400029416, 44.90188200018439], [-88.57708799990134, 44.902143999683375], [-88.57738800037531, 44.9022320002624], [-88.5774090002917, 44.90218099986373], [-88.57753499979009, 44.90205899971203], [-88.57781599999748, 44.90187799981849], [-88.57846000042804, 44.902762000105646], [-88.5785499999414, 44.90288400003807], [-88.57800299959523, 44.90351700029258], [-88.578232999749, 44.903574000196606], [-88.57819500011416, 44.90383399982328], [-88.57835499994773, 44.90386399994928], [-88.5784860003673, 44.90356300030884], [-88.57879199979075, 44.903549999976015], [-88.57882299975289, 44.903557000253464], [-88.5788599995628, 44.903397999830865], [-88.579078000021, 44.902806000257165], [-88.57921000026549, 44.90282599985217], [-88.5797040000099, 44.9028589999322], [-88.5800429999436, 44.90292000014602], [-88.58016699979217, 44.902958000058725], [-88.5810000003686, 44.903349000280286], [-88.58109499990485, 44.90336999991098], [-88.58086599957599, 44.904112000178934], [-88.58063499959731, 44.90403299994225], [-88.57918599997605, 44.90364300013872], [-88.57882299975289, 44.903557000253464], [-88.5787680003996, 44.90369399987674], [-88.57938699981749, 44.90386999997257], [-88.57932200041847, 44.90403499973213], [-88.57817800039572, 44.903948000218726], [-88.57819500011416, 44.90383399982328], [-88.57790700023408, 44.90382100018801], [-88.57787799992175, 44.903937999981], [-88.57704900044159, 44.90401399970807], [-88.57701699975624, 44.90395199980432], [-88.57687899966395, 44.9037540002592], [-88.57677099970893, 44.90353400024756], [-88.57666399957881, 44.90314900011024], [-88.57659300033202, 44.90301699970595], [-88.57644699984382, 44.90296799983063], [-88.576261000071, 44.902967000235286], [-88.57552100027928, 44.90308800013944], [-88.57539800025563, 44.90308800013944], [-88.57516599955373, 44.90306000006858], [-88.57498900000172, 44.90299400012029], [-88.57494399979589, 44.90296799983063], [-88.5745649996792, 44.90274699975711], [-88.57447199979279, 44.902631999924054], [-88.57447199979279, 44.90254399995734], [-88.57451799982354, 44.90247800005291], [-88.57484300041186, 44.90217400005498], [-88.57611700013096, 44.90159399985293], [-88.57591499956628, 44.90143299984761], [-88.57565699982342, 44.90137899987133], [-88.57528399955451, 44.90131400016253], [-88.57510899965233, 44.901300999957435], [-88.57459399999152, 44.90197600011282], [-88.57413299985906, 44.90210899997242], [-88.57391600012409, 44.90212000013838], [-88.57374700006969, 44.902071000134804], [-88.57322999986074, 44.901862000261], [-88.57289799959972, 44.90176800014614], [-88.57245800028198, 44.90168000012949], [-88.5722280001282, 44.90149900031532], [-88.57175799977492, 44.900926999895404], [-88.57154799971265, 44.90071800031699], [-88.5713400001985, 44.90054200011619], [-88.57103200022692, 44.90032199990302], [-88.57071599985943, 44.90013499985532], [-88.57064700026245, 44.9000359999581], [-88.5706859997222, 44.899942999687326], [-88.57073099992805, 44.899893000088476], [-88.57084700027902, 44.89982799997234], [-88.5710020000897, 44.89977300011033], [-88.57137100016064, 44.89970099974869], [-88.57168099978203, 44.89971800019572], [-88.5720509996779, 44.89981199984436], [-88.57232400038768, 44.899911000127226], [-88.5727920001928, 44.90008099993253], [-88.57319300005082, 44.90019100028725], [-88.5735010000224, 44.90030099979526], [-88.57384099978101, 44.90037899979318], [-88.57395600030706, 44.900397999956134], [-88.57377899985674, 44.90100999973638], [-88.5737139995594, 44.90115199974617], [-88.57408199980544, 44.90119099981744], [-88.57425000003494, 44.901197999745825], [-88.57428699984486, 44.901077000317954], [-88.57452200002149, 44.900473000270075], [-88.57482900016815, 44.900494000315014], [-88.57593899985572, 44.90050599979187], [-88.57615599959068, 44.90053300019631], [-88.5762889996601, 44.90057500023464], [-88.57647199995819, 44.90066600021251], [-88.57668000037064, 44.900824999918996], [-88.57677300025708, 44.900857999875015], [-88.57688100021211, 44.9008470001039], [-88.576958000205, 44.9007970000186], [-88.57698900016713, 44.90075399987226], [-88.57696599970261, 44.90062199969581], [-88.57663500016481, 44.90024300018502], [-88.57647199995819, 44.90010000019396], [-88.57628000033756, 44.89996700014106], [-88.57587799975636, 44.89974799992431], [-88.57572399977056, 44.899687000162835], [-88.57568699996064, 44.8996789997616], [-88.57614899991799, 44.89909400025671], [-88.57655399997395, 44.899077000261464], [-88.57667100014983, 44.899068000112266], [-88.57662299957092, 44.898986000313975], [-88.57924600025049, 44.89844000014983], [-88.57971499988055, 44.89843800016533], [-88.5801829996857, 44.89836800002798], [-88.58093099987333, 44.89856800028531], [-88.58134400032519, 44.89870400003746], [-88.58140299987643, 44.898354999793064], [-88.58230400022494, 44.89852699972608], [-88.58223399990473, 44.899323999847525], [-88.5823939997383, 44.89968500022171]], [[-88.54182099973791, 44.897849999798915], [-88.54192799986802, 44.897931999944625], [-88.54147099993354, 44.89811900015757], [-88.54086199966308, 44.89780400030233], [-88.54100099958026, 44.89819699993397], [-88.54022399997862, 44.89869699980544], [-88.53997499955828, 44.89851699981808], [-88.5397579998233, 44.89839599983859], [-88.54052699992732, 44.89795999996755], [-88.54000700024366, 44.897616999701256], [-88.5391090002682, 44.898033999962614], [-88.53874199984708, 44.89782900006097], [-88.53817100010977, 44.897433000112215], [-88.53794000013109, 44.89724600021361], [-88.53786999981088, 44.897229000308386], [-88.5378010002139, 44.897244999882474], [-88.53772400022102, 44.89732199987823], [-88.5377090001524, 44.89741000020173], [-88.53776900042685, 44.897673999727736], [-88.53776100003094, 44.89776200014883], [-88.53750599976281, 44.89823400010905], [-88.5374770003488, 44.898267999956566], [-88.53658500022115, 44.89798599997667], [-88.5365609999317, 44.8981579997408], [-88.5363929997022, 44.898356000104926], [-88.53705200020137, 44.89868499995105], [-88.53687300010122, 44.8989149999053], [-88.53663399972662, 44.89912899989412], [-88.53654099984023, 44.899179000157304], [-88.53641699999166, 44.89921199978544], [-88.53604700009579, 44.89920000003854], [-88.53504399964005, 44.89899600014046], [-88.53475800030807, 44.898918999841044], [-88.53463500028444, 44.89882500000509], [-88.53445700000921, 44.89851800012708], [-88.53441199980335, 44.898330999939084], [-88.53443500026789, 44.89820400022687], [-88.53454999989565, 44.89815500006749], [-88.53477599985143, 44.89813799979466], [-88.53489899987508, 44.89812799981902], [-88.53517599988452, 44.89806199993591], [-88.53562299977327, 44.89791999993058], [-88.5362799997243, 44.89757399972206], [-88.53679000026055, 44.8972060003163], [-88.53691400010912, 44.89714000001128], [-88.53718400044585, 44.89704700014704], [-88.53744600038667, 44.897009000145566], [-88.5375540003417, 44.89697599988944], [-88.53775600000806, 44.89683799982809], [-88.53783999967365, 44.89658599994055], [-88.53787200035902, 44.89623999997758], [-88.53778000029752, 44.89599299987072], [-88.53757899955774, 44.89566300017206], [-88.53735500015009, 44.89541499976926], [-88.53714799956252, 44.89527199986167], [-88.53699399957674, 44.895189999740886], [-88.53673199963592, 44.89509600017254], [-88.53642299983943, 44.895018999741495], [-88.53612999993646, 44.89500199981422], [-88.53600600008792, 44.89502400031804], [-88.53592900009502, 44.895084999935484], [-88.53590499980558, 44.89523300023012], [-88.53603600022514, 44.89562900005692], [-88.53610700037024, 44.89577500014711], [-88.53614400018017, 44.89584899977231], [-88.53627499970142, 44.8960440000312], [-88.53654400021325, 44.896442000054385], [-88.5365979997416, 44.896639999963966], [-88.53658299967302, 44.896706000206535], [-88.53652900014464, 44.89677700016119], [-88.53646600039544, 44.89681600001827], [-88.53631300023457, 44.89686000026584], [-88.53606499963914, 44.89682699992426], [-88.53579500020072, 44.89672199992614], [-88.5357729995611, 44.89670400016172], [-88.53627499970142, 44.8960440000312], [-88.53458800042877, 44.8955480001696], [-88.53450100039014, 44.89564799988044], [-88.53568200022282, 44.89608699988186], [-88.53552200038924, 44.896433000129065], [-88.53547999965814, 44.89639699977736], [-88.53534099974095, 44.896332000163575], [-88.5352179997173, 44.896314999988086], [-88.53506299990661, 44.89635299981186], [-88.53497000002018, 44.8964130002193], [-88.53486899973785, 44.896501000024834], [-88.53470700025447, 44.89670499986595], [-88.53447499955256, 44.89689700002858], [-88.53413599961885, 44.89702800014945], [-88.53382699982235, 44.89723099969858], [-88.53370399979872, 44.897275000264955], [-88.53357999995015, 44.89729200015662], [-88.53342500013946, 44.89728600008314], [-88.5332870000472, 44.89725799973195], [-88.53307899963472, 44.89716999981223], [-88.53290200008271, 44.89706000004133], [-88.5326469998146, 44.89684599998826], [-88.53223099988799, 44.896312000218636], [-88.53216099956778, 44.89625700017518], [-88.53202300037384, 44.896202000079136], [-88.53154399979972, 44.89614699993048], [-88.53112799987314, 44.89613599989441], [-88.53057200020443, 44.89623999997758], [-88.53032500033221, 44.89626699983991], [-88.53004699959956, 44.89626699983991], [-88.52985400015403, 44.89622200006229], [-88.52976200009253, 44.896157000250646], [-88.52967699970371, 44.89605200030185], [-88.52953199993875, 44.89542599994319], [-88.52943200037964, 44.89507399969627], [-88.52927900021876, 44.89465599986596], [-88.52924800025664, 44.894441999775594], [-88.52918700015726, 44.894309999745026], [-88.5289090003229, 44.894061999870985], [-88.52863200031348, 44.89372100004795], [-88.52830800044839, 44.89348499984874], [-88.52815399956427, 44.89340199996373], [-88.52773000014005, 44.89322600027898], [-88.52701200008966, 44.89302800006936], [-88.52685800010389, 44.89297099989224], [-88.52752599992556, 44.89233599979327], [-88.52754699984195, 44.89234699991981], [-88.52900600040729, 44.893180000265325], [-88.5299780000026, 44.893755999773944], [-88.53070699992364, 44.89413500004246], [-88.53088400037397, 44.8942280001616], [-88.53103900018466, 44.89427800023192], [-88.53056600035664, 44.89475599985521], [-88.53042700043947, 44.89509499980401], [-88.52969900034334, 44.89513099969808], [-88.52981300014613, 44.89548399995793], [-88.53019100043791, 44.895796999718826], [-88.53106400029903, 44.89536900023383], [-88.53154399979972, 44.89516099991077], [-88.5316049998991, 44.895162000278205], [-88.53201099977997, 44.895222999749215], [-88.53234200021608, 44.89532500011808], [-88.53263699976884, 44.89547499988267], [-88.53315200032797, 44.895787999692594], [-88.53344699988075, 44.895918000076556], [-88.53367299983658, 44.89595499980905], [-88.53393599960229, 44.89593800015852], [-88.53421400033497, 44.895827000220436], [-88.53438000001633, 44.89570499994963], [-88.53449600036727, 44.8954900002194], [-88.53449499964404, 44.89507599979777], [-88.53436300029787, 44.89430399999677], [-88.53595900023224, 44.89417700029964], [-88.53651999992381, 44.894162000256806], [-88.53724800001996, 44.894163000005236], [-88.53776699987871, 44.8942069997373], [-88.53776100003094, 44.89433800025893], [-88.53783200017605, 44.89451700022203], [-88.53807200037556, 44.894779999928595], [-88.53886200039598, 44.89457699999968], [-88.54001499974125, 44.89645099997826], [-88.53913600003237, 44.89668399970985], [-88.5391589995986, 44.89675499969167], [-88.53927499994954, 44.89687199986474], [-88.54034500035246, 44.8967210002222], [-88.54182099973791, 44.897849999798915]], [[-88.5155390002502, 45.05918600028604], [-88.51556099999151, 45.061010000036354], [-88.51547099957983, 45.06101100005261], [-88.51545100038666, 45.06268400021826], [-88.5133349998703, 45.06270399995447], [-88.51020199955278, 45.062698000034324], [-88.51021800034464, 45.06002699970975], [-88.50797999962953, 45.06002000010968], [-88.50555100001702, 45.060012999874175], [-88.5049929998002, 45.060012999874175], [-88.50498699995242, 45.05909799978689], [-88.5047250000116, 45.05910099993595], [-88.50263000030994, 45.059129000050284], [-88.50265399970108, 45.057646999992485], [-88.50497299970873, 45.057653999883094], [-88.50498699995242, 45.05909799978689], [-88.50724800023373, 45.05906800019146], [-88.50730599996007, 45.05906800019146], [-88.50737399973211, 45.05906800019146], [-88.5099499996577, 45.059094000222466], [-88.51186899963227, 45.05916099971096], [-88.51300799963214, 45.05918600028604], [-88.51386700014785, 45.059188999795914], [-88.5146949998031, 45.05919199994019], [-88.5155390002502, 45.05918600028604]], [[-88.62338600003835, 44.89118299985551], [-88.62339299971106, 44.89141999975128], [-88.62328200028129, 44.8915629996913], [-88.62285200011098, 44.89174899982447], [-88.62258299959915, 44.891818999746135], [-88.62194400008977, 44.89183500018905], [-88.62186600027198, 44.89181100015943], [-88.621966999656, 44.89236600019123], [-88.62195300031061, 44.89259699974054], [-88.62186299989892, 44.89279599993348], [-88.62107299987852, 44.892787999846256], [-88.6210589996348, 44.892632000150584], [-88.62102600002284, 44.892248999759765], [-88.62093999980911, 44.892189000098845], [-88.62087700005992, 44.891576999982256], [-88.61990200009157, 44.89136699971435], [-88.61990600028953, 44.89189500021923], [-88.62046199995824, 44.89218499969496], [-88.62046199995824, 44.89245200026964], [-88.62036099967588, 44.892787999846256], [-88.62036099967588, 44.89339100003898], [-88.62016900005526, 44.893726000101026], [-88.6199890001302, 44.8939269997107], [-88.61969500040233, 44.894127000141566], [-88.61941300037005, 44.894329000004305], [-88.61904099992604, 44.89446199973448], [-88.61856800009804, 44.89452799993141], [-88.61818399995848, 44.894594999793455], [-88.6178120004128, 44.89452799993141], [-88.61751799978661, 44.89439300022868], [-88.61751799978661, 44.89412400025797], [-88.61742800027324, 44.893855000301706], [-88.61742700044832, 44.89365399980403], [-88.6177089995823, 44.89365500019768], [-88.6179909996146, 44.89358799987682], [-88.6182850002408, 44.89358799987682], [-88.61846400034095, 44.893521000114305], [-88.61875800006882, 44.89345400027372], [-88.61893799999388, 44.893319999721996], [-88.61893700016898, 44.89278400012043], [-88.61903900027622, 44.89244799988404], [-88.61903799955299, 44.891911000004576], [-88.61923000007192, 44.89184400019757], [-88.6193199995853, 44.891778000102356], [-88.61942099986763, 44.89164400010036], [-88.61942000004271, 44.89150999978616], [-88.61931700011057, 44.8912459999634], [-88.61906199984243, 44.891194000202574], [-88.61850100015087, 44.89113899971903], [-88.61795499962962, 44.89115300011325], [-88.61766900029767, 44.89124800019804], [-88.61743800031897, 44.89140000000726], [-88.61730000022672, 44.89162800024073], [-88.61726199969357, 44.891778000102356], [-88.6173139995721, 44.89206999973768], [-88.61755499959652, 44.8921379997015], [-88.61773299987175, 44.892163000014214], [-88.61800200038358, 44.89219899983455], [-88.61805199971398, 44.89227999998427], [-88.61816999971477, 44.89246299973758], [-88.61805300043721, 44.89279200020821], [-88.61783599980392, 44.893055000166974], [-88.61742800027324, 44.893183999963604], [-88.61715000043888, 44.89325600021267], [-88.61676999959897, 44.89319499992795], [-88.61649199976463, 44.89306699992348], [-88.61650500018342, 44.89234499972339], [-88.61633199993105, 44.89195200018997], [-88.61604499987588, 44.89162699981181], [-88.61567800035309, 44.891499000135944], [-88.61548699965905, 44.89140000000726], [-88.61565300023872, 44.89179900014087], [-88.61577299988933, 44.89206500017704], [-88.615827000316, 44.892177999942085], [-88.61592299967714, 44.89258799984985], [-88.61573299970635, 44.892725000154726], [-88.60991899988127, 44.89406900003093], [-88.60922000009744, 44.89353100025479], [-88.60901500005804, 44.89361499971154], [-88.60859999995633, 44.89372499970866], [-88.6083799998483, 44.8937720003143], [-88.60820099974816, 44.894051999822835], [-88.6078440002711, 44.8942360000485], [-88.60747400037525, 44.89428899998701], [-88.60683099976961, 44.89439999971196], [-88.60638399988086, 44.89438499972723], [-88.605829999862, 44.894431000049764], [-88.60547099983678, 44.894550999721865], [-88.60538100032342, 44.894740999963375], [-88.60530000013256, 44.89493199994853], [-88.60543400002686, 44.89515500025131], [-88.60549799960097, 44.895259999928896], [-88.6050919997201, 44.89524899972315], [-88.60484900004586, 44.8952940002622], [-88.60484900004586, 44.89533999985761], [-88.60508000002453, 44.89530100027218], [-88.60572899957965, 44.89531800011102], [-88.60574600019642, 44.895784999895646], [-88.60503999984157, 44.895666999697646], [-88.60484599967282, 44.89562999977984], [-88.60371599989377, 44.89565499984734], [-88.60364300009883, 44.89543200021076], [-88.6036129999616, 44.89477299985519], [-88.60353599996871, 44.89450899973784], [-88.60328900009651, 44.89413599979136], [-88.6028730001699, 44.893718000143174], [-88.60278000028347, 44.89358599972357], [-88.60264200019121, 44.89323400030526], [-88.60263399979529, 44.89310200004749], [-88.60265700025982, 44.89301499989995], [-88.60279700000191, 44.89281700023663], [-88.60291199962963, 44.892706999775605], [-88.60303499965329, 44.892629999964086], [-88.60338199998293, 44.89253699980632], [-88.60349699961066, 44.892518000227746], [-88.60378399966582, 44.89247099987001], [-88.6039379996516, 44.89245999976719], [-88.60412299959953, 44.89247099987001], [-88.60467800034164, 44.89254199996233], [-88.60494000028245, 44.892629999964086], [-88.60506900015388, 44.89273699998003], [-88.60518799997958, 44.89321300015434], [-88.60524900007894, 44.893345000157346], [-88.60532600007183, 44.893426999727026], [-88.60541999978317, 44.89347100002221], [-88.60571199986121, 44.89347100002221], [-88.60636100031464, 44.8933560000909], [-88.60666900028622, 44.89324600002437], [-88.60679300013477, 44.89318600013085], [-88.60681900007403, 44.89315999986058], [-88.606935000425, 44.89320800005666], [-88.6075620002388, 44.89317599993041], [-88.60795200022612, 44.8935370000837], [-88.6083370001906, 44.89359599985276], [-88.60848399960538, 44.893668000222355], [-88.60852999963615, 44.89332999989744], [-88.60856599962116, 44.89304100023577], [-88.60856399997132, 44.89291099971181], [-88.6085980003065, 44.89291099971181], [-88.60881400021658, 44.89284500020471], [-88.60904500019525, 44.89265299987728], [-88.60916900004382, 44.892575999993404], [-88.60929299989238, 44.89253200028627], [-88.61049600036468, 44.89235100031243], [-88.6114839998535, 44.89210400004784], [-88.61188499971149, 44.89204400023565], [-88.61196199970439, 44.892088000316186], [-88.61200000023754, 44.89221999971934], [-88.61204700009321, 44.89223600005068], [-88.61210099962156, 44.89223099986806], [-88.61234800039207, 44.89194999997981], [-88.61250200037787, 44.891862000210395], [-88.61271800028793, 44.89183500018905], [-88.61336600001813, 44.89180200014574], [-88.61447800025384, 44.89171499994085], [-88.61472400030114, 44.89164300030814], [-88.61506400005976, 44.891477999987885], [-88.61527999996983, 44.89140699985481], [-88.61546499991773, 44.891396000184905], [-88.61548699965905, 44.89140000000726], [-88.6157360000794, 44.89144000012477], [-88.61597399973077, 44.89142299977592], [-88.61612900043978, 44.891368000147786], [-88.61649900033565, 44.891165000266604], [-88.6169460002244, 44.89083500022849], [-88.61750199989308, 44.89052799969638], [-88.61790299975107, 44.89035699983581], [-88.61821200044588, 44.890297000110365], [-88.61859700041035, 44.89030799999046], [-88.61916999979748, 44.890352000126256], [-88.61908100010902, 44.89103199991203], [-88.61936300014132, 44.89101500007901], [-88.61931700011057, 44.8912459999634], [-88.61990200009157, 44.89136699971435], [-88.61993200022879, 44.89088299981943], [-88.62018699959862, 44.890878000155595], [-88.62015900000952, 44.89062199973069], [-88.62024799969798, 44.890654000005235], [-88.62041900030052, 44.890681999753525], [-88.62094200035725, 44.8906660002627], [-88.62103600006859, 44.890681999753525], [-88.62118199965846, 44.89077499972885], [-88.62140599996444, 44.89085200011471], [-88.62166799990526, 44.89087999976661], [-88.62208499965678, 44.89087999976661], [-88.62291800023321, 44.89074799983362], [-88.62333599980964, 44.89076300013055], [-88.62336900031993, 44.890901999938144], [-88.62338600003835, 44.89118299985551]], [[-88.57079600022537, 44.905090999958574], [-88.5708270001875, 44.90512699995697], [-88.56985300004408, 44.905577000261474], [-88.56961700004253, 44.90569099974547], [-88.56966800009614, 44.905840999827106], [-88.56975099993683, 44.90594200026812], [-88.56924499959852, 44.90622800010068], [-88.56897500016011, 44.90536300009503], [-88.56942700007173, 44.90503600004123], [-88.56916699978072, 44.905066000176184], [-88.56831499983602, 44.90521899992113], [-88.56758599991497, 44.90559599997913], [-88.56744000032509, 44.905756000231875], [-88.56741400038584, 44.90586100027501], [-88.56745000037085, 44.90598400017249], [-88.5675800000672, 44.906294000153636], [-88.56770700028879, 44.906789000043915], [-88.56774200044889, 44.907155000148485], [-88.56769200022018, 44.90740700015912], [-88.56756499999858, 44.907685999927466], [-88.56745000037085, 44.90792400003005], [-88.56731200027859, 44.908085000307835], [-88.56700699978174, 44.90836600024187], [-88.56632499971637, 44.90884100006312], [-88.56630100032523, 44.908857999716126], [-88.56615099963909, 44.90899500006667], [-88.56603799966119, 44.90918699990628], [-88.56597699956181, 44.909462000103545], [-88.56594899997272, 44.909953999739415], [-88.56591499963753, 44.910323999828044], [-88.56579699963675, 44.910767000129916], [-88.56560800038919, 44.9110380000372], [-88.56650499964142, 44.91067400004092], [-88.56700900032989, 44.91087199992636], [-88.56670600038117, 44.91151899990452], [-88.56602000011783, 44.91120400030479], [-88.56560800038919, 44.9110380000372], [-88.56559300032058, 44.911057999949186], [-88.56543900033478, 44.911198999863004], [-88.56526299970938, 44.911316999994234], [-88.56501800038531, 44.91142400022725], [-88.56477700036089, 44.91151099987748], [-88.56461199960613, 44.91156499987932], [-88.56435300003835, 44.91161199989854], [-88.56409799977021, 44.911635999934134], [-88.56370000028528, 44.91165899987932], [-88.56336800002425, 44.91166900004621], [-88.56311299975614, 44.91171599998037], [-88.56303499993834, 44.9117340001345], [-88.56287500010475, 44.91177099986807], [-88.56269400035478, 44.91184299974561], [-88.56250100001094, 44.911928999958214], [-88.56233399960637, 44.912019999776774], [-88.56258899987449, 44.912027999732956], [-88.56306300042574, 44.911885999868], [-88.56384199967718, 44.911828999935494], [-88.56462800039796, 44.91285400018997], [-88.56354799994931, 44.91337899981953], [-88.56387400036256, 44.913678000135725], [-88.56391899967008, 44.91370400003437], [-88.56465699981197, 44.91319799994249], [-88.56507100008875, 44.91393499974298], [-88.5657299996896, 44.9141159998435], [-88.56593599955393, 44.914173000052365], [-88.56623799967771, 44.91489599973684], [-88.56661400031967, 44.91585400017776], [-88.56623799967771, 44.91593200006569], [-88.56554999976454, 44.9160339999551], [-88.56643299967139, 44.9162449998315], [-88.56611600037729, 44.91644600023525], [-88.56559999999327, 44.9165130000016], [-88.5652150000288, 44.916290999840335], [-88.56543400031191, 44.91609600018607], [-88.56545000020543, 44.915852000162914], [-88.56444900029783, 44.91599799979026], [-88.56431500040352, 44.915734999810375], [-88.56554200026694, 44.91552599999603], [-88.56551100030481, 44.915398000084394], [-88.56448699993265, 44.9155920001869], [-88.56421400012118, 44.915437000032995], [-88.56443500005412, 44.91533699975289], [-88.56538900010608, 44.91516599987577], [-88.56520400015815, 44.914844999759026], [-88.56495800011085, 44.914868999716795], [-88.56431899970316, 44.91510799999529], [-88.56395200018036, 44.915158999739745], [-88.56377899992799, 44.91475199990746], [-88.56417499976313, 44.914621000093774], [-88.56485799965341, 44.91439700019155], [-88.56474499967551, 44.91426700023981], [-88.56451799989479, 44.91408399990238], [-88.56366900032315, 44.91445200005815], [-88.56333500041231, 44.914596000003144], [-88.5627160000961, 44.91376200005954], [-88.56337399987203, 44.91316900028879], [-88.56324500000062, 44.912977999812874], [-88.5625830000267, 44.913429999826064], [-88.56231000021523, 44.913242999792914], [-88.56308500016704, 44.91274099970549], [-88.56299399993044, 44.91260700020542], [-88.56250799968365, 44.91221000018485], [-88.56233399960637, 44.912019999776774], [-88.56224699956773, 44.91206700006009], [-88.5620180001372, 44.91150099968306], [-88.56230799966708, 44.91102500012244], [-88.56264199957793, 44.91071600030497], [-88.56302800026563, 44.910644999749834], [-88.56369100006445, 44.91063899979748], [-88.56412200005968, 44.910670999748255], [-88.5641239997095, 44.91068200018447], [-88.56423199966451, 44.910748000212884], [-88.56440900011485, 44.9107530000577], [-88.5645329999634, 44.91072000005588], [-88.56483400026228, 44.910580999801496], [-88.56498800024808, 44.91038499975496], [-88.56505000017236, 44.910209999989284], [-88.56509600020311, 44.90996800000621], [-88.56509700002802, 44.90970900024418], [-88.56503500010375, 44.909242000305504], [-88.56491999957768, 44.90895699969099], [-88.5646729997055, 44.90873699986866], [-88.5644269996582, 44.90826400010313], [-88.56400300023398, 44.907731000276364], [-88.56339300013862, 44.90716999998309], [-88.56295399974746, 44.906861999964], [-88.56247599989659, 44.90659799999748], [-88.5620819997113, 44.90641699976088], [-88.56181200027287, 44.90625700007543], [-88.56144200037701, 44.90607499986005], [-88.5609989997879, 44.90592599993292], [-88.56125999990381, 44.90566399985461], [-88.56050000002062, 44.90568900001319], [-88.56046999988338, 44.90563500021696], [-88.56056299976981, 44.90552500009808], [-88.5608719995663, 44.90535000016925], [-88.56117299986518, 44.90514100012701], [-88.56156000037778, 44.90481199968388], [-88.5616669996096, 44.90467999991668], [-88.56176799989194, 44.90450399975567], [-88.56190699980911, 44.90415299993684], [-88.56203900005359, 44.90401000012679], [-88.56215500040453, 44.90394399999657], [-88.56236999959138, 44.90388399981246], [-88.56249400033826, 44.903866999960975], [-88.56271000024833, 44.903872999984], [-88.56305000000694, 44.90392199972425], [-88.5632729995897, 44.903978000285186], [-88.5634349999714, 44.90404300016346], [-88.56352799985784, 44.904109000180014], [-88.56379800019457, 44.90439500022444], [-88.56415200019691, 44.90494499998144], [-88.56432899974891, 44.90518700011629], [-88.56452200009275, 44.905401000301666], [-88.5648700002473, 44.90567600016114], [-88.56557099968094, 44.90605600030077], [-88.5659339999041, 44.906287000209474], [-88.56603400036154, 44.90637500017287], [-88.56613399992065, 44.90650699986539], [-88.56621099991354, 44.90674800025732], [-88.56619500002002, 44.90758399985452], [-88.56621799958624, 44.907650000259174], [-88.56628700008152, 44.90771499980289], [-88.56644100006733, 44.907731999788865], [-88.5665189998851, 44.90770999969376], [-88.56659599987802, 44.90766100000115], [-88.5666569999774, 44.907462999870056], [-88.56665899962721, 44.90695200000803], [-88.56661299959644, 44.90670500010837], [-88.56651999971002, 44.90650699986539], [-88.56634200033312, 44.90630299980793], [-88.56589500044436, 44.90599500023327], [-88.56530899974013, 44.905687999828906], [-88.56522400024964, 44.905577999811435], [-88.56526299970938, 44.90552200017286], [-88.56532499963365, 44.90549500020267], [-88.56646700000657, 44.90530899999256], [-88.56679099987169, 44.90523799975705], [-88.5669759998196, 44.905165999876786], [-88.56714700042215, 44.905066999735084], [-88.56746299989132, 44.90478200005259], [-88.56769399987, 44.904650000216556], [-88.5678489996807, 44.90460600020386], [-88.56859000019564, 44.90446399981743], [-88.56886800002998, 44.90436499973927], [-88.56920799978862, 44.9042020000747], [-88.56930099967502, 44.90415700014445], [-88.5694539998359, 44.90410699975643], [-88.5696089996466, 44.90409599997066], [-88.56985499969389, 44.90415700014445], [-88.57021799991706, 44.904410000142974], [-88.5705030003224, 44.90467399997793], [-88.57079600022537, 44.905090999958574]], [[-88.60571799970899, 44.99816899986225], [-88.6055550004007, 44.99825600022973], [-88.60538100032342, 44.99835300014783], [-88.59902500017503, 44.99834500014769], [-88.59904199989347, 44.99747400028148], [-88.5948399998963, 44.99740699969447], [-88.59485099976695, 44.99687200030351], [-88.59223200018366, 44.996738000184415], [-88.59226700034374, 44.99557499997374], [-88.59264300008739, 44.99558299972535], [-88.59349900023004, 44.995599999749665], [-88.59451400038135, 44.995639999749564], [-88.59480300008636, 44.99564700023903], [-88.59491699988918, 44.99432399990171], [-88.59577100038202, 44.99432399990171], [-88.59578999975028, 44.99567199998355], [-88.5962700001493, 44.995684999795536], [-88.59717999982033, 44.995750999968436], [-88.59772999964122, 44.995819999721405], [-88.59805299968141, 44.99588800014238], [-88.59873899994476, 44.996074999772375], [-88.59886699999127, 44.99326799983399], [-88.5984660001333, 44.99326699990413], [-88.5965449996106, 44.99325199968331], [-88.59521599963993, 44.99322900001478], [-88.5952199998379, 44.99261899974676], [-88.59522099966279, 44.992415999890234], [-88.59522200038603, 44.99235599999841], [-88.59522200038603, 44.99229500009694], [-88.59522200038603, 44.992213999898276], [-88.59522300021094, 44.992134000170076], [-88.59522700040888, 44.99155199983447], [-88.5986429996853, 44.991558000228345], [-88.5986429996853, 44.99236300025375], [-88.60290699960677, 44.99243899988509], [-88.60290699960677, 44.99331099997859], [-88.60296500023139, 44.993318000117235], [-88.6037750003433, 44.9933360001069], [-88.60322100032444, 44.99445600013017], [-88.60310400014858, 44.99471600005666], [-88.60209499984504, 44.99458199997795], [-88.60212099978432, 44.996487000037746], [-88.60292500004843, 44.99639000013704], [-88.60305499974477, 44.996355000040865], [-88.60312699971479, 44.99632599981793], [-88.60323700021797, 44.99628100027536], [-88.60347800024239, 44.996105000002686], [-88.6037119996958, 44.9958230000126], [-88.60370800039615, 44.99594599974639], [-88.60374500020609, 44.99627499974078], [-88.60385599963585, 44.99659100014841], [-88.6039080004127, 44.996738000184415], [-88.60422800007983, 44.997121000309015], [-88.60460100034875, 44.99744199978334], [-88.60517700010892, 44.99783699975772], [-88.60571799970899, 44.99816899986225]], [[-88.52440100000398, 45.04485300004541], [-88.5239730003818, 45.04635800028066], [-88.52366600023514, 45.04756900012266], [-88.52349299998278, 45.04827999986388], [-88.52321599997335, 45.049311000143994], [-88.52222000008858, 45.049302000059456], [-88.52223099995925, 45.04962399987647], [-88.52017700026548, 45.04964000014727], [-88.52014999960299, 45.0495559997862], [-88.51995600033254, 45.04940499988474], [-88.51959599958411, 45.04925700025013], [-88.51922599968826, 45.04917199973795], [-88.51897200014336, 45.04918399987765], [-88.51874500036264, 45.049240999872175], [-88.51840700025384, 45.049398999838395], [-88.51817499955192, 45.04954499994134], [-88.51606300013185, 45.04962800010325], [-88.51603499964443, 45.04952999986101], [-88.5160310003448, 45.04936800001197], [-88.51636600008054, 45.04906600008703], [-88.51639899969251, 45.04885900007066], [-88.51615699984318, 45.04837599986943], [-88.51592500003959, 45.048244000137586], [-88.51578500029748, 45.04821899985598], [-88.51550699956483, 45.0482580003159], [-88.51538100006645, 45.04832299996563], [-88.5154110002037, 45.04845200007687], [-88.513637999819, 45.04845599975095], [-88.51365799991048, 45.04341800006955], [-88.5191930000763, 45.043448999946946], [-88.51920300012203, 45.04352800005], [-88.51918399985547, 45.04375400001554], [-88.5189460002041, 45.04434199993283], [-88.51889900034843, 45.04451399992765], [-88.51892699993752, 45.04460299968868], [-88.51912100010627, 45.04471800016621], [-88.51929900038152, 45.04475099994041], [-88.51952799981204, 45.04473900014014], [-88.51971699995794, 45.04469199994601], [-88.5197909995778, 45.04461900009462], [-88.51990100008096, 45.04447300011237], [-88.52001300023394, 45.044355000123964], [-88.5201510003262, 45.044299000012], [-88.52031600018266, 45.04430600026705], [-88.52068799972831, 45.04446300023034], [-88.52100699957055, 45.04450400005279], [-88.52171799994827, 45.04452100015634], [-88.52215099959331, 45.044569000160045], [-88.5225859997865, 45.044680000133326], [-88.52289100028334, 45.04469399991454], [-88.52323299969177, 45.044689999977415], [-88.5236419999457, 45.04492600023292], [-88.52376499996934, 45.04492200031201], [-88.52379900030454, 45.04488399977996], [-88.52384600016019, 45.04486499982182], [-88.52399299957496, 45.04485399970956], [-88.52418000007103, 45.04485399970956], [-88.52440100000398, 45.04485300004541]], [[-88.63857600035142, 44.86187100014161], [-88.63848900031279, 44.86328499973192], [-88.6375479997813, 44.86335800012114], [-88.63729099986337, 44.86727100030465], [-88.63577000027207, 44.86728399992541], [-88.63491199958128, 44.86728999994529], [-88.6348360003116, 44.8709839999897], [-88.63475900031871, 44.87205399977376], [-88.6338229998101, 44.8720620001982], [-88.63346999963268, 44.872323999955526], [-88.6329490001241, 44.872621999770224], [-88.63267399976448, 44.87369999985503], [-88.63247899977081, 44.873770000096584], [-88.63248600034183, 44.87451100026075], [-88.63211300007293, 44.87471399971208], [-88.63070899975918, 44.87471599988499], [-88.62981499998168, 44.87471499979854], [-88.629696000156, 44.87553700006353], [-88.62924099987131, 44.875406000008574], [-88.62912799989341, 44.875702999709596], [-88.62875200014979, 44.87570699998665], [-88.62925299956689, 44.875837999992925], [-88.62905099990051, 44.87610500005915], [-88.62861599970734, 44.87596600014352], [-88.62844500000313, 44.875922999890946], [-88.62847099994238, 44.875774000129155], [-88.62768900031789, 44.87578300010436], [-88.6276979996404, 44.87564199990683], [-88.62849500023184, 44.87563899969568], [-88.62863199960087, 44.87483900020021], [-88.62869500024837, 44.87444899973993], [-88.62872500038559, 44.8740030000417], [-88.62874600030199, 44.87368699977348], [-88.62878499976175, 44.87338999985342], [-88.6289079997854, 44.87245100015707], [-88.62898200030355, 44.87193400027669], [-88.62913899976407, 44.870864999688266], [-88.6275910004086, 44.87083699984376], [-88.62706900017679, 44.87083400001874], [-88.62710900035975, 44.86729299995497], [-88.62737999962307, 44.86554499985185], [-88.62735899970667, 44.86351600017561], [-88.62735600023196, 44.863441000058735], [-88.62851699997316, 44.86332000014815], [-88.62854000043768, 44.86347100024454], [-88.62855399978307, 44.863559999791214], [-88.62872500038559, 44.86357700009671], [-88.6290779996647, 44.86365000011571], [-88.62944000006296, 44.863673999796454], [-88.63012100030343, 44.86367699999459], [-88.63220799960916, 44.863655000235696], [-88.63244100013598, 44.86359399976051], [-88.6324639997022, 44.86358200022308], [-88.63382100016028, 44.86362599978825], [-88.63378799965, 44.861616000209594], [-88.63434900023988, 44.86107500030939], [-88.63433099979821, 44.86000300014173], [-88.63479199993067, 44.85993400005549], [-88.63547599964588, 44.86288999974463], [-88.63613900034301, 44.862889000089424], [-88.63633000013873, 44.86261799992188], [-88.63669900020966, 44.862214000266526], [-88.63697799986893, 44.86194500008529], [-88.63857600035142, 44.86187100014161]]], [[[-88.62862999995106, 44.86404699988913], [-88.62859300014112, 44.86380900028144], [-88.62855399978307, 44.863559999791214], [-88.62834999956856, 44.86353799998762], [-88.62827599994871, 44.86353699970693], [-88.62785400017432, 44.863530999932586], [-88.62783400008284, 44.86399900019193], [-88.62862999995106, 44.86404699988913]]], [[[-88.59677399993946, 44.88888299968428], [-88.5967339997565, 44.88836199974974], [-88.59636499968555, 44.888368000117886], [-88.59637200025655, 44.88890499998327], [-88.59660599970996, 44.88890000014745], [-88.59677399993946, 44.88888299968428]]]]}, "properties": {"NAME": "Menominee Reservation", "GEOID": "2175R", "_type": "reservation"}}, {"type": "Feature", "geometry": {"type": "MultiPolygon", "coordinates": [[[[-86.25988099992477, 43.94247399972329], [-86.25911699984361, 43.941857999958046], [-86.25857200004559, 43.94154500027166], [-86.25780200011665, 43.94140000015811], [-86.25777100015452, 43.94138500012619], [-86.25697600011122, 43.94099999995192], [-86.25669499990383, 43.94092899993645], [-86.25608099961049, 43.94121900016692], [-86.25594400024146, 43.94177999970472], [-86.25574699969965, 43.94197999978424], [-86.25537099995603, 43.94207400027479], [-86.25492400006726, 43.942098000045945], [-86.2541099997574, 43.941937000102016], [-86.25374999990728, 43.941745999844244], [-86.25351599955556, 43.94151400027711], [-86.2531520004058, 43.94062400000802], [-86.25279400020553, 43.940308000232484], [-86.25261799958011, 43.940051000263495], [-86.2523640000352, 43.93936299999345], [-86.25204799966772, 43.93919200001488], [-86.25170799990909, 43.9391409999374], [-86.25122400021041, 43.939207999992114], [-86.25116800013392, 43.9392369998186], [-86.25086099998725, 43.93939799995867], [-86.25066799964341, 43.93956099972876], [-86.25044699971048, 43.939918000064885], [-86.25022599977753, 43.940018000086326], [-86.25011399962453, 43.940070000082805], [-86.24972199998737, 43.940072000131494], [-86.249328999627, 43.93990799979471], [-86.24908099992989, 43.939805000148674], [-86.24883700043071, 43.93977900004024], [-86.24864400008687, 43.9398119997032], [-86.24824300022887, 43.94012600012762], [-86.24815000034246, 43.94050800008903], [-86.24786699958692, 43.9406489997323], [-86.24762800011064, 43.940693999726996], [-86.24722899990248, 43.940560000303755], [-86.24646200034657, 43.939860999796224], [-86.24608200040498, 43.939580999737224], [-86.24573500007536, 43.939444000288255], [-86.24517400038378, 43.9393110000255], [-86.24498699988771, 43.93933600030188], [-86.24475699973397, 43.93946999989633], [-86.24465100032705, 43.939591000062336], [-86.24460500029629, 43.939766000305184], [-86.24467200024344, 43.9400839997755], [-86.24524499963057, 43.94103200022269], [-86.24521899969132, 43.941242000278535], [-86.2448940000013, 43.941600000222266], [-86.24460600012121, 43.94165900011268], [-86.24405999959995, 43.94168900003448], [-86.24350599958107, 43.94165300012647], [-86.2427950001017, 43.94149100027071], [-86.24242799968057, 43.94130799990266], [-86.24221000012068, 43.94103000020625], [-86.24214700037149, 43.94071199997409], [-86.24218099980837, 43.940070000082805], [-86.24239599989352, 43.93963100005239], [-86.24249999965059, 43.939207999992114], [-86.2427950001017, 43.9386009998198], [-86.24325200003618, 43.93728400015917], [-86.24326100025701, 43.93710700022531], [-86.24322299972387, 43.9370790000815], [-86.24315900014976, 43.937031999787415], [-86.24287600029254, 43.93697099968059], [-86.24268600032174, 43.93700799991192], [-86.24168000039126, 43.93758999982164], [-86.24143900036682, 43.93781600009614], [-86.24119300031953, 43.93846900031011], [-86.24096999983846, 43.93877999992661], [-86.24069000035429, 43.93892299987406], [-86.2403530000704, 43.93898600000415], [-86.2398609999758, 43.93895299988274], [-86.23926099992617, 43.938702000163126], [-86.2390090000311, 43.93839999996462], [-86.23875899978587, 43.938100999698456], [-86.23868900036398, 43.93789399972814], [-86.2384600000351, 43.93770999986828], [-86.23826599986634, 43.937686000266424], [-86.23807900026861, 43.93772999985248], [-86.2373620000431, 43.9381680002782], [-86.23726499995874, 43.9381719998567], [-86.2369179996291, 43.938191000276404], [-86.23622200021833, 43.93800399986456], [-86.23556299971916, 43.937626000249196], [-86.23526099959537, 43.93754999975233], [-86.234882000377, 43.93753800024374], [-86.23459000029895, 43.937581999939304], [-86.23432599980998, 43.93768099994391], [-86.23387399989838, 43.93796099989426], [-86.23359299969097, 43.938033000278324], [-86.2329469996106, 43.93806200003102], [-86.23257500006493, 43.937964000073755], [-86.23223199993325, 43.93771700031631], [-86.23175400008236, 43.9371330002084], [-86.23142099999643, 43.936925000025326], [-86.23126600018573, 43.936890999975944], [-86.2306579997402, 43.93675799982443], [-86.22991799994847, 43.93669000016218], [-86.22954700022771, 43.93659600021566], [-86.22908699992017, 43.9367239996796], [-86.22870600015368, 43.936980999797846], [-86.22840300020495, 43.937261999881756], [-86.22819300014268, 43.93735700013921], [-86.22770400042116, 43.93741799985005], [-86.22704200044724, 43.937418999918975], [-86.22660899990389, 43.937419999987945], [-86.22603599961843, 43.93753999973077], [-86.2254620004064, 43.937753000020095], [-86.22453900031658, 43.938297999700985], [-86.22406599959025, 43.938505000205424], [-86.22415000015417, 43.93968499980218], [-86.2242949999191, 43.9418050002366], [-86.22440500042228, 43.94339499978789], [-86.2244060002472, 43.943744000040596], [-86.22855499964263, 43.943789000279885], [-86.22855499964263, 43.943837999682465], [-86.2285539998177, 43.94391000006447], [-86.22854100029724, 43.947476999905334], [-86.22865299955191, 43.9474789997049], [-86.22875499965916, 43.947480000251375], [-86.23048399966292, 43.947497999737394], [-86.23401600018859, 43.94753599978412], [-86.23719499963855, 43.947555999696824], [-86.23744099968583, 43.94755800014045], [-86.23943300035364, 43.94756300027912], [-86.24237499997712, 43.94757299990838], [-86.24632699972905, 43.947588000319314], [-86.24931399955838, 43.94759299980864], [-86.24934899971848, 43.94759299980864], [-86.25120099974588, 43.94759899984212], [-86.25194599956046, 43.947602000182], [-86.2541440000926, 43.9476039999773], [-86.25524200008458, 43.94760499987495], [-86.25697100008834, 43.94760700031692], [-86.25853799971038, 43.94760499987495], [-86.25939800005101, 43.94760499987495], [-86.25949599996031, 43.94761699993879], [-86.25956499955728, 43.94764199995626], [-86.25962400000684, 43.94767399988568], [-86.25988099992477, 43.94247399972329]]], [[[-86.27494499984114, 44.29069699978329], [-86.27501000013847, 44.2831229998375], [-86.27419599982859, 44.28315700001369], [-86.27320800033978, 44.28316100010878], [-86.25757000031307, 44.28306999980737], [-86.25754199982565, 44.28227400000936], [-86.25375699957999, 44.28228899994691], [-86.25354999989075, 44.2822899999855], [-86.25377699967147, 44.29010299972432], [-86.24854199997962, 44.289875000236634], [-86.24308999965447, 44.28963999982713], [-86.24349600043367, 44.29558300009484], [-86.24348499966469, 44.29870899999464], [-86.24349399988552, 44.300951999814345], [-86.24351099960397, 44.30119800006122], [-86.24350999977904, 44.30135499972699], [-86.24350499975615, 44.30257900012456], [-86.24577199988528, 44.30266200031228], [-86.2457450001211, 44.30030000011685], [-86.24768599983696, 44.30027999968824], [-86.24765599969973, 44.299064000176145], [-86.24914200002924, 44.299064000176145], [-86.24911299971694, 44.29752500010901], [-86.24912299976268, 44.29734000016031], [-86.2500890004085, 44.29678100022132], [-86.25037100044081, 44.2966230001032], [-86.2542500003978, 44.29443099996071], [-86.26138399997272, 44.29039200001409], [-86.25757799981066, 44.29024799999851], [-86.25755100004649, 44.28777499982174], [-86.26333499973433, 44.28781700007714], [-86.26330700014523, 44.28909199969058], [-86.26360300042124, 44.28908099989597], [-86.26370800000323, 44.28908199981894], [-86.26692400016141, 44.289119000171425], [-86.26918899974238, 44.289160000187216], [-86.26918799991746, 44.29057799988681], [-86.26966499994344, 44.290585999709066], [-86.2728009997357, 44.29065199996966], [-86.27328500033269, 44.29066200021703], [-86.27415099962276, 44.29068000027216], [-86.27432300005022, 44.29068399985494], [-86.27494499984114, 44.29069699978329]]], [[[-85.99653199975336, 44.2607309997197], [-85.99336199962593, 44.26068300018116], [-85.98153700033228, 44.260555000147804], [-85.98157900016507, 44.25731500023563], [-85.98138699964612, 44.257110000061836], [-85.98090999962017, 44.256973000250305], [-85.96194699965531, 44.25656699999563], [-85.95511900040214, 44.25642399990709], [-85.95131300024006, 44.25642899972706], [-85.95129999982127, 44.257751000011424], [-85.95128700030081, 44.26002299981777], [-85.95631899960306, 44.26002200004359], [-85.95634999956522, 44.25820599993068], [-85.96638899985201, 44.25835300004293], [-85.96636899976052, 44.26376000020832], [-85.96132999988725, 44.263628000302965], [-85.96130899997085, 44.26723400003029], [-85.97137599984676, 44.26749699978523], [-85.97138199969453, 44.265434999848914], [-85.97140799963381, 44.26389199981724], [-85.9815259995633, 44.26414300006413], [-85.99637199991979, 44.26434499977414], [-85.99646399998129, 44.26435099990778], [-85.99647900004992, 44.2635430002022], [-85.99650400016426, 44.262194999953074], [-85.99653199975336, 44.2607309997197]]], [[[-86.08675700014122, 44.29193000003795], [-86.08088700023964, 44.29174100031294], [-86.07961400034547, 44.29169900029143], [-86.07800199961925, 44.29164800004128], [-86.07566599989319, 44.291572000166205], [-86.06647500025143, 44.291276999939505], [-86.06642400019783, 44.29542700024096], [-86.06638700038789, 44.298428999931204], [-86.07026499962166, 44.29853400011148], [-86.07146700026905, 44.298545999826224], [-86.07362999974276, 44.298604999888155], [-86.08121299975457, 44.298839000029496], [-86.08160600011495, 44.29885599975062], [-86.08673500039991, 44.29903699976686], [-86.08675200011837, 44.293642999844124], [-86.08675700014122, 44.29193000003795]]], [[[-85.94116400034842, 44.267180999819786], [-85.94064499959134, 44.267171000078164], [-85.93594200017705, 44.26707699985047], [-85.9359249995603, 44.26891500005639], [-85.93088700041025, 44.268812000206694], [-85.93087999983923, 44.26965699992228], [-85.92584199979086, 44.26956400006589], [-85.92586699990522, 44.2669199998946], [-85.92350500023989, 44.266825999908754], [-85.92329699982741, 44.27405499989195], [-85.92579900013318, 44.27408399992241], [-85.92579900013318, 44.275891000273994], [-85.930821000288, 44.27591600009668], [-85.93080399967126, 44.27773400006147], [-85.93584300044284, 44.277779000124106], [-85.9358760000548, 44.2742120000855], [-85.93851499972958, 44.27424399992192], [-85.93851200025486, 44.27068599969584], [-85.94110700044702, 44.27072999977458], [-85.94115199975454, 44.26792700019334], [-85.94116400034842, 44.267180999819786]]], [[[-86.0216120003903, 44.255700999971225], [-86.01665499963448, 44.255641999922304], [-86.01648300010535, 44.26082400004107], [-86.01127199980462, 44.26081199969658], [-86.00280400023615, 44.26079199997477], [-86.00280500006107, 44.264130999753775], [-86.00365000033307, 44.26408699988153], [-86.00360799960195, 44.265470999974056], [-86.00371499973208, 44.26556500019676], [-86.00473499990628, 44.266456000311024], [-86.00612900017428, 44.26648100028764], [-86.00619899959617, 44.26451900018442], [-86.01075700014383, 44.264595000320355], [-86.01077800006021, 44.26456899984476], [-86.01085699970294, 44.264462000018], [-86.0109889999474, 44.26426400016168], [-86.0110299999553, 44.26417799999036], [-86.01109199987957, 44.26399099981193], [-86.01111100014614, 44.263915000181775], [-86.01111899964374, 44.26385199988907], [-86.01112399966662, 44.26368400027953], [-86.01113700008541, 44.263611999748456], [-86.01117499972025, 44.263202000136545], [-86.011184999766, 44.2628829997787], [-86.01117899991822, 44.26254800006239], [-86.01120400003256, 44.26240399998944], [-86.01122499994896, 44.26235599988676], [-86.01128100002545, 44.26230299978147], [-86.01136300004121, 44.26225500023962], [-86.01146299960033, 44.26222999975243], [-86.01156499970759, 44.26260599988487], [-86.01158599962399, 44.26266099981899], [-86.0215279998264, 44.262821999763176], [-86.02154999956771, 44.26093000029716], [-86.0216120003903, 44.255700999971225]]], [[[-86.2483369999402, 44.281671999912184], [-86.24830400032823, 44.280774999841555], [-86.24823700038108, 44.27896799982773], [-86.24297000000387, 44.27887600000958], [-86.23823200042949, 44.27885600000206], [-86.23823699955403, 44.27957300023084], [-86.2382469995998, 44.28114900020997], [-86.23825400017078, 44.28232199992467], [-86.238248000323, 44.28773300017937], [-86.23824599977488, 44.28949200023319], [-86.24308999965447, 44.28963999982713], [-86.24310499972307, 44.28570800021308], [-86.2442450004462, 44.28571000017383], [-86.24424700009601, 44.28525600026743], [-86.24310700027122, 44.28525900023163], [-86.24310899992103, 44.28476900019691], [-86.24312499981458, 44.28458399993463], [-86.24309700022549, 44.28428599996605], [-86.24304799982168, 44.28420500018161], [-86.24290600042977, 44.28405499973801], [-86.24298800044555, 44.28401600003581], [-86.24299799959296, 44.28392699979401], [-86.242964999981, 44.28373399998427], [-86.24296400015608, 44.28347899972312], [-86.24304199997388, 44.28279800001648], [-86.24304699999678, 44.28258999985633], [-86.24305899969234, 44.282443999934735], [-86.24746499990401, 44.2821699997368], [-86.24817100025885, 44.28177300028117], [-86.2483369999402, 44.281671999912184]]], [[[-86.23823200042949, 44.300688000268806], [-86.2382130001629, 44.299250999979115], [-86.23739499965508, 44.29923299997929], [-86.2360580001868, 44.299202000002374], [-86.22850600013712, 44.29906100027415], [-86.22854399977196, 44.300073999827596], [-86.228539999574, 44.30247800017167], [-86.23199000008391, 44.30257900012456], [-86.23228200016197, 44.30258700024073], [-86.23241299968322, 44.30256800028456], [-86.23249999972185, 44.30256800028456], [-86.23269600043874, 44.30256800028456], [-86.23618299986026, 44.30264699979132], [-86.2365999996118, 44.30266700005649], [-86.23738799998239, 44.302692999748096], [-86.23737799993664, 44.30170500015686], [-86.23737600028683, 44.30146300024019], [-86.23737299991376, 44.30111300029633], [-86.23737000043904, 44.3006639997837], [-86.23779499968816, 44.300674999980444], [-86.23823200042949, 44.300688000268806]]], [[[-86.0786879998826, 44.266266999680376], [-86.07627099996567, 44.26622500010102], [-86.07228400005364, 44.266231999711366], [-86.07222799997714, 44.26640199973335], [-86.07240500042748, 44.26687699983762], [-86.07228599970348, 44.26699099993475], [-86.07224899989355, 44.26956400006589], [-86.07697599959728, 44.269602999712326], [-86.07698800019118, 44.26831300010339], [-86.07735600043719, 44.26831199982691], [-86.07868200003483, 44.268301000001024], [-86.0786879998826, 44.266266999680376]]], [[[-86.09669500014569, 44.28169100019864], [-86.09678800003209, 44.27804600008715], [-86.09592100001879, 44.27801599997116], [-86.09174999998375, 44.277872999958], [-86.09167800001372, 44.281493999908996], [-86.09669500014569, 44.28169100019864]]], [[[-86.25350999970779, 44.31720199999869], [-86.2534839997685, 44.31630999996009], [-86.25347200007295, 44.31589900028972], [-86.25343000024014, 44.31366299989326], [-86.24973000038331, 44.31362900002246], [-86.24839499966653, 44.31361700017675], [-86.24844300024542, 44.31588199971901], [-86.2484769996823, 44.317185999892615], [-86.25013299989111, 44.31718499980553], [-86.25152100031134, 44.31721000005008], [-86.25336800031587, 44.31720099991186], [-86.25350999970779, 44.31720199999869]]], [[[-86.06641300032717, 44.26927500023009], [-86.0619810001762, 44.26925800030904], [-86.06192199972665, 44.2705200001547], [-86.06190500000822, 44.2706440000577], [-86.06187999989386, 44.27112999991533], [-86.0618249996423, 44.27307099973715], [-86.0662889995803, 44.27308099976147], [-86.06641300032717, 44.26927500023009]]], [[[-86.24839499966653, 44.31361700017675], [-86.2483639997044, 44.312125999776825], [-86.24834199996307, 44.310152999991864], [-86.24350899995413, 44.31009399996446], [-86.24350800012921, 44.310723000133244], [-86.24350399993125, 44.31360400018047], [-86.24838100032113, 44.31361700017675], [-86.24839499966653, 44.31361700017675]]], [[[-86.24351499980192, 44.307117999823085], [-86.24350499975615, 44.30257900012456], [-86.24253800018373, 44.30256600025494], [-86.24098200043234, 44.304544000079986], [-86.24056700033066, 44.30528299979401], [-86.24044000010903, 44.30590100023312], [-86.24040699959876, 44.306758999711114], [-86.24039900010116, 44.3071259999635], [-86.24298900027044, 44.307122000214854], [-86.24351499980192, 44.307117999823085]]], [[[-86.16216499958661, 44.272839000239365], [-86.15996199992992, 44.272764000028374], [-86.15975100004273, 44.272756999909426], [-86.15964300008768, 44.276472000119355], [-86.16213799982243, 44.27655399976773], [-86.16216499958661, 44.272839000239365]]], [[[-86.09178400031892, 44.27609099984406], [-86.0867420000726, 44.27592399998623], [-86.08671199993539, 44.277699999962664], [-86.09174999998375, 44.277872999958], [-86.09178400031892, 44.27609099984406]]], [[[-86.0773770003536, 44.264758999838705], [-86.07703400022193, 44.26475099971594], [-86.07623300033083, 44.264768999990665], [-86.07623499998066, 44.26527300029968], [-86.07646599995934, 44.2652690002734], [-86.0773770003536, 44.265273999984565], [-86.0773770003536, 44.264758999838705]]]]}, "properties": {"NAME": "Little River (Trust Land)", "GEOID": "1960T", "_type": "trust"}}, {"type": "Feature", "geometry": {"type": "MultiPolygon", "coordinates": [[[[-88.2450599998035, 44.582763999811554], [-88.2450659996513, 44.582295999873736], [-88.24504800010794, 44.58094900009164], [-88.24294900020833, 44.58100099998267], [-88.24289599960656, 44.57879099975334], [-88.24485899996205, 44.57875299989437], [-88.24501999962054, 44.57875399999197], [-88.24500200007719, 44.577503000051145], [-88.24076400009498, 44.57761300025568], [-88.2364349998762, 44.57772700007357], [-88.23587599983445, 44.577736999945934], [-88.23585900011602, 44.57717300010863], [-88.2358509997201, 44.576933999859214], [-88.23580300003952, 44.57534899977714], [-88.23564200038103, 44.57009800029523], [-88.23380000039937, 44.5700669996849], [-88.23379299982837, 44.57074800010088], [-88.23208100044137, 44.5707050002052], [-88.22865100002292, 44.574719999873096], [-88.22580899995856, 44.578041000234904], [-88.2259589997464, 44.578037999905135], [-88.23097199968039, 44.577861000011545], [-88.23085799987759, 44.583116999897], [-88.2318949997702, 44.583064999979136], [-88.23186899983094, 44.58425999975502], [-88.23387499984413, 44.58416000001686], [-88.23384200023216, 44.58529599994605], [-88.23441499961929, 44.5852669997312], [-88.23488099977462, 44.58523900012774], [-88.23569000006162, 44.58520599993799], [-88.23945699986562, 44.585019000215], [-88.2397570003396, 44.58500099975487], [-88.24148399979521, 44.584918999863106], [-88.24231200034878, 44.58486500029251], [-88.24240400041029, 44.58485499972672], [-88.242559000221, 44.58483799984861], [-88.24271200038187, 44.58481400001223], [-88.24276400026041, 44.58480400007747], [-88.24288599956083, 44.584781000221014], [-88.2430529999654, 44.584735999835715], [-88.24331400008131, 44.58465100022143], [-88.2435030002272, 44.58457699981619], [-88.24368599962698, 44.58449399996725], [-88.24384600035887, 44.584410999999754], [-88.24404200017746, 44.584295999848976], [-88.24414199973656, 44.584223000275024], [-88.24429800027049, 44.584105999741276], [-88.24447999984537, 44.583945999909695], [-88.2446580001206, 44.58375599993765], [-88.24476199987768, 44.583601999868364], [-88.24488699955114, 44.58339099968022], [-88.24495000019864, 44.58325699969072], [-88.24501100029802, 44.583048000217396], [-88.24503100038949, 44.58295799992807], [-88.2450599998035, 44.582763999811554]]], [[[-88.22049300007586, 44.5896520002187], [-88.22047100033454, 44.58857400006255], [-88.21966700007042, 44.58860499976348], [-88.21964500032911, 44.587458999766206], [-88.21838900015338, 44.58750399996285], [-88.21619700036733, 44.589992000026676], [-88.217045999939, 44.59015500019449], [-88.21819900018258, 44.59038799980946], [-88.21857199955315, 44.5904669999748], [-88.2197070002534, 44.590707000142416], [-88.21968499961378, 44.58965100030857], [-88.22049300007586, 44.5896520002187]]]]}, "properties": {"NAME": "Oneida (WI) (Trust Land)", "GEOID": "2560T", "_type": "trust"}}, {"type": "Feature", "geometry": {"type": "MultiPolygon", "coordinates": [[[[-88.43412100026283, 46.74076599982822], [-88.43405099994264, 46.737020000262866], [-88.42834400024769, 46.736988000168076], [-88.42859199994481, 46.737724999822476], [-88.42836299961594, 46.7377989997325], [-88.42823200009468, 46.73788900025164], [-88.42816500014753, 46.73797800019313], [-88.42812300031474, 46.73830099998502], [-88.42812999998743, 46.73861800027438], [-88.42810700042122, 46.74078200029597], [-88.43064399998875, 46.74075500000408], [-88.43412100026283, 46.74076599982822]]], [[[-87.24705599971054, 46.481897999895565], [-87.24707599980201, 46.478634000249585], [-87.24258099990186, 46.47863299996955], [-87.24141799961255, 46.47865600022037], [-87.24141799961255, 46.47916000026396], [-87.24141799961255, 46.480054999832646], [-87.24141799961255, 46.481930000123576], [-87.24271599962108, 46.48195800007572], [-87.24272099964395, 46.48182999973514], [-87.24283100014712, 46.48182999973514], [-87.24304399968415, 46.4818309999564], [-87.24305100025514, 46.48193199994393], [-87.2440820003, 46.481922999824], [-87.2440820003, 46.48216499984906], [-87.24408300012492, 46.48446999970342], [-87.2439349999869, 46.48591600020985], [-87.24421199999634, 46.485854999917876], [-87.24449599967846, 46.48580200012578], [-87.24457000019662, 46.48447799984787], [-87.24456699982358, 46.48215899979501], [-87.24456699982358, 46.4819160001421], [-87.24578199999144, 46.481897999895565], [-87.24705599971054, 46.481897999895565]]]]}, "properties": {"NAME": "L'Anse (Trust Land)", "GEOID": "1880T", "_type": "trust"}}, {"type": "Feature", "geometry": {"type": "MultiPolygon", "coordinates": [[[[-85.6206979997785, 45.03313600030914], [-85.61954500043323, 45.033125999715274], [-85.61905800036152, 45.033110999773456], [-85.61805200043104, 45.03308199974786], [-85.6176699999413, 45.0330669997945], [-85.61769699970547, 45.03026199972437], [-85.61219000002707, 45.03028200000667], [-85.61217699960827, 45.028806999961404], [-85.60367700025274, 45.028870000238136], [-85.603631000222, 45.02795099982066], [-85.6017669996007, 45.027929000074], [-85.60174200038465, 45.027821999829484], [-85.60156199956128, 45.02715799983292], [-85.60268300001783, 45.027173000065176], [-85.60270099956116, 45.02680799985952], [-85.6014779998957, 45.026777999834806], [-85.60024000016162, 45.02676000019335], [-85.59938200036913, 45.02674399987242], [-85.59940400011045, 45.02743500001634], [-85.59948399957808, 45.02799000012985], [-85.59957300016485, 45.028310000003096], [-85.59973999967113, 45.02863700025943], [-85.5998300000828, 45.02881300026286], [-85.59987799976338, 45.029132999979176], [-85.59978900007492, 45.02935100018593], [-85.59991799994634, 45.02938499986957], [-85.60004699981778, 45.029477000107335], [-85.60003099992426, 45.029653999997045], [-85.59996599962693, 45.03012800025583], [-85.59946600003472, 45.030769000247346], [-85.59924799957652, 45.03097999995669], [-85.5991830001775, 45.03110600010119], [-85.59915899988806, 45.03122599992045], [-85.59919099967512, 45.031374999758505], [-85.59904599991016, 45.03179800017189], [-85.59910199998666, 45.03213000024856], [-85.59932700011754, 45.0324160000631], [-85.6006040002097, 45.03241899970728], [-85.60233599968818, 45.0324539999886], [-85.60230700027418, 45.03215400005708], [-85.60402000038442, 45.03223299988471], [-85.60401799983629, 45.03196600022956], [-85.60706800031312, 45.03200100015309], [-85.6070969997271, 45.03096799980751], [-85.60956999972053, 45.0309240000856], [-85.60952500041302, 45.032923999788], [-85.6102290002197, 45.03293100016513], [-85.61071999959107, 45.03293600016187], [-85.61099900014864, 45.032938999778835], [-85.6113110003182, 45.03294299990267], [-85.61154999979448, 45.03294500028191], [-85.61182500015408, 45.032957000016566], [-85.61196300024635, 45.03297500024863], [-85.61205699995767, 45.032987999848395], [-85.6122550003244, 45.033026000028975], [-85.61243799972416, 45.033075999893946], [-85.61252099956486, 45.033104999922635], [-85.61273900002305, 45.0329270000404], [-85.6129540001082, 45.032783999684085], [-85.61321799969886, 45.03273799970217], [-85.61348399983764, 45.0327629997659], [-85.61367999965621, 45.032827000006385], [-85.61391599965778, 45.03292200004288], [-85.61416500007812, 45.03299399971153], [-85.61436099989669, 45.03301400030879], [-85.61463399970818, 45.03302699989974], [-85.61645599959834, 45.0330509999669], [-85.61647099966696, 45.0330509999669], [-85.61647599968984, 45.03362199989356], [-85.61649300030659, 45.036104000052354], [-85.61662499965276, 45.03638299973197], [-85.61672500011018, 45.036692999684995], [-85.61674500020166, 45.03681200004609], [-85.62067199983925, 45.03681200004609], [-85.6206979997785, 45.03313600030914]], [[-85.60366800003192, 45.029246999870516], [-85.603667000207, 45.02941900016788], [-85.60209200018903, 45.02941299993], [-85.60149499961413, 45.02941299993], [-85.6015189999036, 45.02858699969079], [-85.60191100043906, 45.02854999968632], [-85.60193999985306, 45.02867799999474], [-85.60196800034048, 45.02879999971475], [-85.60205100018115, 45.029156999774706], [-85.60206500042484, 45.02924499999692], [-85.60366800003192, 45.029246999870516]]], [[[-85.42939400037784, 44.77959899989238], [-85.42930700033918, 44.77579899989727], [-85.42930700033918, 44.77562799980135], [-85.42930599961598, 44.7727899997103], [-85.42433200004002, 44.772817000079066], [-85.42189900022956, 44.772765999797016], [-85.42048099967212, 44.77270999974802], [-85.41965700021483, 44.77267000004421], [-85.4197059997203, 44.7757310002591], [-85.41970800026844, 44.77583399989549], [-85.41628299987289, 44.77580300009851], [-85.41593399989344, 44.77579200002261], [-85.41564299964031, 44.77578799982055], [-85.415368000179, 44.77576700019006], [-85.41505000016167, 44.77569199998974], [-85.4146219996412, 44.77560499968644], [-85.41421499993541, 44.77552399990188], [-85.41412799989679, 44.77548600002679], [-85.41389100007032, 44.7753809999734], [-85.41359099959635, 44.77524399973207], [-85.41327500012716, 44.775105999900475], [-85.41299899994266, 44.774957000141804], [-85.41278800005544, 44.774809999814856], [-85.41141800007688, 44.77382299986286], [-85.41094600007378, 44.77335000016947], [-85.41004700027342, 44.77337000010818], [-85.41010499999973, 44.77463999988982], [-85.4114199997267, 44.77463999988982], [-85.41144700038922, 44.77619699975566], [-85.41248400028182, 44.776183000101994], [-85.41413200009475, 44.776144000137954], [-85.41413200009475, 44.77635899987386], [-85.4197119995681, 44.77635899987386], [-85.41974400025346, 44.7796160001054], [-85.42189699968144, 44.7796340001379], [-85.42458599958492, 44.779627000090485], [-85.4251100003649, 44.77962600026582], [-85.42600999999017, 44.779602000005355], [-85.42939400037784, 44.77959899989238]]], [[[-86.09440700010018, 44.595520000149804], [-86.09436100006943, 44.59109399992445], [-86.09422600035022, 44.58824899993271], [-86.09226299999473, 44.58820199980288], [-86.0921979996974, 44.58819999993262], [-86.08939699964091, 44.58813399969752], [-86.08855300009212, 44.5881129997524], [-86.08761300028387, 44.58808999992566], [-86.08774999965293, 44.59535400024036], [-86.0891919996015, 44.59538500016315], [-86.09440700010018, 44.595520000149804]]], [[[-85.63409899981336, 45.02073599975895], [-85.63408700011779, 45.01852300025492], [-85.63396699956887, 45.01853300022527], [-85.63356800025902, 45.018593000010675], [-85.63328600022672, 45.01862299987978], [-85.63283799961474, 45.01864500002778], [-85.63222599986955, 45.01865700022045], [-85.63221400017399, 45.01324600001207], [-85.62945300030047, 45.01323399995556], [-85.62950400035409, 45.01647100025476], [-85.62953899961589, 45.01865200024632], [-85.62913500028316, 45.01865000000252], [-85.62881999974056, 45.01864799975869], [-85.62879299997638, 45.01864799975869], [-85.62829699968384, 45.018663000315804], [-85.627962999773, 45.01865499997682], [-85.62747999989924, 45.01868499981344], [-85.6267099999703, 45.01872500020616], [-85.62635699979288, 45.01873299990035], [-85.62624999966276, 45.01872799993287], [-85.62606399988992, 45.01870599981676], [-85.62590800025431, 45.018668000288976], [-85.62594099986629, 45.02190099984836], [-85.62834600008763, 45.02194400009241], [-85.62835299976034, 45.02180699999983], [-85.62835100011051, 45.021626999764564], [-85.6283500002856, 45.02147699987699], [-85.62834799973746, 45.02113999984348], [-85.62834500026274, 45.02071200024265], [-85.63409899981336, 45.02073599975895]], [[-85.63125799957389, 45.018663999802456], [-85.6310259997703, 45.018663000315804], [-85.6302159996584, 45.01865700022045], [-85.63022099968127, 45.01726899978514], [-85.63124699970325, 45.01726499983591], [-85.63125799957389, 45.018663999802456]]], [[[-85.69133900023549, 44.73424000011253], [-85.68641499998995, 44.73427499976483], [-85.68635999973836, 44.73589900028443], [-85.68607100003337, 44.74173200028669], [-85.6863470002179, 44.7416220002708], [-85.68674200022811, 44.74147199979583], [-85.68885799984615, 44.740568000169816], [-85.6902339996725, 44.740035999935344], [-85.69107700029468, 44.73976600007145], [-85.69133900023549, 44.73424000011253]]], [[[-85.35300199984495, 44.86857200024821], [-85.35300000019512, 44.86681699985514], [-85.34322299984915, 44.866799999869755], [-85.34325600035942, 44.87042200007337], [-85.35038599973639, 44.87035699975392], [-85.35038999993435, 44.86856999986176], [-85.35055099959283, 44.868572999804734], [-85.35071299997453, 44.86856900030514], [-85.35087700000607, 44.86855999983841], [-85.3510410000376, 44.86855500014442], [-85.35120599989405, 44.868546000312165], [-85.35135300020713, 44.8685639999753], [-85.35150200017004, 44.86856800011187], [-85.35164100008721, 44.86858800015402], [-85.35177800035456, 44.86860100011401], [-85.35191999974647, 44.86859500023078], [-85.35205899966364, 44.86857599974755], [-85.35218099986237, 44.86857500019108], [-85.3522949996652, 44.868572999804734], [-85.35239900032057, 44.86857100005499], [-85.35258000007055, 44.868565999725284], [-85.35265799988836, 44.86855800008822], [-85.35276900021644, 44.86856299978194], [-85.3528589997298, 44.86855800008822], [-85.35292400002714, 44.86856999986176], [-85.35300199984495, 44.86857200024821]]], [[[-85.25192899978161, 44.85938599971032], [-85.2517530000545, 44.859380999856285], [-85.24631599979797, 44.859369999793856], [-85.24631199960001, 44.86370599977967], [-85.2476549998144, 44.863728999796436], [-85.24907400019677, 44.863692999987606], [-85.24935500040415, 44.863687000229525], [-85.2518650002075, 44.86369899974506], [-85.25184900031397, 44.86120599987363], [-85.25185400033685, 44.860818999707554], [-85.25188100010104, 44.86019999970218], [-85.25192899978161, 44.85938599971032]]], [[[-85.63348100022039, 45.026070000147286], [-85.62761899981642, 45.026076000100716], [-85.62418300044851, 45.026079000077175], [-85.62409700023478, 45.028603000131454], [-85.62729199957826, 45.028603000131454], [-85.63273100038293, 45.02860500002753], [-85.63343299964149, 45.02860500002753], [-85.63344600006027, 45.027911000159634], [-85.63348100022039, 45.026070000147286]]], [[[-85.2722750001438, 44.8779019999266], [-85.27226400027315, 44.87694799993394], [-85.2722609999001, 44.87668099995976], [-85.27183900012571, 44.876683000064304], [-85.27092000023386, 44.87668200001204], [-85.27086800035532, 44.87668099995976], [-85.27068599988213, 44.87667799980282], [-85.27068500005721, 44.8763419996952], [-85.27068500005721, 44.87568300023012], [-85.2706919997299, 44.875008000194235], [-85.27219899997581, 44.87499599985318], [-85.27219899997581, 44.87403800030717], [-85.2722059996485, 44.87375999970351], [-85.26877199993044, 44.87377800028248], [-85.26837600009532, 44.873767999890795], [-85.26823399980509, 44.873765000218555], [-85.26845999976092, 44.87396500009318], [-85.26852300040842, 44.87405299986877], [-85.26872099987682, 44.87432900014391], [-85.26945399999583, 44.87495900000598], [-85.26637400028008, 44.87502099997732], [-85.26637400028008, 44.876714999817885], [-85.26637400028008, 44.877872000259806], [-85.26660400043384, 44.87787399968638], [-85.27118800002246, 44.877915999723314], [-85.2722750001438, 44.8779019999266]]], [[[-85.1895669996455, 45.20756000014079], [-85.18427099985428, 45.207555000233974], [-85.18328099981733, 45.20755400025256], [-85.18325700042621, 45.20827799991822], [-85.18168599970787, 45.208274000043296], [-85.18168599970787, 45.20834700024808], [-85.18168599970787, 45.2084100000634], [-85.18168499988296, 45.20853999997407], [-85.18168200040822, 45.208957999883566], [-85.1816740000123, 45.210018999785945], [-85.18954999992707, 45.21003100030752], [-85.1895669996455, 45.20756000014079]]], [[[-85.61133800008237, 45.01827600017919], [-85.60897300004397, 45.015098999943405], [-85.60881400003531, 45.01526199984459], [-85.60833100016156, 45.014533999924396], [-85.60816999960477, 45.01427699971116], [-85.60776999957167, 45.014565999766454], [-85.60761599958589, 45.01480599991678], [-85.60751000017898, 45.014910999983805], [-85.60766900018764, 45.01517099980501], [-85.60820399993995, 45.01589700017771], [-85.60801099959609, 45.01609199997188], [-85.60792399955746, 45.0161810001229], [-85.60789400031854, 45.01621300031464], [-85.60717799991795, 45.01576300010354], [-85.60707400016089, 45.015875000243916], [-85.60701999973422, 45.01584199969235], [-85.60667499995272, 45.01562800017617], [-85.60661700022641, 45.01566899970329], [-85.6062380001097, 45.01588099999575], [-85.60558500035665, 45.01619499989152], [-85.60492400020766, 45.016708999729886], [-85.6043359998536, 45.01729199996402], [-85.6039969999199, 45.01752700004747], [-85.60383399971326, 45.0176829996864], [-85.60521700011061, 45.01770799997577], [-85.60646400006554, 45.01772999984031], [-85.60621999966806, 45.01798400003153], [-85.60600999960576, 45.018213000308116], [-85.60588499993231, 45.01834799985622], [-85.60582300000802, 45.01841799982591], [-85.60714600013091, 45.0184019997134], [-85.60719600035964, 45.0184019997134], [-85.60719299998658, 45.01832500010155], [-85.60765999996683, 45.01831899997072], [-85.61133800008237, 45.01827600017919]]], [[[-85.63460000012877, 45.036113000309], [-85.63404399956175, 45.03609099989078], [-85.62873900044804, 45.03585100008833], [-85.62874799977055, 45.03579099998042], [-85.6289059999543, 45.0347759997837], [-85.62892199984782, 45.034694000132674], [-85.62599299974481, 45.03467300028052], [-85.62617600004292, 45.0348020000666], [-85.62629599969351, 45.03490800012092], [-85.62708400006412, 45.03579000015796], [-85.62762800003723, 45.03639800008575], [-85.62778500039607, 45.03655599997632], [-85.62793199981087, 45.03665800009177], [-85.62804899998673, 45.03671499987176], [-85.62819299992677, 45.036763000076746], [-85.62841100038497, 45.036793999751325], [-85.62856299982262, 45.0368039997042], [-85.62871199978554, 45.03681400029009], [-85.62882399993852, 45.03683700023458], [-85.63008299958899, 45.03707100027534], [-85.63017300000068, 45.03707800014518], [-85.63144199969692, 45.03718200019609], [-85.63177800015589, 45.037208999818304], [-85.63186099999658, 45.03723000000934], [-85.63381199975818, 45.037327999741116], [-85.63407299987409, 45.03734200005182], [-85.63459299955777, 45.03734200005182], [-85.63460000012877, 45.036113000309]]], [[[-85.60582300000802, 45.01841799982591], [-85.60469900007676, 45.018421999694596], [-85.60381500034501, 45.01936899995182], [-85.60367600042784, 45.01930399979242], [-85.60347999971094, 45.0192129998263], [-85.60265000040586, 45.01882799983466], [-85.60261900044372, 45.018864000289994], [-85.60245000038933, 45.01910300009286], [-85.60237500004625, 45.01920900001287], [-85.60164799977501, 45.02006700026576], [-85.60154400001795, 45.02019000001872], [-85.60236599982542, 45.02045100009062], [-85.60251999981121, 45.020498999966996], [-85.60270800013218, 45.02055700005497], [-85.60259199978123, 45.02068100011168], [-85.60217699967953, 45.02112600001396], [-85.60321500029538, 45.021224000018606], [-85.60328499971726, 45.02114699975694], [-85.60339000019756, 45.02103399968852], [-85.60398799969906, 45.02039000025577], [-85.6057019996342, 45.018554999772896], [-85.60579899971859, 45.01844600017078], [-85.60582300000802, 45.01841799982591]]], [[[-85.60454699974079, 45.023479000215566], [-85.6045330003954, 45.02298000025531], [-85.60162900040675, 45.0229599999614], [-85.60169200015594, 45.02289099987791], [-85.60175099970718, 45.02282800000507], [-85.6007039997688, 45.02281700010079], [-85.59941900017907, 45.022808999707316], [-85.59936899995034, 45.022950000129285], [-85.59935200023193, 45.02299799981546], [-85.59931399969877, 45.02321099968329], [-85.60047799981301, 45.02324499983926], [-85.60132399990992, 45.02327299972845], [-85.60114900000772, 45.02345599998218], [-85.60107299983974, 45.02354800022528], [-85.60035999981223, 45.02355599988058], [-85.5992889995844, 45.02355399980814], [-85.59927000021615, 45.02383799987239], [-85.59924099990383, 45.02398999998074], [-85.60024299963636, 45.02400699982992], [-85.60085500027986, 45.024010999943116], [-85.60248700019923, 45.02402000019672], [-85.60252099963611, 45.023773999739426], [-85.60255599979621, 45.0235229999461], [-85.60401000033868, 45.023346000146105], [-85.60454699974079, 45.023479000215566]]], [[[-85.60737999958432, 45.02227899972115], [-85.60733100007884, 45.02128300008303], [-85.60461000038829, 45.02128300008303], [-85.60479799981097, 45.02230000031116], [-85.60737999958432, 45.02227899972115]]], [[[-85.60228499963458, 45.02555299989335], [-85.6011890001907, 45.02551199982442], [-85.60015999979566, 45.02550199980318], [-85.59928299973662, 45.02551199982442], [-85.59936499975238, 45.02621700009517], [-85.59936700030052, 45.026278000070725], [-85.60021199967423, 45.026314000285964], [-85.6013640000929, 45.0262909999218], [-85.60227899978678, 45.026314000285964], [-85.60228499963458, 45.02555299989335]]], [[[-85.60223699995397, 45.024465000178694], [-85.6009359995724, 45.0245250000971], [-85.60089700011265, 45.024365999985335], [-85.60087299982322, 45.0242719997395], [-85.60086000030273, 45.02418800022682], [-85.60021500004727, 45.024169999770976], [-85.59921400013964, 45.0241239998502], [-85.59927000021615, 45.024277999881384], [-85.59918900002529, 45.024707000142165], [-85.59922800038336, 45.02504000009083], [-85.60013399985641, 45.02504600015222], [-85.60105600012132, 45.02503200000797], [-85.60220599999184, 45.025045000142], [-85.60223699995397, 45.024465000178694]]], [[[-85.60438699990723, 45.02252300014455], [-85.6021390000447, 45.022408000139606], [-85.60200199977734, 45.022550999751886], [-85.60193900002814, 45.0226210002977], [-85.60437900040962, 45.02271700018147], [-85.60438699990723, 45.02252300014455]]]]}, "properties": {"NAME": "Grand Traverse (Trust Land)", "GEOID": "1370T", "_type": "trust"}}, {"type": "Feature", "geometry": {"type": "MultiPolygon", "coordinates": [[[[-90.6065110002233, 43.66931000006529], [-90.60328599984429, 43.66933199982454], [-90.59192500015783, 43.66939100023186], [-90.59179100026353, 43.66939100023186], [-90.59142399984242, 43.668005999754776], [-90.59131800043552, 43.66758199992895], [-90.59080600024944, 43.667670000151354], [-90.5903109997818, 43.667600000132595], [-90.58992300034261, 43.66729900009651], [-90.58978100005237, 43.666893000240904], [-90.5892689998663, 43.665443999867065], [-90.58895099984899, 43.66507299970047], [-90.5885440001432, 43.66480800012715], [-90.58812999986642, 43.66485899968968], [-90.58689399978216, 43.66498699975137], [-90.58681599996436, 43.66497399986923], [-90.58673700032165, 43.66496200007555], [-90.58664199988708, 43.664947000005085], [-90.5861919996253, 43.66489699995986], [-90.5858679997602, 43.66493799983106], [-90.58518999989276, 43.66508299994349], [-90.58449899960655, 43.66520699982897], [-90.58400800023519, 43.665265000305915], [-90.58364099981408, 43.66524299970585], [-90.58306300040405, 43.66511799980611], [-90.58242300017146, 43.66496799997269], [-90.58178799996175, 43.664752000048004], [-90.58097200000206, 43.66449200020295], [-90.58060700012908, 43.66443599982898], [-90.57960299984839, 43.6643699996925], [-90.57960000037367, 43.66453800019253], [-90.57893000000385, 43.66447100006883], [-90.57891800030829, 43.664900999679055], [-90.57959399962758, 43.66500000028052], [-90.58067099970317, 43.66512599986468], [-90.58069699964246, 43.665559000225606], [-90.58074400039642, 43.66611299980381], [-90.58095199991057, 43.66613700022834], [-90.58154000026462, 43.66616500027825], [-90.58159200014316, 43.666725999895355], [-90.58171000014393, 43.667779999923034], [-90.58171400034189, 43.66810999997802], [-90.5812139998514, 43.668112000055544], [-90.58121999969919, 43.6685509998597], [-90.58197600028271, 43.668557000047926], [-90.58236399972192, 43.66855900011054], [-90.58269799963277, 43.668957000197025], [-90.58310500023686, 43.669477999735484], [-90.58375399979198, 43.66995100023016], [-90.58430699998593, 43.67032600014509], [-90.58262200036309, 43.67144700019413], [-90.58175899964944, 43.671430999811484], [-90.57710700028876, 43.67135799967674], [-90.57679500011923, 43.67135599970738], [-90.57685100019572, 43.67498600002269], [-90.5771039999157, 43.67498799987108], [-90.58180800005323, 43.675086000156206], [-90.58182800014471, 43.67664099989077], [-90.58182899996963, 43.676690000003], [-90.58190599996253, 43.68238300020594], [-90.58320999981885, 43.682393000163415], [-90.58687100021594, 43.682423999826135], [-90.58852499987664, 43.68243800027624], [-90.5888880000998, 43.68243999987627], [-90.58937599999642, 43.68244399972572], [-90.58984100032684, 43.68236700014059], [-90.59051900019428, 43.68233299974393], [-90.59053500008778, 43.68245500012243], [-90.5910280000073, 43.68245999977053], [-90.59187699957894, 43.68246599986746], [-90.59190000004348, 43.684288000021574], [-90.59244499984152, 43.68471700016174], [-90.59249699972005, 43.68474299981569], [-90.59253899955286, 43.68476499976397], [-90.59258100028396, 43.68478699970419], [-90.59262200029184, 43.6848100000464], [-90.59266300029974, 43.684832999730205], [-90.59270299958438, 43.68485699981457], [-90.59274299976735, 43.684882000298195], [-90.59278200012541, 43.68490700012178], [-90.59281999976024, 43.68493199993499], [-90.59285800029339, 43.68495800014538], [-90.59289500010331, 43.68498399969493], [-90.59293199991322, 43.68501100028958], [-90.59297299992112, 43.685043000304915], [-90.59300300005835, 43.6850659998994], [-90.5930420004164, 43.68509799988539], [-90.5930709998304, 43.68512300026859], [-90.5931040003407, 43.68515200031026], [-90.59313699995265, 43.68518099968834], [-90.5931679999148, 43.6852110001054], [-90.59319899987693, 43.68524200026078], [-90.59322999983907, 43.68527199999776], [-90.59325900015139, 43.68530300012162], [-90.59328799956539, 43.685334999981194], [-90.59331600005278, 43.685366000072506], [-90.59334299981698, 43.68539799989847], [-90.59336999958116, 43.68543100010712], [-90.59340200026651, 43.68548500023227], [-90.59341999980987, 43.685496999820394], [-90.5934440000993, 43.68552999997459], [-90.59346800038875, 43.68556399985854], [-90.59348299955906, 43.685578000225526], [-90.59349000013006, 43.68559799972327], [-90.59351199987137, 43.6856320002183], [-90.59353299978777, 43.68566699979069], [-90.59355299987925, 43.68570100024665], [-90.59357200014583, 43.68573700017344], [-90.59358999968919, 43.68577199968457], [-90.59360800013084, 43.685806999824834], [-90.59362400002436, 43.685842999688006], [-90.5936399999179, 43.685879000179185], [-90.59365499998651, 43.68591499999914], [-90.59366699968207, 43.685977999956904], [-90.5942180002262, 43.68593099976783], [-90.59678599975588, 43.68585499985413], [-90.6016870004352, 43.685709000160074], [-90.6016870004352, 43.68372100023562], [-90.6016870004352, 43.68354400017755], [-90.6016870004352, 43.6832469999969], [-90.6016870004352, 43.682982999901206], [-90.60168800026011, 43.68214699994615], [-90.60165499974984, 43.67887500023786], [-90.6016520002751, 43.6785600001722], [-90.6018630001623, 43.6785560000638], [-90.60326999995078, 43.67851200015313], [-90.60340100037035, 43.678508000041525], [-90.6034690001424, 43.67849499983938], [-90.60351799964789, 43.678489999860865], [-90.60366699961081, 43.678474999922706], [-90.6037219998624, 43.67847200032445], [-90.60390900035847, 43.67848099976848], [-90.60395700003905, 43.678497000220524], [-90.60402700035922, 43.67849599970513], [-90.60444699958549, 43.67848599974779], [-90.6064900003069, 43.678407999763515], [-90.6064960001547, 43.678257000138814], [-90.60648799975878, 43.67809399971736], [-90.60646500019256, 43.677618000089225], [-90.60649899962944, 43.674838000013025], [-90.60650500037553, 43.672053999903724], [-90.6065110002233, 43.66931000006529]]], [[[-90.69060100039574, 44.43672200029499], [-90.69059499964963, 44.43308200027318], [-90.68521299964469, 44.43307099989653], [-90.68063099970591, 44.433060000159266], [-90.68051899955292, 44.433067999793465], [-90.68051899955292, 44.43305700005564], [-90.677708000349, 44.433033999897354], [-90.67603700007157, 44.43302300015313], [-90.67490700029252, 44.43300900030074], [-90.67236599962871, 44.43298700015934], [-90.66985300035063, 44.43296399997355], [-90.66985099980249, 44.43327200003752], [-90.66984599977961, 44.434768000167054], [-90.66984499995472, 44.43497700025863], [-90.6698440001298, 44.43527400001435], [-90.66983900010693, 44.43655300031687], [-90.66478500016504, 44.43650200029951], [-90.65969799971288, 44.43644699969016], [-90.65969100004017, 44.43665800013685], [-90.65970000026101, 44.43708599982139], [-90.65969699988797, 44.43798299994815], [-90.65970899958353, 44.43850399994172], [-90.65970899958353, 44.44029399968758], [-90.65971699997945, 44.44168300028061], [-90.65975200013955, 44.44221599980914], [-90.65971899962928, 44.442682000026196], [-90.65973500042112, 44.44333700025969], [-90.65973200004807, 44.443762000208444], [-90.6601570001955, 44.44375199976984], [-90.66085000013155, 44.44375400011422], [-90.66305899963601, 44.44377699990115], [-90.66478099996706, 44.443780000095806], [-90.66486600035589, 44.443780999946824], [-90.66491800023444, 44.447432999836835], [-90.66996200013058, 44.44749699973581], [-90.67494599975227, 44.447537999984995], [-90.67502699994311, 44.447537000198224], [-90.67506200010321, 44.44916199983058], [-90.67512599967732, 44.45118800024803], [-90.67777600012107, 44.451233000006766], [-90.68059999974378, 44.45121400012708], [-90.68061800018543, 44.45121400012708], [-90.68060999978951, 44.44939199972737], [-90.68060700031478, 44.44884800028807], [-90.68059999974378, 44.44741700001148], [-90.68058399985023, 44.447303000246976], [-90.68058200020042, 44.447171999933516], [-90.68059100042124, 44.44687900020547], [-90.68057700017755, 44.446480999713565], [-90.68057600035264, 44.44604099991628], [-90.6805599995608, 44.445334999854786], [-90.6805739998045, 44.44481099970649], [-90.68055700008605, 44.444379000166606], [-90.68058100037551, 44.44395000018335], [-90.68058600039838, 44.44386600005098], [-90.6814399999929, 44.443867999750154], [-90.6844810002489, 44.443886000246145], [-90.68554499990572, 44.44390999982997], [-90.68601400043407, 44.44392100009021], [-90.68675699970052, 44.443928000313036], [-90.68689200031805, 44.44392400027743], [-90.6869879996792, 44.44391100032017], [-90.69052500022775, 44.44391600020538], [-90.69052600005267, 44.44366600028815], [-90.6905350002735, 44.44280999990304], [-90.6905360000984, 44.44272600005558], [-90.69054199994618, 44.44217799994958], [-90.69056299986258, 44.44027300027573], [-90.69057499955815, 44.43902100004962], [-90.69060100039574, 44.43672200029499]], [[-90.67247699995679, 44.4456890001292], [-90.66998600042002, 44.44566299971462], [-90.66995000043501, 44.44566299971462], [-90.66992699997049, 44.44381800019602], [-90.67001999985689, 44.44381800019602], [-90.67244000014688, 44.44386699990057], [-90.67247500030697, 44.445591999707574], [-90.67247699995679, 44.4456890001292]], [[-90.68556199962416, 44.4366889999316], [-90.68556099979922, 44.43713799993517], [-90.68555400012656, 44.43999200021215], [-90.68555400012656, 44.44030300016615], [-90.68543000027799, 44.44030300016615], [-90.68448299989873, 44.44030300016615], [-90.68065300034554, 44.44030699980836], [-90.68054600021541, 44.44030599989783], [-90.6805599995608, 44.44264799995162], [-90.68056299993384, 44.44293900000623], [-90.68056799995672, 44.44386600005098], [-90.68051199988022, 44.44386600005098], [-90.67960499968395, 44.443867999750154], [-90.67915399959723, 44.443862999860784], [-90.67906200043404, 44.44386500020142], [-90.67854600005, 44.44387400012987], [-90.67745200025597, 44.443857000121284], [-90.67637299963222, 44.443857999970994], [-90.67571800022934, 44.443849999889956], [-90.67498299956218, 44.44384699969889], [-90.67496800039187, 44.44384699969889], [-90.67498000008744, 44.443727000269135], [-90.67493900007958, 44.44040499993495], [-90.67493800025466, 44.4402489998392], [-90.67489200022389, 44.436605000263484], [-90.67515699963946, 44.43661300005384], [-90.67658000021979, 44.43662599971077], [-90.6777019996029, 44.436635000113], [-90.67781200010609, 44.436630000246055], [-90.68052699994885, 44.43664899973815], [-90.6806440001247, 44.436649999711264], [-90.68498599986397, 44.43668400006927], [-90.68556199962416, 44.4366889999316]]], [[[-90.8024200000273, 44.3349429998788], [-90.80228699995793, 44.331337999952645], [-90.79664100036233, 44.33130999976348], [-90.79674299957125, 44.327681999687734], [-90.79170100022326, 44.32765500023229], [-90.79159699956787, 44.331284999743886], [-90.78643399984604, 44.33125599968213], [-90.78652000005978, 44.328678000046594], [-90.78655600004478, 44.327629999939994], [-90.78162599995144, 44.32760500027967], [-90.77871000026722, 44.327584000248265], [-90.77153700033425, 44.32753299968179], [-90.77139500004404, 44.331190999934734], [-90.77144500027273, 44.334870999935895], [-90.77157400014417, 44.33487799972005], [-90.77162099999984, 44.33487600014897], [-90.77186399967408, 44.33487300014964], [-90.77325299991921, 44.33487999993356], [-90.77341100010298, 44.33488200014705], [-90.77822400002043, 44.3348899997152], [-90.78140500001852, 44.334894999926654], [-90.78149899972985, 44.334894999926654], [-90.78168500040098, 44.33752700013637], [-90.78178800033315, 44.33899500024583], [-90.78188600024244, 44.34039399970757], [-90.78195599966433, 44.34139000005521], [-90.78192999972507, 44.34240500010065], [-90.78192100040256, 44.342776000233435], [-90.78190299996089, 44.3453620001392], [-90.78696299975056, 44.34547600016887], [-90.78688499993275, 44.34184200023539], [-90.78731000008018, 44.341852999781345], [-90.79184400033839, 44.34197100015368], [-90.79167500028399, 44.338273000233194], [-90.7914919999859, 44.334953000292195], [-90.79638299972116, 44.33496900005062], [-90.80200099972765, 44.33496900005062], [-90.8024200000273, 44.3349429998788]]], [[[-90.91537500018403, 43.88128400004439], [-90.91032999956465, 43.88130099977413], [-90.91033100028788, 43.881265999944375], [-90.9103880001893, 43.87891000020536], [-90.91048299972553, 43.87496800029688], [-90.91055999971843, 43.87048199979834], [-90.90517500023876, 43.870354000300715], [-90.90520399965274, 43.8666960001459], [-90.90018700041911, 43.8666430001729], [-90.89529800033365, 43.86655799999555], [-90.89528099971692, 43.86821899982647], [-90.8952670003715, 43.869785000153016], [-90.89519200002844, 43.873779000011986], [-90.90015200025901, 43.87383100027267], [-90.90002599986231, 43.881118999787454], [-90.90018900006892, 43.8811209998757], [-90.90506399991067, 43.8811820002691], [-90.90502799992565, 43.88482999979227], [-90.90508599965197, 43.88483100009785], [-90.90528900004155, 43.88483399971958], [-90.90787400018797, 43.88487400027248], [-90.9079329997392, 43.884874999929856], [-90.90881499982115, 43.884889999968145], [-90.90910500024937, 43.884893999891425], [-90.90997800011047, 43.88490899992493], [-90.9102409998762, 43.88491400015106], [-90.9102700001885, 43.88491400015106], [-90.9115509995803, 43.88491499980777], [-90.91242699981444, 43.88491800007273], [-90.91528599959726, 43.88490300004145], [-90.91530800023688, 43.884001999999256], [-90.91537500018403, 43.88128400004439]]], [[[-89.78658600012159, 43.54034500012531], [-89.78655699980925, 43.539796000076706], [-89.78655699980925, 43.539725000006634], [-89.78655099996148, 43.53924700023865], [-89.78652199964915, 43.53869799996015], [-89.78636600001354, 43.53760000003579], [-89.7863259998306, 43.53705099973906], [-89.78649700043312, 43.53636099976436], [-89.78646899994571, 43.53623499983381], [-89.78645100040237, 43.53615399992553], [-89.78535300041037, 43.536143000090355], [-89.78283100001313, 43.53611899985105], [-89.77820399986852, 43.53607499982167], [-89.7778309995996, 43.53607099999505], [-89.7778309995996, 43.536544000124906], [-89.77782700029996, 43.536929999985944], [-89.7778309995996, 43.53791800015624], [-89.77782499975183, 43.53968800025799], [-89.77767300031418, 43.53968899982913], [-89.77294499988722, 43.539694999860195], [-89.77288100031312, 43.53270699974009], [-89.77287899976498, 43.53243800001631], [-89.77256699959544, 43.53244699984246], [-89.77176599970437, 43.5324460001513], [-89.77102900028572, 43.53244000005015], [-89.76889400040109, 43.53243800001631], [-89.76868900036168, 43.53243599998241], [-89.7686910000115, 43.53270499971511], [-89.76869500020946, 43.53350400018674], [-89.7665639996245, 43.533500999863264], [-89.7665579997767, 43.532695000240395], [-89.76655600012687, 43.53242599981186], [-89.76624300013243, 43.53242599981186], [-89.76556299971686, 43.53242900018882], [-89.7646210002588, 43.53242500012031], [-89.76317400028734, 43.53241999970872], [-89.76317400028734, 43.53268900016402], [-89.76310300014222, 43.53965699987032], [-89.76312099968558, 43.54187999969497], [-89.7631299999064, 43.54282300031653], [-89.76313300027945, 43.543259000061575], [-89.77544399981991, 43.543301999895455], [-89.7754200004288, 43.54239699984397], [-89.77771199977393, 43.542402000079434], [-89.77790099991982, 43.542400999902135], [-89.77785400006415, 43.54088199990902], [-89.77784599966823, 43.54055700029119], [-89.77821899993714, 43.540560999820244], [-89.77929900038579, 43.54056999973649], [-89.77937300000563, 43.542746999697734], [-89.77938800007423, 43.54319299968143], [-89.7793920002722, 43.543319000048456], [-89.78293099957226, 43.54334400018816], [-89.78656299965705, 43.543409999751844], [-89.78656100000723, 43.54322599988051], [-89.78654699976352, 43.540893999733136], [-89.78658600012159, 43.54034500012531]]], [[[-89.17884499971011, 44.85599799986044], [-89.17884200023538, 44.85571700002698], [-89.17882600034184, 44.85220700000908], [-89.17791999997047, 44.852195999849855], [-89.17373899988968, 44.85214699998337], [-89.17368100016337, 44.84854600005745], [-89.16886400004793, 44.84843499975141], [-89.16864800013788, 44.848433999845234], [-89.16864899996277, 44.848484000228474], [-89.16140700043283, 44.84838900022747], [-89.15845400004038, 44.84833600003816], [-89.15845200039055, 44.851931999855545], [-89.15591999994757, 44.85191400008683], [-89.15338800040293, 44.85184800003774], [-89.15340400029645, 44.85215499999042], [-89.1534210000149, 44.85584300015812], [-89.15323400041716, 44.85584199974374], [-89.1531680002949, 44.85584099996616], [-89.15296999992817, 44.85583899977408], [-89.15290399980594, 44.85583899977408], [-89.15273200027681, 44.855837000218784], [-89.1526610001317, 44.855837000218784], [-89.15193399986046, 44.85584000018851], [-89.15185799969247, 44.85584099996616], [-89.15169200001112, 44.85583899977408], [-89.15134800005455, 44.85583500002657], [-89.1510059997478, 44.855832000056594], [-89.15031899965952, 44.855829999864206], [-89.14997600042618, 44.855829999864206], [-89.14969500021876, 44.85582499970139], [-89.14916799996409, 44.85581599978932], [-89.14885199959659, 44.855812999818355], [-89.14857200011241, 44.855812000040224], [-89.14840399988293, 44.85580999984718], [-89.14790099991767, 44.85580699987585], [-89.14773400041142, 44.85580600009766], [-89.14667499987917, 44.85579899973935], [-89.14553199968134, 44.85578300009972], [-89.14553099985642, 44.85583400024887], [-89.14533400021293, 44.8558280003086], [-89.14533099983987, 44.856301000263315], [-89.1433549999639, 44.856269999755156], [-89.1433549999639, 44.85631699975896], [-89.14335199959086, 44.85670799994297], [-89.14335400013901, 44.857171000219296], [-89.14334300026835, 44.857738999985855], [-89.14334400009325, 44.85858599971386], [-89.15253300008519, 44.857846999688675], [-89.15365899966626, 44.85778300019584], [-89.15485999959043, 44.85768800025033], [-89.15490999981914, 44.8576849997401], [-89.15537900034751, 44.8576480002264], [-89.15851099994177, 44.85737299994639], [-89.1592649999772, 44.85730300014014], [-89.16270500044136, 44.857020000155934], [-89.16356200040893, 44.856949999920516], [-89.1635599998608, 44.85660599987409], [-89.16354999981506, 44.855918999760284], [-89.16353599957135, 44.855918999760284], [-89.1634970001116, 44.855918999760284], [-89.16303699980406, 44.85592199972574], [-89.16304100000202, 44.85540000019603], [-89.16347399964708, 44.855403999973696], [-89.16353300009662, 44.855404999758925], [-89.16352200022597, 44.85290799997694], [-89.16352200022597, 44.85282999992543], [-89.16351499965495, 44.852195999849855], [-89.16351399983004, 44.85212799980301], [-89.16351399983004, 44.85204500011463], [-89.16674099985889, 44.85208399972987], [-89.16684999963883, 44.852082999887045], [-89.16729099967979, 44.85209099990298], [-89.16859999955898, 44.852106000089044], [-89.16868900014575, 44.852106000089044], [-89.16868999997067, 44.8521990000093], [-89.16869599981845, 44.85278400009048], [-89.16869699964337, 44.852944000160996], [-89.16869800036658, 44.85299299998623], [-89.16870300038946, 44.85335800002361], [-89.16870599986419, 44.85364599988935], [-89.16871099988707, 44.854084000294236], [-89.16871500008503, 44.854509999760545], [-89.16871799955976, 44.85474999983005], [-89.16871699973484, 44.854798000233345], [-89.16871400026012, 44.855028999704324], [-89.1687130004352, 44.85512100020874], [-89.16871400026012, 44.8556120001316], [-89.16871099988707, 44.85572299997881], [-89.1687050000393, 44.85595499997249], [-89.1705570000667, 44.85593400022291], [-89.17427700001502, 44.85596399986284], [-89.17877899958786, 44.85599700008552], [-89.17884499971011, 44.85599799986044]]], [[[-90.63079300044392, 43.63188199988842], [-90.63075099971282, 43.63168299985735], [-90.62971200017036, 43.627419000082945], [-90.62968299985805, 43.62722499992742], [-90.6296650003147, 43.62720900011459], [-90.62964600004813, 43.62719100015747], [-90.62963199980442, 43.62717799989612], [-90.62961799956072, 43.627164000211685], [-90.62960400021534, 43.6271499998738], [-90.62959099979655, 43.62713600018289], [-90.62957800027606, 43.62712199983847], [-90.62956499985727, 43.62710700006962], [-90.6295530001617, 43.6270929997184], [-90.62954099956782, 43.627077999942365], [-90.62952899987225, 43.627063000162536], [-90.62951800000161, 43.62704799972872], [-90.62950700013096, 43.62703299994139], [-90.6294960002603, 43.6270170000774], [-90.62948600021456, 43.627002000282346], [-90.62947699999371, 43.62698599975991], [-90.62946699994798, 43.62697099995713], [-90.6294610001002, 43.62695999979594], [-90.62944900040463, 43.626939000191946], [-90.6294410000087, 43.62692300030298], [-90.62943299961279, 43.62690699975946], [-90.62942900031315, 43.62689700031172], [-90.6294190002674, 43.626873999884964], [-90.6294119996964, 43.626857999978654], [-90.6294059998486, 43.62684099999229], [-90.62940000000083, 43.62682500007725], [-90.62939400015306, 43.626808000081546], [-90.62938900013017, 43.626791000080985], [-90.62938400010732, 43.62677500015264], [-90.62938199955916, 43.62676500003267], [-90.62937599971139, 43.62674100012815], [-90.62937300023665, 43.626724000108695], [-90.6293699998636, 43.62670700008443], [-90.62936700038887, 43.626690000055355], [-90.62936499984073, 43.62667300002142], [-90.62936300019092, 43.62665599998273], [-90.62936099964276, 43.62663899993924], [-90.62935999981785, 43.626621999890936], [-90.62935999981785, 43.62660399975807], [-90.62934099955129, 43.62586700016479], [-90.62934099955129, 43.62585400026732], [-90.62934099955129, 43.625819999721884], [-90.6293420002745, 43.625786999900846], [-90.62934300009942, 43.62575299996778], [-90.62934599957416, 43.625722999743104], [-90.6293489999472, 43.62568600013896], [-90.62935300014516, 43.625652000148776], [-90.62935700034312, 43.62561900023552], [-90.62936300019092, 43.62558500020743], [-90.6293690000387, 43.625552000257386], [-90.6293770004346, 43.62551900028922], [-90.62938400010732, 43.625485000204584], [-90.62939300032814, 43.62545200019964], [-90.62940300037388, 43.625419000176585], [-90.62941300041962, 43.62538700023547], [-90.62942400029029, 43.62535400017673], [-90.62943599998584, 43.625321000099866], [-90.62944900040463, 43.62528900010658], [-90.6294619999251, 43.62525700009627], [-90.62947600016881, 43.62522500006886], [-90.62949100023742, 43.625193000024474], [-90.62950700013096, 43.62516099996305], [-90.6295239998494, 43.625129999988886], [-90.62954099956782, 43.62509899999878], [-90.6295590000095, 43.62506799999263], [-90.62957800027606, 43.6250369999705], [-90.62959699964432, 43.62500599993239], [-90.62961699973579, 43.62497599998518], [-90.62963799965219, 43.62494600002301], [-90.62966000029182, 43.62491600004586], [-90.62968200003314, 43.62488700016206], [-90.62970600032257, 43.62485800026433], [-90.62973200026185, 43.62482499991519], [-90.62977499991956, 43.624775000277836], [-90.62981900030049, 43.62472399983754], [-90.62986399960802, 43.62467500022804], [-90.62990999963877, 43.62462599992836], [-90.62995800021766, 43.624577000238986], [-90.63000599989823, 43.62453000008797], [-90.63005600012694, 43.624481999785175], [-90.63010700018057, 43.624435999675825], [-90.63015900005911, 43.624390000181464], [-90.63017999997551, 43.62437099991358], [-90.63020400026495, 43.624351000172695], [-90.6302209999834, 43.62433300001003], [-90.63024100007488, 43.624313999724095], [-90.63026100016637, 43.624293999964245], [-90.63027899970972, 43.62427400019775], [-90.63029799997629, 43.62425399977431], [-90.63031600041793, 43.6242339999945], [-90.63033300013639, 43.624213000088474], [-90.63034999985481, 43.62419200017509], [-90.63036599974834, 43.624171000254385], [-90.63038199964187, 43.62414999967612], [-90.6303969997105, 43.62412899974074], [-90.6304119997791, 43.624106999676734], [-90.63042699984771, 43.624085000254915], [-90.6304400002665, 43.624063000174814], [-90.6304539996119, 43.624041000086606], [-90.63046600020577, 43.6240189999904], [-90.63047899972625, 43.62399599976296], [-90.6304899995969, 43.62397400030052], [-90.63050100036587, 43.62395100005586], [-90.63051200023654, 43.623927999802405], [-90.63052200028227, 43.62390500019043], [-90.6305309996048, 43.62388199991938], [-90.63053999982563, 43.623859000289805], [-90.63054900004644, 43.623834999875335], [-90.63055599971915, 43.62381200022778], [-90.63056400011506, 43.62379000004771], [-90.63056999996283, 43.62376400000192], [-90.63057599981063, 43.62374099967692], [-90.63058199965842, 43.62371699986562], [-90.63058699968128, 43.62369500030108], [-90.63059099987923, 43.62366900021419], [-90.6305950000772, 43.62364699998185], [-90.63059799955194, 43.623620999874205], [-90.63060099992498, 43.62359700001495], [-90.6306029995748, 43.62357300014613], [-90.63060400029804, 43.62354900026777], [-90.63060500012296, 43.62352400024874], [-90.63060500012296, 43.62349999970053], [-90.63060500012296, 43.62347599979298], [-90.63060400029804, 43.62345199987584], [-90.6306029995748, 43.62342799994918], [-90.63060099992498, 43.62340400001288], [-90.63059799955194, 43.623380000067], [-90.6305950000772, 43.62335600011159], [-90.63059099987923, 43.62333200014655], [-90.63058800040452, 43.62331099992542], [-90.63058300038163, 43.62328699994242], [-90.63057900018369, 43.623270999731716], [-90.63057499998573, 43.623256000302455], [-90.63056999996283, 43.62324000008345], [-90.63056499993998, 43.62322399986023], [-90.6305599999171, 43.623208000283], [-90.63055400006932, 43.62319200005122], [-90.63054800022155, 43.623176999952], [-90.63054200037375, 43.62316099971197], [-90.63053499980275, 43.62314600025531], [-90.63052999977987, 43.62313299976941], [-90.63051999973413, 43.623114999892344], [-90.63051300006143, 43.62309999977391], [-90.63050399984061, 43.62308500030199], [-90.63049600034302, 43.62307000017607], [-90.63048700012217, 43.62305500004643], [-90.63047700007644, 43.62303999991302], [-90.6304679998556, 43.62302599991517], [-90.63045799980985, 43.623010999774536], [-90.6304469999392, 43.62299699976993], [-90.63043699989346, 43.62298200027235], [-90.6304260000228, 43.622968000261], [-90.63041400032725, 43.62295400024642], [-90.63040199973335, 43.622940999719], [-90.63039000003778, 43.6229269996981], [-90.63037800034223, 43.62291300032422], [-90.63036499992344, 43.62289999978793], [-90.63035200040295, 43.62288699989913], [-90.63033899998416, 43.62287400000752], [-90.63032499974047, 43.62286100011309], [-90.63031100039508, 43.622848000215846], [-90.63029700015137, 43.622835999808004], [-90.63028299990768, 43.62282299990536], [-90.63026799983905, 43.62281100014282], [-90.63025299977043, 43.622798999727536], [-90.63023699987691, 43.62278800010346], [-90.6302209999834, 43.62277599968363], [-90.63020500008986, 43.622765000055345], [-90.63018900019634, 43.622753999774794], [-90.63017300030282, 43.62274300014247], [-90.63016200043216, 43.6227359997842], [-90.63013899996763, 43.62272100022151], [-90.63012700027205, 43.622715000005186], [-90.63010399980752, 43.62270099993169], [-90.63008600026419, 43.6226909997843], [-90.63006799982253, 43.62268199978024], [-90.63005000027917, 43.62267200027998], [-90.63003199983751, 43.622663000273086], [-90.63001299957092, 43.62265400026489], [-90.62999400020267, 43.62264599975066], [-90.6299749999361, 43.622636999739875], [-90.62995599966953, 43.62262899987367], [-90.62993599957802, 43.62262100000642], [-90.62991700020979, 43.622613000138095], [-90.62988799989746, 43.62260299997605], [-90.62929399969562, 43.6223879999915], [-90.62913999970984, 43.6223320000236], [-90.62895700031004, 43.62226599978539], [-90.62825799962789, 43.62240899988474], [-90.62777999977702, 43.62250600000865], [-90.62754899979832, 43.62255299979116], [-90.62691899961148, 43.62226900024119], [-90.62672399961781, 43.62218199996862], [-90.6259210000769, 43.62259200031611], [-90.62587599987107, 43.62260999969952], [-90.62582700036559, 43.622697000002965], [-90.62560700025757, 43.62308199988692], [-90.62553799976227, 43.623203999737704], [-90.62566699963371, 43.62322600013222], [-90.62717700025266, 43.62342699981653], [-90.62723499997898, 43.6235890002765], [-90.62749899956962, 43.624408999793104], [-90.62756399986695, 43.62460699973503], [-90.62741400007913, 43.625041999849294], [-90.62729799972817, 43.62553700009676], [-90.62708099999318, 43.626058999973694], [-90.62686500008311, 43.626984999686506], [-90.62679300011308, 43.62775099969409], [-90.62641099962337, 43.627973999811616], [-90.6258280001905, 43.62828100026737], [-90.62543999985297, 43.62828100026737], [-90.62493500023791, 43.62828100026737], [-90.62452500015908, 43.6283160001223], [-90.6240199996457, 43.62838499972095], [-90.6230189997381, 43.628519999837366], [-90.62260799983434, 43.628513000151855], [-90.6218360002556, 43.6284620002821], [-90.62184299992829, 43.62859999971514], [-90.62186999969246, 43.62962499969952], [-90.6218649996696, 43.63016500020992], [-90.62181399961598, 43.63033400019164], [-90.62168700029268, 43.63045400024793], [-90.62149399994884, 43.63051999994922], [-90.62078099992131, 43.630559999870826], [-90.6194639996462, 43.63061399995035], [-90.61912200023775, 43.630621000041394], [-90.61858199956427, 43.63063200018279], [-90.6182889996613, 43.63061800000246], [-90.6181050004366, 43.63060899988482], [-90.61748899959514, 43.63053300013796], [-90.61684400023798, 43.63041999970364], [-90.61622099972382, 43.63033000012059], [-90.61556200012296, 43.630281999897754], [-90.61480200023979, 43.63024299981039], [-90.61397600023433, 43.630255000039995], [-90.61334100002462, 43.63033200015612], [-90.61258799981412, 43.63041500027218], [-90.61192900021327, 43.63048200003153], [-90.61168099961785, 43.63051599989059], [-90.61172400017387, 43.638808000246904], [-90.61233500009415, 43.63879900005552], [-90.61317199997022, 43.63879900005552], [-90.61339799992604, 43.63879499989781], [-90.6182689995698, 43.63871599981639], [-90.61945199995061, 43.63870800013978], [-90.62168700029268, 43.63869899993342], [-90.62192999996692, 43.63869899993342], [-90.6268290000981, 43.63869600029773], [-90.62672799981577, 43.63186500002262], [-90.63052899995496, 43.631880999896474], [-90.63079300044392, 43.63188199988842]]], [[[-89.1636440004247, 44.86324499977592], [-89.16364299970148, 44.863224000138096], [-89.16362400033323, 44.86208000016765], [-89.1636019996936, 44.86003700030145], [-89.16356700043181, 44.85958599988296], [-89.16356700043181, 44.85930100022252], [-89.16356099968571, 44.85886900027951], [-89.16354499979218, 44.85757599998592], [-89.16354099959423, 44.85724499983591], [-89.16281099984826, 44.85730300014014], [-89.16267000028127, 44.85731499971268], [-89.1618290002072, 44.85738300000274], [-89.16098800013317, 44.857451999962166], [-89.15938999965068, 44.8575819997441], [-89.15860899985108, 44.857656000106076], [-89.15846400008613, 44.857669999733595], [-89.15556299957221, 44.85794799972865], [-89.15256499987223, 44.858120999877244], [-89.14704099957706, 44.858556999896834], [-89.14333900007038, 44.85889200031839], [-89.14014999967638, 44.85913699982987], [-89.13973200009995, 44.85917500001681], [-89.13827000005989, 44.8592900001448], [-89.13827599990766, 44.86128600004423], [-89.13985799959833, 44.861264000008404], [-89.14129700007217, 44.8612470002933], [-89.14135300014867, 44.8612470002933], [-89.14134499975276, 44.86303099998504], [-89.14241900035361, 44.86301899969352], [-89.14335400013901, 44.86301899969352], [-89.14336099981168, 44.86318699972671], [-89.14336400018475, 44.863486000013246], [-89.14334800029123, 44.864367000031265], [-89.14335599978882, 44.86505099982218], [-89.1433530003141, 44.86613300003723], [-89.1433530003141, 44.866204999764115], [-89.14335599978882, 44.866657000130814], [-89.15351899992419, 44.86676299984667], [-89.153520999574, 44.86314900027754], [-89.15851099994177, 44.86319799969663], [-89.1636440004247, 44.86324499977592]]], [[[-89.96762900037592, 44.285380999930226], [-89.967584999995, 44.28147799971612], [-89.96671799998167, 44.281481999925546], [-89.96536100042191, 44.281490999752585], [-89.96525699976654, 44.28149199980476], [-89.96253600007599, 44.281512000201204], [-89.96251900035755, 44.27820799980574], [-89.96242700029603, 44.278208999913794], [-89.96231599996794, 44.2782110001298], [-89.9587580004013, 44.278274999931995], [-89.95490299983547, 44.27834400019334], [-89.95477499978894, 44.28483699991052], [-89.954737999979, 44.29290500007198], [-89.95890300016627, 44.29282800003544], [-89.96251500015958, 44.292762000291205], [-89.96264599968083, 44.29276099978787], [-89.96254699994662, 44.28544600026709], [-89.96257100023607, 44.2854409996996], [-89.96683000013468, 44.285391999774646], [-89.96695200033341, 44.2853869998456], [-89.96762900037592, 44.285380999930226]]], [[[-90.74110999985245, 44.392720999822025], [-90.74064799989509, 44.392720999822025], [-90.74027299997637, 44.3927270003176], [-90.739915999601, 44.392732000088195], [-90.73901500015081, 44.39274499987495], [-90.73750899972981, 44.39277399968509], [-90.73699400006899, 44.39278399985974], [-90.73658800018815, 44.39279199986985], [-90.73630100013295, 44.39279700027685], [-90.7354390001425, 44.39281300029243], [-90.73515299991224, 44.392819000136704], [-90.73432299970885, 44.39283500014631], [-90.73244300009236, 44.39286999975086], [-90.73183600037002, 44.39288200006893], [-90.73100699999156, 44.39289900014092], [-90.73014599982604, 44.39291500012865], [-90.72756400005267, 44.392964000144055], [-90.72670399971203, 44.39298100019222], [-90.72637200034933, 44.39298700001923], [-90.72599099968451, 44.39299399992367], [-90.72598999985959, 44.39382499977308], [-90.72599200040773, 44.396602999974974], [-90.72599599970738, 44.40025400016742], [-90.72664099996283, 44.40024399998564], [-90.73102700008305, 44.40017599985944], [-90.73349400022869, 44.400134999754606], [-90.73369099987217, 44.399958000224515], [-90.73375299979647, 44.39990399984792], [-90.73369099987217, 44.39973000014952], [-90.73376600021525, 44.39959799976758], [-90.73399399982088, 44.39933500000539], [-90.73421499975383, 44.39913799988258], [-90.73432799973173, 44.3989839999893], [-90.73432799973173, 44.39891299975193], [-90.73425099973882, 44.398864000224904], [-90.7340370003769, 44.39887599995567], [-90.73366999995578, 44.39894299969095], [-90.73354699993213, 44.39892200018454], [-90.73353199986352, 44.398889000303065], [-90.73354699993213, 44.39887200004568], [-90.73395899966079, 44.398784000031306], [-90.73412000021759, 44.39872799989488], [-90.73431000018837, 44.39858599999641], [-90.73440200024989, 44.398547000027236], [-90.73458499964967, 44.398503000113095], [-90.73489099997141, 44.39847399993281], [-90.73510500023166, 44.39843499988898], [-90.7353040004233, 44.39838499997581], [-90.73553299985383, 44.3982810000709], [-90.7357610003578, 44.398105000057605], [-90.73599599963612, 44.39786399989173], [-90.7363179998514, 44.397463999979585], [-90.73642099978356, 44.39733800028496], [-90.73667199985371, 44.397107000247075], [-90.73676399991524, 44.39708500007367], [-90.73678700037976, 44.397112000285325], [-90.73674899984663, 44.39717800010849], [-90.73639200036955, 44.39755100005358], [-90.73627099999572, 44.397720999824834], [-90.73625599992712, 44.397797000204626], [-90.73629500028517, 44.39784100000781], [-90.73633299992001, 44.397851999953424], [-90.73644800044605, 44.3978180001148], [-90.73651200002016, 44.39777600028692], [-90.73653200011162, 44.39776299969218], [-90.73731600028428, 44.3971650000228], [-90.7374529996533, 44.397102000208385], [-90.73762099988281, 44.39702700021864], [-90.73792600037964, 44.396961000225154], [-90.73835499982673, 44.396954000153414], [-90.73875300020998, 44.396973999714355], [-90.73915200041814, 44.397042999719616], [-90.73941299963575, 44.39712399973358], [-90.73963600011683, 44.39727099999551], [-90.73982100006477, 44.39751100003562], [-90.73993700041571, 44.397739999768554], [-90.73998400027136, 44.39778900023686], [-90.74004500037074, 44.39781600012368], [-90.74012900003632, 44.397821000101395], [-90.74018299956468, 44.397783000260326], [-90.74021299970192, 44.39771699983585], [-90.7402889998699, 44.39769499989179], [-90.74036199966483, 44.39789999969195], [-90.74037500008363, 44.397935000118345], [-90.7404370000079, 44.39801700017334], [-90.74051599965061, 44.39806999973296], [-90.74067100035963, 44.398174000012894], [-90.74091700040692, 44.39827200018154], [-90.74110599965451, 44.39838799993329], [-90.74109700033198, 44.396362000041414], [-90.74110999985245, 44.392720999822025]]], [[[-90.7767429997138, 44.345448000306114], [-90.77673699986599, 44.34467400004361], [-90.7767150001247, 44.34177599970431], [-90.77664099960653, 44.34177799968257], [-90.76832000035115, 44.34189099994893], [-90.76278000016246, 44.3419860002602], [-90.76197000005057, 44.34199899974981], [-90.76156199962155, 44.34200599996797], [-90.76156599981951, 44.34218600024328], [-90.76155099975091, 44.342420000096126], [-90.76166100025407, 44.34544899991138], [-90.76165000038341, 44.34559800001142], [-90.76171899998039, 44.34633399980454], [-90.76177900025485, 44.34891000018179], [-90.76177699970671, 44.349197000301835], [-90.76302700003467, 44.34920099975195], [-90.76758600040723, 44.349213000027724], [-90.76897300010422, 44.34921499975222], [-90.77166799985551, 44.349228000208335], [-90.77158500001482, 44.34553600019689], [-90.7767429997138, 44.345448000306114]]], [[[-90.9322209998076, 44.83036200026332], [-90.93219200039361, 44.8284429999906], [-90.92731199963067, 44.8284310001368], [-90.92713799955341, 44.82842900026711], [-90.92712900023088, 44.8254160002358], [-90.92712800040597, 44.824805999761665], [-90.9255960000457, 44.82479399978786], [-90.92423899958762, 44.82478300012825], [-90.92334300016032, 44.824773999826], [-90.92208699998456, 44.82476199984554], [-90.92197900002954, 44.82476399984246], [-90.92200800034185, 44.82841499990313], [-90.92206699989308, 44.835649000254605], [-90.92713799955341, 44.835685999886785], [-90.92712099983495, 44.832045999985944], [-90.9322199999827, 44.832068999906774], [-90.9322209998076, 44.83036200026332]]], [[[-90.76135800030538, 44.331070000163734], [-90.7598390003639, 44.33106399977558], [-90.7592140001999, 44.33105099978934], [-90.75120299966763, 44.33102499980815], [-90.74615600029674, 44.33101500001006], [-90.74129499980039, 44.33096100029967], [-90.74127600043212, 44.33476299985575], [-90.74131800026491, 44.33476299985575], [-90.74225700024827, 44.33475300005245], [-90.74275099999267, 44.3347479998289], [-90.74601499983143, 44.3347599998507], [-90.74846600008354, 44.33475699984548], [-90.74920400022542, 44.334711999748805], [-90.74964899956603, 44.334619999872025], [-90.75001599998716, 44.3345730000888], [-90.75086499955881, 44.33443100007744], [-90.75096599984116, 44.33441099971336], [-90.75140400040739, 44.3343280000893], [-90.75150499979142, 44.33442599982642], [-90.75172200042469, 44.33463599972126], [-90.75183100020465, 44.33469299991177], [-90.75186499964151, 44.33471099996042], [-90.75196699974876, 44.334729999791605], [-90.75209700034344, 44.33475500027028], [-90.75257900039227, 44.33476100028074], [-90.75279500030234, 44.33476500007323], [-90.75286700027237, 44.33476500007323], [-90.75557500044242, 44.33478099988295], [-90.75647800044074, 44.33478699989075], [-90.75727599995878, 44.33479099968147], [-90.75967199995932, 44.334804999910546], [-90.76047100020055, 44.334810000129245], [-90.760672000042, 44.33481099991595], [-90.76127499956638, 44.33481399991839], [-90.76135699958213, 44.33481499970498], [-90.76135800030538, 44.331070000163734]]], [[[-90.70452799996204, 44.7778949998084], [-90.70422599983826, 44.77790100021126], [-90.70068199961702, 44.77787600001641], [-90.69948800026387, 44.777859999784035], [-90.69433399986455, 44.77785099981079], [-90.6943229999939, 44.77966499979108], [-90.694322000169, 44.77981400015456], [-90.69431200012323, 44.78147900016757], [-90.69430700010038, 44.78242300004577], [-90.6943160003212, 44.78506099983586], [-90.69410200006095, 44.78506599976358], [-90.69387600010515, 44.78506599976358], [-90.69374300003575, 44.7850670001316], [-90.69374200021085, 44.785116000291744], [-90.69238700030091, 44.78510299998008], [-90.68921600034857, 44.78509599995815], [-90.68921799999838, 44.78838600022099], [-90.6892199996482, 44.788732999816716], [-90.69239800017156, 44.78874000003512], [-90.69430499955223, 44.78874399997737], [-90.69431499959798, 44.785107000174364], [-90.69555900007815, 44.78511000000112], [-90.69682799977438, 44.785112000098096], [-90.69784799994858, 44.78511400019495], [-90.6980970003689, 44.785114999924595], [-90.69936500024022, 44.78511700002135], [-90.69936500024022, 44.78505500017711], [-90.6993779997607, 44.782400000086994], [-90.69938299978357, 44.78149400024241], [-90.69948400006591, 44.78149400024241], [-90.70232000028248, 44.78151000010542], [-90.70352200003157, 44.78151699992449], [-90.70450700004565, 44.781522999950944], [-90.70452799996204, 44.7778949998084]]], [[[-90.77003699976103, 44.35927100005647], [-90.76997099963879, 44.358907999778346], [-90.76991299991248, 44.35886600029105], [-90.76718600037415, 44.35886200021597], [-90.76692100006028, 44.35886000017835], [-90.76673699993727, 44.35886000017835], [-90.76296199973734, 44.35885800014062], [-90.76294099982096, 44.35885800014062], [-90.76276400026893, 44.35885500008392], [-90.76171899998039, 44.35884299985561], [-90.76181900043781, 44.35663899974206], [-90.76187399979109, 44.35638799973466], [-90.76186899976821, 44.355949000202706], [-90.76186399974534, 44.35532799996519], [-90.76185100022488, 44.354833999906745], [-90.76184100017912, 44.3543899998192], [-90.761846000202, 44.35408699975957], [-90.76185799989756, 44.35376499998031], [-90.76184899967673, 44.35350099971906], [-90.76184700002689, 44.353106999900646], [-90.76173599969883, 44.353101999957694], [-90.76157300039053, 44.35310300007478], [-90.76108399977068, 44.353108000017706], [-90.76092200028727, 44.353110000251654], [-90.7601359995665, 44.35312700031068], [-90.75778099957384, 44.3531800000474], [-90.7569959995763, 44.353199000317026], [-90.75699999977427, 44.35339600024806], [-90.75701499984287, 44.353990000227704], [-90.75701999986575, 44.354188000167596], [-90.75702999991148, 44.35470100031588], [-90.75706300042177, 44.356240000150166], [-90.75421299996147, 44.35624900007919], [-90.75165700012737, 44.356256999943525], [-90.75149899994364, 44.35625900007003], [-90.7514820002252, 44.356805999988076], [-90.75146499960844, 44.3573209997883], [-90.75144799989, 44.357842999811965], [-90.75141399955481, 44.35896500013539], [-90.75139000016368, 44.35964300006244], [-90.75137699974489, 44.36004700023886], [-90.75174400016601, 44.360043000244396], [-90.76165000038341, 44.36005100023303], [-90.7627120003904, 44.36005200023157], [-90.76551300044689, 44.36006000021897], [-90.76650699978349, 44.36006200021563], [-90.76667900021093, 44.36006200021563], [-90.766895000121, 44.360063000213934], [-90.76938900003084, 44.36006900020348], [-90.76976700032262, 44.359759999943854], [-90.77003699976103, 44.35927100005647]]], [[[-89.9560950004371, 44.4127310000153], [-89.95601699972097, 44.41039399988973], [-89.95486400037571, 44.410388999703116], [-89.95441800031188, 44.410390999906156], [-89.95422999999089, 44.41038599971928], [-89.9541880001581, 44.40910399982186], [-89.95345000001622, 44.40910099977212], [-89.9534480003664, 44.408963999689966], [-89.95341700040426, 44.405485000160176], [-89.95340200033564, 44.40539599995811], [-89.95347000010771, 44.40539599995811], [-89.95386299956976, 44.4053919998521], [-89.95504199975262, 44.40538400028103], [-89.95543599993793, 44.40538100004049], [-89.95549500038749, 44.4053800001742], [-89.95567600013744, 44.40537900030789], [-89.9557360004119, 44.40537900030789], [-89.955940999553, 44.40537699993346], [-89.95585100003963, 44.4017439998098], [-89.95077100015847, 44.40171100023638], [-89.95088999998416, 44.40536200001097], [-89.94834300037088, 44.405344999709136], [-89.94586100015663, 44.40532700017691], [-89.94586199998155, 44.40541499997654], [-89.94585000028599, 44.40542700028904], [-89.94585399958564, 44.40699000021242], [-89.94585699995866, 44.40892600002718], [-89.94587200002728, 44.409074999762495], [-89.95092400031935, 44.409092000263755], [-89.95104200032013, 44.41271300018914], [-89.95148800038395, 44.41271300018914], [-89.9544629996194, 44.4127280001516], [-89.95584299964372, 44.412736000001686], [-89.9560950004371, 44.4127310000153]]], [[[-90.40284100013227, 44.01914699978963], [-90.40281199981996, 44.01896900019267], [-90.40281000017013, 44.01889699969582], [-90.40279099990356, 44.0181400001799], [-90.40278500005579, 44.017887999703106], [-90.40276199959125, 44.01788400032266], [-90.40255099970406, 44.01785400011562], [-90.40054899988883, 44.01745999986388], [-90.39892700001518, 44.017163000189875], [-90.39765800031897, 44.01693099989466], [-90.39435000009927, 44.016492999953655], [-90.39325899977997, 44.016380999705966], [-90.39274099974611, 44.0163750001597], [-90.39265200005767, 44.01639500015225], [-90.39272300020276, 44.021218999760414], [-90.39775399968012, 44.02151299995255], [-90.39775500040335, 44.02159799977598], [-90.39780599955866, 44.025082000115184], [-90.39805300032918, 44.02507199997003], [-90.4028279997135, 44.025315999929376], [-90.40280199977421, 44.0217979998677], [-90.40280199977421, 44.021783000110275], [-90.40280199977421, 44.02176599982084], [-90.40268399977344, 44.02176599982084], [-90.40272300013152, 44.0217079999745], [-90.40272399995641, 44.02158599980071], [-90.40272700032948, 44.02109100015724], [-90.40273700037521, 44.019607000308724], [-90.40273999984994, 44.019278000309306], [-90.40284100013227, 44.01914699978963]]], [[[-91.28867400024119, 43.73534800011594], [-91.28863300023329, 43.731745000182926], [-91.28800499969627, 43.73174200000348], [-91.2797000003344, 43.73168799999334], [-91.27210100042907, 43.73164299983953], [-91.2718980000395, 43.73166000001703], [-91.27181699984862, 43.73166800028981], [-91.27167999958128, 43.73219300019409], [-91.27165500036524, 43.73228899994593], [-91.2716389995734, 43.73338000032361], [-91.2717990003053, 43.73414899981445], [-91.27211300012463, 43.73494600021602], [-91.27278400031936, 43.73642599995944], [-91.27381700001405, 43.738243999960275], [-91.27382200003693, 43.73744299989255], [-91.2738279998847, 43.736562000118084], [-91.27383600028061, 43.73526299987123], [-91.28392900009577, 43.73532100012002], [-91.28812500024517, 43.73534399990095], [-91.28867400024119, 43.73534800011594]]], [[[-90.38265399977874, 44.00271900015086], [-90.37769799974613, 44.002511000136764], [-90.37760499985973, 44.00250799998523], [-90.37760599968465, 44.002091999686776], [-90.37761300025565, 43.999650000152286], [-90.37761599973038, 43.998837000270285], [-90.37662999989138, 43.998791999717774], [-90.37367200037437, 43.99866000014032], [-90.37268599963704, 43.99861599978511], [-90.37266399989575, 44.00225199984857], [-90.37266999974354, 44.00589899971148], [-90.37759499981398, 44.00612900011164], [-90.37766099993623, 44.006133000284855], [-90.38265299995383, 44.00636399997864], [-90.38265399977874, 44.00271900015086]]], [[[-90.62870500041497, 44.727078000009776], [-90.62832600029827, 44.72707900010574], [-90.62585099975671, 44.72708600013876], [-90.62585099975671, 44.72710600013727], [-90.62283100031543, 44.727089999883724], [-90.62259699996369, 44.727087999692166], [-90.62245100037384, 44.727087999692166], [-90.62250400007729, 44.72712799968093], [-90.62257600004729, 44.72729100027442], [-90.62257699987221, 44.72738499993802], [-90.62257799969713, 44.72739699974828], [-90.62259199994084, 44.72741999990956], [-90.62265100039038, 44.72745599994931], [-90.62277400041401, 44.727493000055475], [-90.6228289997673, 44.72755800004671], [-90.62285300005674, 44.72762299996486], [-90.62292500002675, 44.727838999747604], [-90.62302100028622, 44.72819199982209], [-90.62309900010403, 44.728300999784054], [-90.62315400035561, 44.72834399979451], [-90.62331400018918, 44.728385000264495], [-90.62353000009925, 44.72858900019408], [-90.62352799955113, 44.7286360002667], [-90.62345200028145, 44.72886500030504], [-90.62330800034141, 44.72892200015694], [-90.62326999980826, 44.72898000001577], [-90.62327900002909, 44.72900999998594], [-90.62334000012845, 44.72908700028493], [-90.62332800043289, 44.72921699980283], [-90.62322899980036, 44.729315999814105], [-90.62325200026491, 44.72953200029483], [-90.62324200021916, 44.72958900012763], [-90.62315000015766, 44.72970999997838], [-90.62312900024126, 44.72983300031087], [-90.62314500013478, 44.73018799978804], [-90.62311900019552, 44.730297999857996], [-90.62304499967735, 44.73047000015142], [-90.62289700043766, 44.730660999944746], [-90.62276500019317, 44.73076600023063], [-90.62264999966715, 44.73082200009248], [-90.62229099964195, 44.73093799977054], [-90.62182600020985, 44.731153999937455], [-90.62163200004109, 44.731263000061105], [-90.621484999728, 44.73130899985262], [-90.62137099992519, 44.73141100017538], [-90.62127300001589, 44.731557999892416], [-90.62119100000014, 44.73175800005791], [-90.62105499955769, 44.731911000244054], [-90.62098699978563, 44.73207200010299], [-90.62098299958768, 44.73228299983409], [-90.62100799970203, 44.7324119998228], [-90.62121199991654, 44.73293600004911], [-90.6212379998558, 44.73308499970323], [-90.62134199961288, 44.73326299993886], [-90.62138500016889, 44.7333940002678], [-90.62138299962075, 44.73346099998038], [-90.621372999575, 44.733678000278594], [-90.62140600008529, 44.733809000305676], [-90.62150900001744, 44.73402699991207], [-90.62152800028402, 44.73426699999202], [-90.62151700041336, 44.7343710001428], [-90.62153699960655, 44.73437400005234], [-90.6225479995599, 44.73436600029323], [-90.62362700018362, 44.73436299974512], [-90.62508500002575, 44.73435599995469], [-90.62508500002575, 44.730731999763876], [-90.62583700041132, 44.73074500018873], [-90.62582300016763, 44.7343530000442], [-90.62843199970517, 44.734341999733005], [-90.62867600010264, 44.734341999733005], [-90.62869000034634, 44.73070400011526], [-90.62870500041497, 44.727078000009776]]], [[[-90.42373399994233, 44.033635999897484], [-90.42369700013242, 44.03362200029338], [-90.42363699985798, 44.03362099990636], [-90.42359900022313, 44.03362500016266], [-90.42357999995656, 44.03361000016874], [-90.42352499970498, 44.03360800004012], [-90.42293499970108, 44.03358500017045], [-90.42294499974683, 44.03022599982509], [-90.42102599977228, 44.03014700019209], [-90.42105199971155, 44.03341499990235], [-90.41792299959201, 44.033285000014075], [-90.4179080004217, 44.04052999974678], [-90.42292700020349, 44.04077599988663], [-90.4229289998533, 44.03705800016042], [-90.42287100012699, 44.0356059999678], [-90.42287699997478, 44.033754999950936], [-90.42297800025712, 44.03376200006059], [-90.42351600038245, 44.03378299973885], [-90.42364899955354, 44.03378900010685], [-90.42364899955354, 44.03370200020085], [-90.42364799972862, 44.033633000028715], [-90.42373399994233, 44.033635999897484]]], [[[-90.71080899976737, 44.38592600023037], [-90.71080600029264, 44.38297300005158], [-90.71080600029264, 44.38211700003361], [-90.71080299991957, 44.37855300029455], [-90.70596400006285, 44.37858000006723], [-90.70568100020564, 44.37855500030191], [-90.70567100015988, 44.38217800004555], [-90.70567100015988, 44.38226099997027], [-90.70566399958888, 44.3843479997904], [-90.70565899956601, 44.38597500031941], [-90.70635599970001, 44.38596299986905], [-90.71080899976737, 44.38592600023037]]], [[[-90.05559199975926, 44.40913100026256], [-90.05291799992436, 44.409141000208685], [-90.0503510002196, 44.40914999970956], [-90.05032399955712, 44.40941000023612], [-90.05016999957132, 44.41095799984188], [-90.04998999964627, 44.41276399978914], [-90.04980999972122, 44.414571000142374], [-90.04963099962107, 44.41637599984379], [-90.05222099979035, 44.41636399985272], [-90.05348500036202, 44.416357000177626], [-90.05475599970806, 44.41635100018042], [-90.05517900020568, 44.412753999820765], [-90.05554099970561, 44.409605000193466], [-90.05559199975926, 44.40913100026256]]], [[[-90.70083800015094, 44.280013999962705], [-90.69803500044463, 44.28009100007665], [-90.6957599999196, 44.28012500007816], [-90.69575400007183, 44.280957999756936], [-90.69564000026901, 44.28372499985768], [-90.69565299978947, 44.28493699998941], [-90.69560099991095, 44.287326000206335], [-90.69567899972876, 44.28733199992305], [-90.70045400001138, 44.28721999996534], [-90.70065599967775, 44.287213000282414], [-90.70074600008944, 44.28365600012779], [-90.70083800015094, 44.280013999962705]]], [[[-90.06060200021851, 43.86908499971372], [-90.06060100039359, 43.86861799984194], [-90.06059499964749, 43.8655680001661], [-90.06059800002055, 43.865266999850675], [-90.06059200017278, 43.86514300011786], [-90.06058799997481, 43.861824999897806], [-90.06028099982815, 43.86182099972132], [-90.05556099979711, 43.86175700009892], [-90.05555099975136, 43.86209500018177], [-90.05555599977424, 43.86307899990675], [-90.05554800027663, 43.863338000135734], [-90.05554499990357, 43.86376500012209], [-90.05553599968273, 43.86495300006871], [-90.05553599968273, 43.865389000004605], [-90.0555959999572, 43.86902599973495], [-90.06033400042992, 43.86908900005045], [-90.06060200021851, 43.86908499971372]]], [[[-89.7277799999023, 44.03984799997157], [-89.72773300004663, 44.03624500026645], [-89.72417999960456, 44.036275999904575], [-89.7208730001081, 44.036305999830546], [-89.71795300022592, 44.036332000313834], [-89.71767299984343, 44.03633500004598], [-89.71767600021649, 44.03870800019394], [-89.7176700003687, 44.039968000099684], [-89.71802000017307, 44.03996400027152], [-89.72210599981929, 44.039904999868966], [-89.7261460003331, 44.039855000007236], [-89.72758900010659, 44.03984900025346], [-89.7277799999023, 44.03984799997157]]], [[[-91.29377400021382, 43.75322199983144], [-91.29375400012233, 43.74983300023584], [-91.2937370004039, 43.746869000000956], [-91.29373300020595, 43.746179999944054], [-91.29046199979616, 43.746165000065574], [-91.2904650001692, 43.74669000006491], [-91.28879999973955, 43.746700999706626], [-91.28879600043992, 43.74615799981816], [-91.28873199996748, 43.74615699978274], [-91.28862200036265, 43.74615699978274], [-91.28785999993131, 43.746153000289866], [-91.28775399962609, 43.74664500015269], [-91.28770199974755, 43.7468869997728], [-91.28760200018846, 43.74735399971169], [-91.28755299978464, 43.747585000232796], [-91.2888099997853, 43.748331000316675], [-91.28883499989965, 43.75253300022947], [-91.28883999992253, 43.75323899972226], [-91.29054399981193, 43.75323300021938], [-91.29215800018797, 43.75322700006701], [-91.29377400021382, 43.75322199983144]]], [[[-91.12229700041824, 43.40854600007009], [-91.12228800019741, 43.406694000231646], [-91.12228599964928, 43.406140000117496], [-91.12228399999945, 43.405637000138356], [-91.12226100043324, 43.40491600019931], [-91.11742099985328, 43.40498300020231], [-91.11248900011013, 43.405053000311334], [-91.11257000030099, 43.408694999803615], [-91.11307300026624, 43.40871599979791], [-91.11323599957454, 43.40871100023501], [-91.11574200007824, 43.40864699978932], [-91.11743400027207, 43.40862199998435], [-91.11833700027042, 43.408607999749705], [-91.12096000005165, 43.40856799990052], [-91.12229700041824, 43.40854600007009]]], [[[-90.04513999991887, 44.405560000218145], [-90.04507399979664, 44.4055579998499], [-90.0449280002068, 44.40555500026005], [-90.04258900010764, 44.40551900003578], [-90.04125099991614, 44.40549900018688], [-90.04092700005106, 44.40548299978937], [-90.04075200014887, 44.40549099998867], [-90.04035600031375, 44.405485000160176], [-90.0400220004029, 44.405485000160176], [-90.0400230002278, 44.40553600028709], [-90.03999300009059, 44.40910300001921], [-90.03998899989263, 44.409174000083034], [-90.03974600021836, 44.41231499990836], [-90.0397129997081, 44.41269499971579], [-90.04253399985608, 44.41275699968308], [-90.04481299968073, 44.41280799988641], [-90.04504500038264, 44.41011699968867], [-90.04483299977223, 44.41013099989014], [-90.04444699998285, 44.41011899990101], [-90.04393300014694, 44.41010300012557], [-90.0437399998031, 44.4100970001284], [-90.04382000016905, 44.4091759996859], [-90.04319599982996, 44.409154000200324], [-90.04302400030083, 44.40914999970956], [-90.04304100001927, 44.409141000208685], [-90.04319500000507, 44.40914299981268], [-90.0433389999451, 44.40907199971126], [-90.04351999969508, 44.409005000024564], [-90.04376200044271, 44.40879300005058], [-90.04404000027706, 44.408477000200776], [-90.04418199966898, 44.40831699968264], [-90.04426600023288, 44.408224999844315], [-90.04406799986614, 44.408227999938944], [-90.04424899961612, 44.408114000083884], [-90.04454200041741, 44.40793100008839], [-90.04467100028883, 44.40781999977005], [-90.04487100030538, 44.407659000194336], [-90.04498199973514, 44.407543000213444], [-90.04504399965941, 44.40745099979943], [-90.04505399970516, 44.40736800029927], [-90.04510499975878, 44.40736800029927], [-90.04513200042128, 44.40736800029927], [-90.04513499989602, 44.40709599971244], [-90.0451340000711, 44.40692099974445], [-90.04513499989602, 44.406592000132825], [-90.04513599972093, 44.40646600020114], [-90.04513999991887, 44.405560000218145]]], [[[-91.31372100036785, 43.80957700012266], [-91.3136550002456, 43.80364800011164], [-91.30909300039832, 43.80365900030293], [-91.30868300031948, 43.803660000025545], [-91.30868599979424, 43.80392900000168], [-91.30877000035814, 43.81073500028417], [-91.30877000035814, 43.810820000288174], [-91.30877000035814, 43.81085999994315], [-91.30731400016585, 43.81086499989815], [-91.30728700040166, 43.81095900001124], [-91.30730999996787, 43.810994000277596], [-91.3074160002731, 43.81115100012727], [-91.30746300012876, 43.81123399969936], [-91.30750699961138, 43.81131000004987], [-91.30756000021313, 43.81136999967828], [-91.30760399969574, 43.8113949998838], [-91.30769999995522, 43.81138000015068], [-91.3079739995916, 43.81135999985244], [-91.30835500025641, 43.8113320002015], [-91.30851099989204, 43.81128299997054], [-91.30867400009865, 43.81123199985942], [-91.30868900016726, 43.811228000179355], [-91.30899200011598, 43.811199999818285], [-91.30909199967508, 43.811204999744824], [-91.30939399979887, 43.81122200001044], [-91.30965900011275, 43.81119499989137], [-91.3099160000307, 43.81110199974779], [-91.31034799985082, 43.81092600022282], [-91.31058300002746, 43.810810999973185], [-91.31080700033347, 43.81073200017506], [-91.31105300038075, 43.81064599979187], [-91.31121200038942, 43.81056400030622], [-91.31137100039807, 43.81045399999714], [-91.31147799962989, 43.810257000228006], [-91.31160900004943, 43.810084999914665], [-91.31162199956992, 43.810069000237256], [-91.31267100005641, 43.80949400019262], [-91.31306500024174, 43.809402000268214], [-91.31346199990175, 43.809430000175624], [-91.3135699998568, 43.80946800021424], [-91.31372100036785, 43.80957700012266]]], [[[-89.8977949996578, 43.64105799993813], [-89.89240199978218, 43.64103600021958], [-89.89131800003389, 43.641097999996674], [-89.88998200039053, 43.64117499987194], [-89.88862999995531, 43.641254999806605], [-89.888600999643, 43.64125099981241], [-89.88855200013751, 43.64124699981794], [-89.88830600009021, 43.641227999678065], [-89.88799100044595, 43.64120399969802], [-89.88777999966044, 43.641191999704425], [-89.88775100024644, 43.64163299968251], [-89.88774399967542, 43.64298700022752], [-89.8877420000256, 43.643199999731905], [-89.88773100015493, 43.644790999719106], [-89.88851399960436, 43.644790999719106], [-89.8900090001547, 43.64478999994193], [-89.89134300014825, 43.64478799973755], [-89.89274499991386, 43.644786999960324], [-89.89405999964085, 43.644786999960324], [-89.89404600029546, 43.64307500009601], [-89.89404299992239, 43.64298299969855], [-89.89492900020228, 43.642984000155884], [-89.8949650001873, 43.642971000060285], [-89.89504700020306, 43.64294600031867], [-89.8952189997322, 43.64287399980847], [-89.89529700044831, 43.642855999992484], [-89.89539000033474, 43.64285399972368], [-89.89545499973374, 43.64286900011291], [-89.8955069996123, 43.6428960001541], [-89.89554799962018, 43.64293400002294], [-89.89555799966591, 43.64297899981939], [-89.89556100003895, 43.643012999758845], [-89.89555900038914, 43.64304199999793], [-89.89553000007682, 43.64309800017338], [-89.8955150000082, 43.643108999981116], [-89.8956909997353, 43.64323700025556], [-89.89775899967279, 43.64478399997857], [-89.89777600028954, 43.64304999974759], [-89.8977949996578, 43.641162000035], [-89.8977949996578, 43.64105799993813]]], [[[-90.04431899993632, 44.418207999751495], [-90.04362900037334, 44.41819800007241], [-90.04179999991214, 44.41817299990478], [-90.04193600035458, 44.41648499997076], [-90.04193700017949, 44.4163659998514], [-90.04067500015599, 44.416349000181214], [-90.03941399995736, 44.416337999863586], [-90.03815199993382, 44.41631300018402], [-90.03436500003833, 44.41626100014885], [-90.03432800022843, 44.41691699977064], [-90.03411800016613, 44.419877999803866], [-90.0376649998621, 44.41992600007683], [-90.03813400039049, 44.41993199970715], [-90.03877799992273, 44.41994100011392], [-90.03957299996601, 44.419951999753735], [-90.04040399999431, 44.41996400029166], [-90.04283000013208, 44.42003600025959], [-90.04417499999627, 44.42001499998406], [-90.04431899993632, 44.418207999751495]]], [[[-90.80187799970402, 44.31682400002242], [-90.80187600005418, 44.31676400017971], [-90.80187100003131, 44.31574299978315], [-90.80184500009204, 44.31501600020117], [-90.80180400008416, 44.31321199992903], [-90.80071699996282, 44.31319999999806], [-90.8000609998367, 44.31319300019789], [-90.7993429997863, 44.313185000241624], [-90.79861399986524, 44.31317700028428], [-90.79673000005079, 44.31315699974328], [-90.79673000005079, 44.31317200014965], [-90.79646499973693, 44.313180000107685], [-90.79615799959025, 44.313176000128806], [-90.79420799965357, 44.31315200024979], [-90.7942169998744, 44.31368399976581], [-90.79422699992013, 44.31419899982847], [-90.79426399973006, 44.31553299973177], [-90.79429899989016, 44.316757000161964], [-90.79682100028738, 44.31677399983643], [-90.80187799970402, 44.31682400002242]]], [[[-90.80721500040143, 44.30801699986175], [-90.80705200019482, 44.307827999844754], [-90.80691999995032, 44.30759700028315], [-90.806890999638, 44.307375999784895], [-90.80687300009467, 44.30697699982066], [-90.80687999976736, 44.306635000172214], [-90.80689200036123, 44.306060000089595], [-90.80572099967598, 44.30604699970512], [-90.80505700005227, 44.306039000060466], [-90.80494900009724, 44.30603799978335], [-90.80440900032207, 44.306032000049086], [-90.80278999992316, 44.30601400019963], [-90.80225099997291, 44.30600900009766], [-90.80204900030654, 44.30600599990767], [-90.8017220000684, 44.30600200008271], [-90.80164900027347, 44.30600200008271], [-90.80144300040914, 44.30600000017007], [-90.80124199966937, 44.30599800025742], [-90.80120599968436, 44.30599699997967], [-90.80109799972932, 44.30599599970184], [-90.80106199974432, 44.30599599970184], [-90.80088299964417, 44.30599399978906], [-90.80073700005431, 44.3059919998762], [-90.80073700005431, 44.306130000132434], [-90.80073000038162, 44.309012000231775], [-90.80121800027824, 44.30901899988779], [-90.80165199974819, 44.309037999684556], [-90.8018209998026, 44.30903599987536], [-90.80185799961251, 44.30907100006123], [-90.8021029998349, 44.30908399977597], [-90.80233100033885, 44.30907700012771], [-90.80265199983091, 44.30905100004943], [-90.80265799967869, 44.3091269998009], [-90.8026590004019, 44.30920000007009], [-90.80266100005174, 44.3092849996967], [-90.80267799977017, 44.30985999968562], [-90.80268100014321, 44.30994100008552], [-90.80167400038782, 44.30992600013891], [-90.80171100019774, 44.31102300004789], [-90.80175300003053, 44.31224400018647], [-90.80219599972132, 44.312008999948056], [-90.80228600013301, 44.31196200004454], [-90.80264199978517, 44.311740999911706], [-90.80391700022747, 44.31095499979882], [-90.80466700006491, 44.31050700019656], [-90.80481000018005, 44.310422999970775], [-90.80484699998999, 44.31039200011726], [-90.80594099978401, 44.30965200022589], [-90.80664399976581, 44.309152000264355], [-90.80498400025733, 44.30913500031032], [-90.80487200010435, 44.309134000086026], [-90.80475699957829, 44.30913299986165], [-90.80475900012645, 44.30893999995644], [-90.80476499997422, 44.308887000081214], [-90.80476900017219, 44.30820099999771], [-90.80486000040877, 44.30820200023796], [-90.8048760003023, 44.307910999682235], [-90.80486299988351, 44.30755500003142], [-90.8050520000294, 44.30755500003142], [-90.80559699982743, 44.307563000112324], [-90.80558500013187, 44.307995999889904], [-90.80571499982821, 44.307997000133646], [-90.80695599993533, 44.30801600026119], [-90.80721500040143, 44.30801699986175]]], [[[-90.0720559997914, 43.84377499976358], [-90.07184099970624, 43.84377600011043], [-90.07156700006986, 43.843776999809315], [-90.07054799972056, 43.84378400029271], [-90.06554400000739, 43.84381000022993], [-90.06554400000739, 43.843915000209876], [-90.06555200040333, 43.84740900004973], [-90.0705560001165, 43.84737899988789], [-90.07065499985069, 43.84737899988789], [-90.07180499972122, 43.847391000083974], [-90.07201999980639, 43.84736999990116], [-90.0720490001187, 43.84443300017046], [-90.0720559997914, 43.84377499976358]]], [[[-90.07202200035452, 43.865237000252364], [-90.07201300013368, 43.86196199995242], [-90.07062100041384, 43.86195999986881], [-90.06556999994667, 43.86190099996227], [-90.06559900025898, 43.86551999974856], [-90.07060399979709, 43.86558499984592], [-90.07202200035452, 43.865614999916765], [-90.07202200035452, 43.865237000252364]]], [[[-91.26184799988204, 44.06745999987863], [-91.26173300025431, 44.063840000229675], [-91.2611060004405, 44.06384899976542], [-91.25671600012235, 44.06388099968163], [-91.25493799971477, 44.06389700027873], [-91.25499200014146, 44.06400100018158], [-91.25500600038517, 44.064027000128696], [-91.2551500003252, 44.064416000035244], [-91.25543099963429, 44.0652620002797], [-91.25559800003886, 44.0655799997218], [-91.2557269999103, 44.065975000086375], [-91.255769999568, 44.06617100016965], [-91.25580300007827, 44.066314999817315], [-91.25592399955377, 44.0667319998869], [-91.25604800030065, 44.06687500028071], [-91.25609099995837, 44.06692400010145], [-91.25617499962395, 44.0670010001067], [-91.25629599999777, 44.06715000006703], [-91.25645599983135, 44.06737499999816], [-91.25656600033452, 44.06751299976515], [-91.2568269995521, 44.06748799987328], [-91.26184799988204, 44.06745999987863]]], [[[-90.34269400024675, 43.98276500032061], [-90.34268599985083, 43.97891100000145], [-90.34264900004091, 43.97890899996686], [-90.33768799998545, 43.97866099968101], [-90.33769300000833, 43.98251799993806], [-90.33774200041212, 43.98251999985108], [-90.33811899998067, 43.982537999711546], [-90.3382689997685, 43.98254600000689], [-90.33915400022347, 43.98258900004075], [-90.34180899979178, 43.982720999814774], [-90.34269400024675, 43.98276500032061]]], [[[-90.40788199965537, 44.02557199999306], [-90.40744999983525, 44.02554500007886], [-90.40284600015515, 44.025315999929376], [-90.40283299973636, 44.02533199996575], [-90.40283299973636, 44.02598699980629], [-90.40284199995719, 44.027298000229266], [-90.40285200000292, 44.029130000010234], [-90.40317500004312, 44.029144000029575], [-90.40529800023218, 44.02923699970507], [-90.40600600023684, 44.02926799977976], [-90.406137999583, 44.02927399995906], [-90.40641600031567, 44.02928600031573], [-90.40764800020195, 44.02933999995324], [-90.40788000000556, 44.029350000024216], [-90.40788199965537, 44.02557199999306]]], [[[-90.06082399997636, 44.39822900004918], [-90.05562299972138, 44.39828300004618], [-90.05562500026952, 44.39830599975636], [-90.05560799965276, 44.4004869998758], [-90.05559699978211, 44.40189900006598], [-90.06081499975552, 44.40185699995844], [-90.06082399997636, 44.39822900004918]]], [[[-89.47308099977255, 44.79766800014719], [-89.47301200017557, 44.79402899999621], [-89.46792800009645, 44.793923000301106], [-89.46792100042376, 44.79430800001921], [-89.46800300043952, 44.797065999992505], [-89.4679959998685, 44.79755800015588], [-89.47308099977255, 44.79766800014719]]], [[[-89.34114000008475, 44.75730399997807], [-89.33605799965545, 44.75729499999084], [-89.33604199976195, 44.760916000308214], [-89.34112400019123, 44.76092599987989], [-89.34114000008475, 44.75730399997807]]], [[[-89.19378399995301, 44.709311000253024], [-89.19377200025744, 44.70647400011786], [-89.19375399981578, 44.70604300028455], [-89.19375499964069, 44.70562199999633], [-89.19331500032294, 44.705629999899976], [-89.19287699975672, 44.705639000269024], [-89.19251899955643, 44.70564799999821], [-89.19150599995325, 44.70567399998841], [-89.19064899998568, 44.70570499974042], [-89.18996799974519, 44.705730999705025], [-89.18976100005595, 44.70573600011435], [-89.18869900004897, 44.7057589999485], [-89.1887009996988, 44.706059999795144], [-89.18876299962308, 44.709352999930836], [-89.19378399995301, 44.709311000253024]]], [[[-89.92554499993165, 44.40538799974581], [-89.92545299987015, 44.401725999811404], [-89.92471599955317, 44.40173100009676], [-89.92386299978355, 44.40177099979701], [-89.9204080001491, 44.40175700016176], [-89.92043300026344, 44.40539500009208], [-89.92050500023348, 44.40539500009208], [-89.92305500021979, 44.40538900025374], [-89.9239139998372, 44.405386999879646], [-89.9242400002504, 44.405386999879646], [-89.92521799969352, 44.405386999879646], [-89.92554499993165, 44.40538799974581]]], [[[-89.21964500038955, 44.78718000013937], [-89.21456100031044, 44.78715199977896], [-89.21451199990662, 44.7905230000596], [-89.21450900043189, 44.79075199975347], [-89.21701199966422, 44.79076199989761], [-89.21959400033592, 44.79077399994071], [-89.21964500038955, 44.78718000013937]]], [[[-90.69068099986336, 44.28023599998391], [-90.69075000035865, 44.27663200004874], [-90.69018600029403, 44.276643000244945], [-90.68922899986903, 44.27665899982501], [-90.68632499988038, 44.276715999740794], [-90.68566000043175, 44.276729000187764], [-90.68565899970852, 44.27678100001734], [-90.68560900037812, 44.27994100006213], [-90.68560299963204, 44.28034600025144], [-90.68606600031262, 44.28033999982121], [-90.69068099986336, 44.28023599998391]]], [[[-89.27995799995642, 44.753633000087234], [-89.27992399962123, 44.75004600012812], [-89.27484899976295, 44.750048000163645], [-89.27485100031109, 44.750145000207716], [-89.27488399992305, 44.75363399972397], [-89.27995799995642, 44.753633000087234]]], [[[-90.7816369998221, 44.31305599999261], [-90.78153800008789, 44.309438000000085], [-90.78139900017074, 44.3094369997809], [-90.77648499997093, 44.30943199997046], [-90.77652900035186, 44.31105700014285], [-90.77658500042835, 44.31305400032033], [-90.77675899960731, 44.31305400032033], [-90.77895200011658, 44.3130620002945], [-90.77963199963382, 44.31307899975382], [-90.78010600018507, 44.313073000096466], [-90.7816369998221, 44.31305599999261]]], [[[-89.26980999988969, 44.753634999998624], [-89.2697759995545, 44.75005400026975], [-89.26974999961521, 44.75005299993311], [-89.26502999958419, 44.7500789997482], [-89.26473699968123, 44.75005299993311], [-89.2646999998713, 44.750050000199096], [-89.26473599985631, 44.75360500004484], [-89.26473699968123, 44.753634999998624], [-89.26980999988969, 44.753634999998624]]], [[[-89.22925899963059, 44.801612999824734], [-89.22925199995791, 44.80140100005632], [-89.22925100013299, 44.798277000094814], [-89.22925199995791, 44.798027999985536], [-89.22846500031054, 44.798022999905776], [-89.2279840000866, 44.79802100025617], [-89.2275270001521, 44.79802000011267], [-89.22638999980204, 44.798008000301316], [-89.2243670000704, 44.797972000214834], [-89.22423700037406, 44.79796999992607], [-89.22421200025971, 44.801579999683476], [-89.2242959999253, 44.801579999683476], [-89.22925899963059, 44.801612999824734]]], [[[-90.06049900028634, 43.843705000065135], [-90.0554960003981, 43.84373100003678], [-90.05540299961336, 43.84373199973642], [-90.05541699985706, 43.844923000073265], [-90.05543899959837, 43.84569499982227], [-90.05545600021513, 43.846727999721345], [-90.05545600021513, 43.84724399994466], [-90.05542199987994, 43.847333999940744], [-90.05550300007079, 43.84733599986715], [-90.06049500008838, 43.84730600031641], [-90.06049900028634, 43.843705000065135]]], [[[-91.26675399968592, 44.063810999923156], [-91.26664499990596, 44.06019500023649], [-91.26628000003298, 44.06019500023649], [-91.26161799972826, 44.06021900004272], [-91.26172700040652, 44.06349399989784], [-91.26173300025431, 44.063840000229675], [-91.26675399968592, 44.063810999923156]]], [[[-90.35262800005326, 44.033782000000336], [-90.35261800000751, 44.033095000012175], [-90.3525820000225, 44.03062999970312], [-90.35258100019759, 44.030507000012676], [-90.35257699999963, 44.03014100010121], [-90.34759400020286, 44.02996299992738], [-90.34762699981482, 44.0335959999127], [-90.35262800005326, 44.033782000000336]]], [[[-90.41290800000816, 44.03349899970827], [-90.41289899978734, 44.033389999821786], [-90.41289899978734, 44.03335300019986], [-90.41289899978734, 44.03306800029558], [-90.4128329996651, 44.03306499975225], [-90.4078900000513, 44.03281000015885], [-90.4078919997011, 44.036436999889176], [-90.41289100028973, 44.03668999999599], [-90.41289200011465, 44.03664800010918], [-90.41289399976446, 44.03619299985794], [-90.41289700013753, 44.034316999758374], [-90.41289899978734, 44.033540000146935], [-90.41290800000816, 44.03349899970827]]], [[[-90.68560299963204, 44.28034600025144], [-90.68538099987417, 44.28037399967862], [-90.68379599981046, 44.280397000024955], [-90.68224900027991, 44.28041999971918], [-90.68216499971601, 44.280420999789584], [-90.68212700008117, 44.28044300004755], [-90.6820659999818, 44.28045400017344], [-90.68203500001965, 44.280447999754244], [-90.68200599970736, 44.280424000000636], [-90.68069099998036, 44.28045200003375], [-90.6805739998045, 44.280455000243265], [-90.68052500029901, 44.28045600031303], [-90.68052500029901, 44.28051399982996], [-90.68049000013892, 44.28318800010048], [-90.68048000009317, 44.28400699995248], [-90.68056100028402, 44.28400699995248], [-90.68551800014154, 44.28394800001498], [-90.68557300039312, 44.28205099992882], [-90.68559000011155, 44.28112199992432], [-90.68560299963204, 44.28034600025144]]], [[[-89.79293499969897, 44.06481400000208], [-89.79291899980542, 44.06119200007959], [-89.79281000002548, 44.06119200007959], [-89.78791300044243, 44.06120100001789], [-89.78793099998579, 44.064823000035304], [-89.79279800032992, 44.06481400000208], [-89.79293499969897, 44.06481400000208]]], [[[-91.10601999998384, 43.364186999910785], [-91.10601800033402, 43.36411300015975], [-91.10593799996808, 43.360617000261975], [-91.10377299994623, 43.36062099995179], [-91.10085999973676, 43.36062800006144], [-91.10090300029276, 43.36218500018031], [-91.10095900036927, 43.364199000232574], [-91.10183100040547, 43.364195999989086], [-91.10414100019226, 43.3641910000183], [-91.10601999998384, 43.364186999910785]]], [[[-90.03934500036038, 43.67058600006228], [-90.03467999968261, 43.67051300019926], [-90.03450599960533, 43.67051100020174], [-90.03436699968815, 43.67051200020048], [-90.03433300025128, 43.67379699975149], [-90.03432999987824, 43.674092999992375], [-90.03466799998704, 43.674104999909886], [-90.03934000033752, 43.674184000227385], [-90.03934500036038, 43.67058600006228]]], [[[-90.0556310001173, 43.85825800016334], [-90.0556310001173, 43.85817999977875], [-90.05319699958362, 43.8581830000944], [-90.05058899987098, 43.85818699986727], [-90.05062300020617, 43.861761000279735], [-90.05152899967922, 43.86175900018939], [-90.05202999999466, 43.86175299991786], [-90.05556099979711, 43.86175700009892], [-90.05560199980499, 43.85966999999569], [-90.05561100002582, 43.85922600028183], [-90.05562400044461, 43.85898100031669], [-90.0556310001173, 43.85858699976576], [-90.0556310001173, 43.85825800016334]]], [[[-90.04562199996774, 43.861766999902784], [-90.0456060000742, 43.8581919997449], [-90.04070699994301, 43.85819899983203], [-90.04062199955422, 43.85819799972711], [-90.04062199955422, 43.85833200003528], [-90.04064300036892, 43.86178900024254], [-90.04129199992404, 43.861780999884424], [-90.04151899970473, 43.861778999794694], [-90.04235399993101, 43.86177600030774], [-90.04281199969041, 43.86177000003789], [-90.04376300026765, 43.86176599985772], [-90.04485100021388, 43.861768999992876], [-90.04562199996774, 43.861766999902784]]], [[[-90.58770800009202, 44.036623999791495], [-90.587704999719, 44.03608199971502], [-90.5876910003736, 44.033252999709724], [-90.5876910003736, 44.03305600005881], [-90.58391600017369, 44.033017999831145], [-90.58358899993553, 44.03301499993108], [-90.58275799990723, 44.03300699998166], [-90.58276600030314, 44.03649999993255], [-90.58276700012804, 44.036575000081314], [-90.58770800009202, 44.036623999791495]]], [[[-89.22421200025971, 44.801579999683476], [-89.21950499974913, 44.801574999911516], [-89.21950999977203, 44.8025539997727], [-89.21956300037378, 44.80518799979647], [-89.22018400033981, 44.80517700022067], [-89.22018199979166, 44.80519399991185], [-89.22018099996674, 44.80521000021654], [-89.22069300015282, 44.805202000064774], [-89.22420600041193, 44.80517900025958], [-89.22420800006176, 44.80249200017461], [-89.22421200025971, 44.801579999683476]]], [[[-89.82321200039293, 43.67571400020006], [-89.82181800012492, 43.67511300000773], [-89.82144499985603, 43.674927999842915], [-89.821232000319, 43.67480200004331], [-89.8209019997078, 43.674574999881116], [-89.82001200012826, 43.6739629999742], [-89.8192260003058, 43.673415999731084], [-89.81835900029249, 43.67279200017205], [-89.81834599987369, 43.67320699999539], [-89.81835900029249, 43.67369500017753], [-89.81825700018524, 43.67369500017753], [-89.81824999961424, 43.67498699994687], [-89.81823700009375, 43.677295000186504], [-89.82319700032431, 43.67728900022213], [-89.82320599964683, 43.676346999676625], [-89.82321200039293, 43.67571400020006]]], [[[-88.99179400036024, 42.50689699968548], [-88.99178900033736, 42.50662900011753], [-88.991728000238, 42.50323200010888], [-88.99172700041309, 42.503152000096385], [-88.9899039997997, 42.50313800028237], [-88.9898000000426, 42.503237000271845], [-88.98692399964305, 42.505987000161525], [-88.98693200003898, 42.50683999981674], [-88.98693100021406, 42.50688499999627], [-88.98693399968879, 42.50697300031263], [-88.9871870003071, 42.50697400028541], [-88.99036499993214, 42.50692099971927], [-88.99179400036024, 42.50689699968548]]], [[[-91.1735470003899, 43.38657099974481], [-91.17349399978814, 43.38652600027289], [-91.17254999978194, 43.38576699988079], [-91.16923499988955, 43.38297300017083], [-91.1687729999322, 43.38298000031255], [-91.16822899995907, 43.382989999767446], [-91.16778600026828, 43.382998000113645], [-91.1677810002454, 43.386614000195515], [-91.16825200042359, 43.3866169999829], [-91.17312999974008, 43.38660599967367], [-91.1735470003899, 43.38657099974481]]], [[[-90.88249300015048, 44.2687669997099], [-90.88248499975455, 44.267509999698596], [-90.88247700025694, 44.2662520001557], [-90.88238600002036, 44.266250999844154], [-90.87777599959416, 44.26621399988458], [-90.8774049998734, 44.26624899986436], [-90.87741099972118, 44.26750599982449], [-90.87741699956896, 44.26876299992134], [-90.87778499981499, 44.268776999823245], [-90.88243799989888, 44.2687669997099], [-90.88249300015048, 44.2687669997099]]], [[[-90.88250800021908, 44.272602000095006], [-90.88248399992965, 44.27130199973063], [-90.88246999968594, 44.27045899970176], [-90.88246399983814, 44.27017400009999], [-90.88246100036342, 44.270036000249895], [-90.87778999983786, 44.27003199990449], [-90.87742300031506, 44.27003199990449], [-90.87742800033793, 44.27129699988896], [-90.87743400018572, 44.2725629998657], [-90.87780200043174, 44.272561000100616], [-90.88250800021908, 44.272602000095006]]], [[[-90.5190779996711, 44.04312800016401], [-90.51840499982656, 44.04275200032154], [-90.51831000029031, 44.042699999812], [-90.51829799969643, 44.04255399972696], [-90.51822999992436, 44.04255399972696], [-90.518168999825, 44.04253199969176], [-90.51802800025801, 44.042453999912155], [-90.51797899985421, 44.04240199978684], [-90.51793899967123, 44.04234200028084], [-90.5178940003637, 44.04219400012043], [-90.51788099994492, 44.042106000041706], [-90.51793100017362, 44.04165399983767], [-90.51792100012788, 44.041563999742515], [-90.5178950001886, 44.041489999705334], [-90.51784699960972, 44.04142999992152], [-90.51776999961682, 44.04138699990989], [-90.51773500035505, 44.04137199994357], [-90.51770600004272, 44.04136000009691], [-90.51768000010345, 44.04125200007612], [-90.5175989999126, 44.04070400004591], [-90.5164590000878, 44.04072900026958], [-90.51627099976685, 44.04128000019606], [-90.51623700032997, 44.04136500008709], [-90.51591799958942, 44.04137500006627], [-90.51583700029688, 44.04146100007573], [-90.51527999990496, 44.04166399976803], [-90.51520299991206, 44.044374000053374], [-90.51546400002799, 44.044369000317104], [-90.51601700022194, 44.04436699990592], [-90.51695500038036, 44.04433899995351], [-90.51695000035748, 44.044252000040025], [-90.51711199984088, 44.04423599994555], [-90.51725999997889, 44.04417500015102], [-90.51733399959872, 44.04412800000189], [-90.51749099995756, 44.04396499982768], [-90.51766500003485, 44.04378300027975], [-90.51774399967756, 44.04370099998849], [-90.51783999993702, 44.043747999830714], [-90.51820599963492, 44.0437500002628], [-90.5184140000474, 44.043750999833094], [-90.51899099963248, 44.04375300026508], [-90.5190779996711, 44.04312800016401]]], [[[-90.7782139999747, 44.16444100011344], [-90.77813899963161, 44.164465000153754], [-90.77367700024175, 44.164496000298776], [-90.77314800033723, 44.164489000184346], [-90.77313699956827, 44.16639099990916], [-90.77816799994393, 44.16631599994412], [-90.77817600033987, 44.16618199971766], [-90.77816899976885, 44.16609100012124], [-90.7782139999747, 44.16444100011344]]], [[[-91.172765999692, 43.39564999995682], [-91.1727509996234, 43.39381900006805], [-91.17090399961886, 43.393828000318294], [-91.16777100019966, 43.39384400010714], [-91.16777299984949, 43.39415700006328], [-91.1677870000932, 43.395663999922526], [-91.17204299961874, 43.39565199995212], [-91.17240500001698, 43.39565099995448], [-91.172765999692, 43.39564999995682]]], [[[-90.43977799984992, 44.03006600020562], [-90.4397760002001, 44.02663599971456], [-90.4372270000387, 44.02666400028217], [-90.43722200001584, 44.026846000097], [-90.43727499971926, 44.030161999770804], [-90.43743200007812, 44.03015599968145], [-90.43748999980443, 44.0301530002824], [-90.43766700025476, 44.03014599974641], [-90.4377269996309, 44.03014400014675], [-90.43789800023342, 44.03013700025557], [-90.43841500044238, 44.03011800017778], [-90.4385869999715, 44.030112000083975], [-90.43897100011108, 44.03009699984673], [-90.43977799984992, 44.03006600020562]]], [[[-90.7668030000595, 44.35100299983344], [-90.7621209996633, 44.35101000026114], [-90.76193300024063, 44.35104400030784], [-90.76183000030848, 44.35104400030784], [-90.76184299982894, 44.35147500009692], [-90.76183399960811, 44.351498999714835], [-90.76183100013338, 44.35167999988884], [-90.76183000030848, 44.351800000029655], [-90.76183000030848, 44.35214699981442], [-90.76261199993297, 44.35214900008122], [-90.76261299975788, 44.352161999886555], [-90.76274800037541, 44.35215000021458], [-90.76273499995662, 44.35282799998914], [-90.76321700000545, 44.352830000232636], [-90.76677999959497, 44.352830999712054], [-90.76679499966359, 44.351537000053234], [-90.7668030000595, 44.35100299983344]]], [[[-90.67252200016263, 44.202852000288075], [-90.67240599981167, 44.20285299974596], [-90.67235499975806, 44.20285299974596], [-90.6706330003253, 44.2028710002881], [-90.67061900008162, 44.20500299976819], [-90.6706199999065, 44.20546200027487], [-90.67060900003587, 44.206442000210515], [-90.67236399997888, 44.20644100016957], [-90.6724490003677, 44.20643900008772], [-90.6725129999418, 44.206437000005806], [-90.67251399976672, 44.20634099985693], [-90.67251399976672, 44.20601399982588], [-90.67251399976672, 44.20572199984922], [-90.67251499959161, 44.20552199983268], [-90.67251899978957, 44.2041579996824], [-90.67252100033772, 44.20290900026977], [-90.67252200016263, 44.202852000288075]]], [[[-91.18107500015013, 43.39385299970094], [-91.18095799997427, 43.393664000117624], [-91.18064800035289, 43.39334500001235], [-91.17922599959746, 43.39188300002672], [-91.17773299959526, 43.3903470002936], [-91.17773299959526, 43.39048700030572], [-91.17773299959526, 43.39152300026698], [-91.1777350001434, 43.393803000272605], [-91.18107500015013, 43.39385299970094]]], [[[-91.28394599981421, 43.75930799992406], [-91.28393400011865, 43.75740599973954], [-91.28140599987364, 43.757408999930696], [-91.28104799967335, 43.75740999977811], [-91.28130999961417, 43.758694000291136], [-91.28152899989728, 43.75930899973974], [-91.28204299973316, 43.75930799992406], [-91.28394599981421, 43.75930799992406]]], [[[-90.44502400031075, 44.05198299982883], [-90.44498999997556, 44.04814400005167], [-90.44373200015, 44.048095999680555], [-90.44373100032509, 44.048359999948865], [-90.44375100041658, 44.05113799974145], [-90.44375600043944, 44.05171200028888], [-90.44375999973909, 44.05181500021009], [-90.44375899991418, 44.051992999952525], [-90.44441199966725, 44.05198999972187], [-90.44446799974374, 44.05198800021369], [-90.44477700043855, 44.0519860000598], [-90.44502400031075, 44.05198299982883]]], [[[-90.77159300041073, 44.32557399981193], [-90.7715900000377, 44.32540200017175], [-90.77154300018204, 44.325422999699036], [-90.77084500022312, 44.32574399970799], [-90.77067399962058, 44.325821000273734], [-90.7701609996096, 44.326054999887106], [-90.76999099973028, 44.32613399991384], [-90.76960999996376, 44.326306999909846], [-90.76846599994103, 44.32682899981806], [-90.76808599999943, 44.327003000254635], [-90.76744599976684, 44.327293999964276], [-90.76552799961719, 44.32816899987036], [-90.76488900010783, 44.32846200001135], [-90.76420799986734, 44.32877200002772], [-90.76216699969405, 44.329702999759014], [-90.76148700017679, 44.330014000153355], [-90.76141799968151, 44.3300440000546], [-90.7613740001989, 44.330063999980204], [-90.76137900022177, 44.33027199970218], [-90.76137099982583, 44.33055600024444], [-90.7614949996744, 44.330483000195656], [-90.76517199996505, 44.328756999753686], [-90.76528400011803, 44.328703999782974], [-90.76816200016742, 44.327442000022444], [-90.77008299979178, 44.326560999989916], [-90.7704069996569, 44.32641300027939], [-90.77081099988793, 44.32619599968132], [-90.77158500001482, 44.32587299969722], [-90.77159300041073, 44.32557399981193]]], [[[-90.75901900020624, 44.369071999986595], [-90.75650000018206, 44.36906700012156], [-90.75647800044074, 44.36985900013484], [-90.75645099977825, 44.37087699978839], [-90.7589740000004, 44.370882000141066], [-90.75901900020624, 44.369071999986595]]], [[[-90.76762099966902, 44.33119000008637], [-90.76511900026159, 44.331195999818995], [-90.76513199978207, 44.33302399988066], [-90.76621100040579, 44.333024999697756], [-90.76688699972509, 44.3330260001574], [-90.76760499977549, 44.33302699997452], [-90.76762099966902, 44.33119000008637]]], [[[-90.75150099959346, 44.35618900009831], [-90.75152400005798, 44.355479000155825], [-90.74897800026962, 44.35548199974307], [-90.74653700006326, 44.35548299981953], [-90.7465339996902, 44.35587699972117], [-90.74653000039055, 44.35634100005901], [-90.74802099984461, 44.356315999792535], [-90.74803300043851, 44.35632499970988], [-90.74812399977678, 44.35635200009581], [-90.74824699980044, 44.35635200009581], [-90.74852200016004, 44.35630799993624], [-90.75133699956191, 44.35626200025961], [-90.75149899994364, 44.35625900007003], [-90.75150099959346, 44.35618900009831]]], [[[-90.06511300001219, 43.78184799974939], [-90.06011400032189, 43.78183900025805], [-90.06011299959866, 43.78229699974701], [-90.06011299959866, 43.78238200000251], [-90.06415700031042, 43.782388999903716], [-90.06511200018726, 43.78239100006063], [-90.06511300001219, 43.78184799974939]]], [[[-89.78034600032416, 43.52703300004646], [-89.77804499985986, 43.52702900027145], [-89.77804300021003, 43.52793500018766], [-89.78034399977602, 43.527938999902595], [-89.78034600032416, 43.52703300004646]]], [[[-89.82241399997658, 43.67400099967877], [-89.82159399981893, 43.67343699998446], [-89.82111000012027, 43.67309199999516], [-89.82020200009906, 43.6737220000052], [-89.82113699988444, 43.67438399975207], [-89.82154600013835, 43.67467400012041], [-89.82241399997658, 43.67400099967877]]], [[[-90.49185700020007, 44.06163000022427], [-90.49049600044235, 44.061637000268064], [-90.49027899980904, 44.06162900031016], [-90.49028200018209, 44.061799000312746], [-90.49028200018209, 44.06188499971801], [-90.49028499965682, 44.06214600012812], [-90.49028600038005, 44.06223300022432], [-90.49028700020497, 44.06231900029019], [-90.49030200027357, 44.06240299978358], [-90.49030200027357, 44.06264800020722], [-90.49181299981913, 44.06264700031031], [-90.49182100021505, 44.062465999970925], [-90.49185700020007, 44.06163000022427]]], [[[-90.07721199984053, 43.81854300032227], [-90.07718900027432, 43.817406000249676], [-90.07709899986263, 43.81732200003878], [-90.07622900037458, 43.8164930002775], [-90.07624799974285, 43.8185470001606], [-90.07721199984053, 43.81854300032227]]], [[[-90.80908099977422, 44.302461999908594], [-90.80905999985782, 44.30240800027421], [-90.8086840001142, 44.301479000132666], [-90.80859600025065, 44.30149700008679], [-90.8074320001364, 44.301740999921094], [-90.80732599983119, 44.30176499996598], [-90.80741399969473, 44.301980000224816], [-90.80758799977201, 44.30241399973602], [-90.80763399980276, 44.30256299988902], [-90.80763399980276, 44.302635999964004], [-90.80774599995576, 44.30263700029908], [-90.8089600002987, 44.30264899981813], [-90.80888099975768, 44.30245900018022], [-90.80899799993354, 44.302461000213434], [-90.80908099977422, 44.302461999908594]]], [[[-90.0740130002991, 43.81607800021268], [-90.07400699955302, 43.81544500001647], [-90.07212799976142, 43.815446000190036], [-90.07213500033244, 43.81607099971985], [-90.0740130002991, 43.81607800021268]]], [[[-89.79821399977173, 43.56539599976671], [-89.79802600034908, 43.565391999932736], [-89.7978870004319, 43.56538899989435], [-89.79703200011416, 43.565369999864785], [-89.79699899960389, 43.56562599986227], [-89.79692099978607, 43.566236999804595], [-89.79760799987433, 43.56623800023723], [-89.79788800025682, 43.56623900001897], [-89.79791400019609, 43.56623900001897], [-89.798099000144, 43.56623900001897], [-89.79812199971023, 43.56607799979504], [-89.79815000019764, 43.565832000255135], [-89.79821399977173, 43.56539599976671]]], [[[-91.41220099988885, 43.98417700029579], [-91.41045099996869, 43.98314199990977], [-91.41041199961064, 43.98311999980063], [-91.41042500002942, 43.984146999845315], [-91.41123500014133, 43.984183999795405], [-91.41187600019884, 43.98418000008142], [-91.41220099988885, 43.98417700029579]]], [[[-91.28015200024603, 43.91856999971458], [-91.28014700022315, 43.918238000077466], [-91.28014200020029, 43.91816100029456], [-91.2801229999337, 43.91808399976497], [-91.28009000032175, 43.918010000321814], [-91.280044000291, 43.91793999978447], [-91.27998499984145, 43.91787499985892], [-91.27991500041956, 43.917816000312925], [-91.2798340002287, 43.91776500002216], [-91.27974499964195, 43.9177209999011], [-91.27964900028077, 43.917686999873524], [-91.27954700017352, 43.91766200020242], [-91.27944099986834, 43.9176470000065], [-91.27920300021695, 43.9175899997451], [-91.27920400004186, 43.91772500020757], [-91.27920499986676, 43.917993000069465], [-91.27916999970667, 43.91857100010046], [-91.27971399967979, 43.9185769998273], [-91.28015200024603, 43.91856999971458]]], [[[-90.43475300022035, 44.030253999988574], [-90.43473099958074, 44.02924399970254], [-90.43459800040965, 44.029249000069285], [-90.43410600031508, 44.02926699996513], [-90.4341210003837, 44.02996100032155], [-90.43412800005638, 44.030276000061626], [-90.43414599959974, 44.030275000264], [-90.43468299990018, 44.03025700002839], [-90.43475300022035, 44.030253999988574]]], [[[-89.17825300005642, 44.7689470002159], [-89.17823200014001, 44.7682230002278], [-89.17759799975519, 44.76822200020567], [-89.17742399967791, 44.768230999766324], [-89.17743799992161, 44.768944000187126], [-89.17756199977018, 44.7689470002159], [-89.17825300005642, 44.7689470002159]]], [[[-89.16604600027301, 44.82954899989224], [-89.16498799956568, 44.82953700026869], [-89.16498799956568, 44.829811000075395], [-89.16551700036851, 44.82981700017749], [-89.16551599964528, 44.83022900017299], [-89.16604600027301, 44.8302340000095], [-89.16604600027301, 44.82954899989224]]], [[[-90.02999900000962, 44.36424499993703], [-90.0299830001161, 44.363672999767786], [-90.02967799961925, 44.3636709998944], [-90.02918499969977, 44.36366800008415], [-90.02919200027077, 44.36392899969865], [-90.02920099959327, 44.3642400003022], [-90.02971000030463, 44.36424400001011], [-90.02999900000962, 44.36424499993703]]], [[[-89.79369499958214, 44.056999000031176], [-89.79290100026208, 44.05699800003886], [-89.79290299991192, 44.05756999998828], [-89.79369299993233, 44.05756900000561], [-89.79369499958214, 44.056999000031176]]], [[[-89.81977000027892, 43.97576399992708], [-89.8195209998586, 43.975704000205305], [-89.81944999971348, 43.97630199974409], [-89.81965999977577, 43.97633900005824], [-89.81969699958569, 43.97635300025847], [-89.81977000027892, 43.97576399992708]]], [[[-91.31071000024907, 43.9334339997634], [-91.31064499995175, 43.933354999966014], [-91.31041599962289, 43.933231999769596], [-91.31042099964577, 43.933479000043285], [-91.31063599973092, 43.93346699971319], [-91.31066699969304, 43.93346100019416], [-91.31069900037842, 43.93345500002764], [-91.31071000024907, 43.9334339997634]]]]}, "properties": {"NAME": "Ho-Chunk Nation (Trust Land)", "GEOID": "1450T", "_type": "trust"}}, {"type": "Feature", "geometry": {"type": "MultiPolygon", "coordinates": [[[[-84.43708799975897, 46.04949500006379], [-84.43340100032091, 46.04963099979228], [-84.42596100042424, 46.049906000200465], [-84.42593499958666, 46.05067599991973], [-84.42586299961663, 46.053458000190176], [-84.42582699963162, 46.05421900008673], [-84.42581199956301, 46.05500499975074], [-84.42579800021763, 46.05568300029611], [-84.42579200036984, 46.05594700013798], [-84.425775999578, 46.05674000009976], [-84.42577200027834, 46.057004999775394], [-84.42577099955513, 46.05702199994171], [-84.42576999973022, 46.057074000307956], [-84.42576999973022, 46.05709199972802], [-84.42639800026726, 46.05709099982965], [-84.42762900032864, 46.05708999993124], [-84.42828499955644, 46.05708900003287], [-84.42891399991838, 46.05708900003287], [-84.43151199958528, 46.057087000236024], [-84.43162000043861, 46.057087000236024], [-84.43653100026538, 46.05722899997024], [-84.43653100026538, 46.05704799981926], [-84.43707600006343, 46.04964600029191], [-84.43708799975897, 46.04949500006379]]], [[[-84.45446499983521, 46.27839900015784], [-84.45455600007179, 46.27823500011819], [-84.45277199981645, 46.27824800003703], [-84.45201299975817, 46.27774000005441], [-84.45213099975895, 46.2776710000968], [-84.45172099968012, 46.277184000057915], [-84.45195599985676, 46.27703200005963], [-84.45186499962017, 46.27696999975955], [-84.45166799997669, 46.27684199977929], [-84.45156599986943, 46.27678100014432], [-84.45192900009259, 46.27660200001943], [-84.45176099986308, 46.27635900027044], [-84.45414500016807, 46.276250000250116], [-84.45308200033617, 46.27564899987902], [-84.45265899983855, 46.27503999990283], [-84.45287399992371, 46.274384999732696], [-84.45236099991271, 46.27430500027511], [-84.45224899975973, 46.27454399986032], [-84.45218400036072, 46.27466800029182], [-84.45146100028744, 46.27453700024319], [-84.45158799961074, 46.274248000279826], [-84.45167200017464, 46.2742529999441], [-84.45236099991271, 46.27430500027511], [-84.45242200001208, 46.27420500016792], [-84.45248700030942, 46.27359000024707], [-84.45241100014144, 46.27351499998146], [-84.45268599960272, 46.27337299985147], [-84.45320600018474, 46.27399700003113], [-84.45339199995756, 46.27388499996481], [-84.45412199970353, 46.27359000024707], [-84.45386999980845, 46.27350800023291], [-84.45258100002076, 46.27309600015255], [-84.45233599979835, 46.273014999727216], [-84.45221000029997, 46.27296099999811], [-84.45239299969977, 46.272473999703834], [-84.45189999978027, 46.2724240001758], [-84.45155099980082, 46.27239899977378], [-84.45161500027324, 46.273075999828684], [-84.45155499999878, 46.273075999828684], [-84.45142299975429, 46.2730940001205], [-84.45146499958707, 46.27342800011599], [-84.45136500002798, 46.27346700017982], [-84.45151300016599, 46.27375199989926], [-84.4516620001289, 46.273870999940435], [-84.45149200024959, 46.2742429999942], [-84.45088600035217, 46.27420999983612], [-84.4507900000927, 46.27443400027418], [-84.45076499997835, 46.274454000102466], [-84.45114499991995, 46.27467899984083], [-84.45046500040269, 46.27463299979284], [-84.45042400039482, 46.27445899974795], [-84.45035300024969, 46.27440599988144], [-84.45032300011248, 46.27432799982066], [-84.45033300015822, 46.274146000075], [-84.45036999996813, 46.27389299997714], [-84.4498670000029, 46.273820999824146], [-84.44990499963772, 46.273743000172615], [-84.44998900020163, 46.2735849999014], [-84.45042299967159, 46.27308899972959], [-84.45089800004774, 46.27324300013574], [-84.45062799971099, 46.27344900001051], [-84.4504720000754, 46.27368899991895], [-84.45036999996813, 46.27389299997714], [-84.45089999969757, 46.27390499999344], [-84.45103399959186, 46.27370000028541], [-84.4512610002709, 46.27351499998146], [-84.45103100011713, 46.27328900010859], [-84.45094599972832, 46.2732390000823], [-84.4511690002094, 46.27303500007335], [-84.450663999696, 46.27281599992174], [-84.45111599960764, 46.27230500009736], [-84.4509519995761, 46.27221100025973], [-84.45034700040192, 46.27259999990169], [-84.45019900026392, 46.27244200006082], [-84.45010300000445, 46.27233299970076], [-84.4495439999627, 46.272566000280925], [-84.44951300000056, 46.27253800017562], [-84.4493749999083, 46.272336999820325], [-84.44933200025059, 46.27226999995204], [-84.45001799961562, 46.27207299999461], [-84.45010300000445, 46.27233299970076], [-84.4507189999476, 46.27202100002958], [-84.45068299996258, 46.27197500023433], [-84.45061799966525, 46.27185599980189], [-84.45060400031987, 46.27177700010785], [-84.44995099966849, 46.27192300017628], [-84.44989899978995, 46.27176399989578], [-84.44991499968347, 46.27151899971655], [-84.4499459996456, 46.27102000024542], [-84.44931700018199, 46.270999000041094], [-84.44949200008418, 46.27034300025295], [-84.44882099988943, 46.270315000253895], [-84.44883799960789, 46.27003700024107], [-84.44917400006685, 46.270105000115386], [-84.44954999981049, 46.27012600004123], [-84.45051499973309, 46.27020399987282], [-84.45118299955479, 46.27030699971926], [-84.45251900009647, 46.27064599992679], [-84.45263200007437, 46.27067700024776], [-84.45293599984798, 46.27075900015098], [-84.45310099970443, 46.27034900002912], [-84.45100500017787, 46.26999699983731], [-84.44926899960309, 46.26956000023082], [-84.4498390004138, 46.26824499996029], [-84.44997099975998, 46.26798899992809], [-84.44837099962764, 46.26798100029596], [-84.4477610004306, 46.26797900007725], [-84.44758700035332, 46.26784200013577], [-84.4471789999243, 46.267383999767674], [-84.44718399994719, 46.26607699999079], [-84.44779499986747, 46.26605999971238], [-84.44781300030913, 46.26643299982466], [-84.44779999989032, 46.26692200002633], [-84.44783000002757, 46.267128999875744], [-84.44790100017268, 46.2672740000937], [-84.44801800034854, 46.26738200014815], [-84.44820800031934, 46.26749999992992], [-84.44842599987922, 46.267566000233856], [-84.4493740000834, 46.26755199983729], [-84.44963500019931, 46.267532999781295], [-84.44981599994927, 46.26748000004793], [-84.44999800042247, 46.267418000119015], [-84.45016099973077, 46.26732300016203], [-84.45077800039715, 46.266733999734704], [-84.45124100017942, 46.266976999933576], [-84.45177299955867, 46.26718299976192], [-84.45202299980392, 46.2672740000937], [-84.45275699974785, 46.267483000092774], [-84.45298799972653, 46.267131999939835], [-84.45144600021884, 46.26644299995758], [-84.4517180002054, 46.26601600017276], [-84.45140199983788, 46.26583400014942], [-84.45121699988998, 46.26612000026966], [-84.45106899975195, 46.26629800002545], [-84.45066899971889, 46.266137999740934], [-84.45100900037582, 46.265656999970254], [-84.45128100036239, 46.265776000199246], [-84.45153800028035, 46.26541499997579], [-84.45169999976373, 46.265499999831235], [-84.45181100009181, 46.26555300023698], [-84.45205100029132, 46.26517300015507], [-84.45242200001208, 46.265284000166965], [-84.45226800002631, 46.26564199986565], [-84.4532470001926, 46.26589100020126], [-84.45334299955375, 46.265742000071455], [-84.45378799979268, 46.26584299993276], [-84.45386999980845, 46.265707999922576], [-84.45358100010345, 46.265629999903204], [-84.45349700043786, 46.265605000128275], [-84.45369800027932, 46.26527799983642], [-84.4534020000033, 46.265166999812365], [-84.45367300016497, 46.26476299985808], [-84.4535490003164, 46.26471800004013], [-84.45323799997178, 46.264624000232246], [-84.45298400042688, 46.26501800019884], [-84.45197500012334, 46.26477400015299], [-84.45181100009181, 46.26509499999546], [-84.45150700031819, 46.26497299996918], [-84.4514500004168, 46.264943000002546], [-84.45162799979371, 46.264639999854175], [-84.45098000006351, 46.26439900020264], [-84.4511199998056, 46.264148000183965], [-84.45082799972755, 46.26401900019491], [-84.45084100014634, 46.26399699992098], [-84.45095099975119, 46.26388700028187], [-84.45118299955479, 46.263695999887354], [-84.45088200015421, 46.26349199975856], [-84.45124799985211, 46.263245000096624], [-84.45087100028357, 46.262832999878995], [-84.45040000010538, 46.26284200015498], [-84.44830799987845, 46.262945000172245], [-84.44830000038085, 46.263358000052364], [-84.44786799966239, 46.263358000052364], [-84.44782199963164, 46.26296599973594], [-84.44758300015536, 46.262973000209776], [-84.44717300007653, 46.26297199969853], [-84.44712700004578, 46.263356000286024], [-84.44780900011116, 46.263358000052364], [-84.44780999993608, 46.26349800028459], [-84.44740300023031, 46.26349900016523], [-84.44738599961356, 46.2635799997489], [-84.4469310002272, 46.26356899983545], [-84.44693000040229, 46.26335499978177], [-84.44692700002923, 46.26286699994785], [-84.44672100016491, 46.26280000030345], [-84.4466700001113, 46.26427699986949], [-84.44667099993619, 46.26449000018781], [-84.44667099993619, 46.26464200019472], [-84.44666300043859, 46.27104000007765], [-84.44666300043859, 46.27120300017704], [-84.44667400030924, 46.27884700002059], [-84.45334299955375, 46.27882800015485], [-84.45385100044018, 46.27881299992939], [-84.45428400008524, 46.27871199975321], [-84.45446499983521, 46.27839900015784]], [[-84.44943600000768, 46.27490900012254], [-84.44925400043279, 46.27519700003742], [-84.44898200044624, 46.27508400027064], [-84.44928799986967, 46.274785000236356], [-84.44943600000768, 46.27490900012254]], [[-84.44744400023818, 46.27484699990408], [-84.44692600020433, 46.27484099999937], [-84.44692000035656, 46.27457000020438], [-84.44742800034467, 46.27457099988301], [-84.44744400023818, 46.27484699990408]], [[-84.45033499980804, 46.275467000174096], [-84.44977099974344, 46.27546000005399], [-84.44966399961332, 46.275401999733866], [-84.45001400031599, 46.27513700010236], [-84.45026399966294, 46.27519500008204], [-84.45033499980804, 46.275467000174096]], [[-84.45160100002954, 46.27549399974208], [-84.45090399989553, 46.27565499969522], [-84.45082699990263, 46.275295999910874], [-84.45105399968335, 46.275299000148834], [-84.45130300010369, 46.275260000146936], [-84.45160100002954, 46.27549399974208]], [[-84.44929299989255, 46.273870000249026], [-84.44912600038627, 46.274124000139864], [-84.44909600024906, 46.27419100022529], [-84.44908399965517, 46.27427800012131], [-84.44908399965517, 46.27439900024669], [-84.44912200018831, 46.274528999703946], [-84.44876599963786, 46.27473999995289], [-84.44868799982005, 46.27465599982166], [-84.44869200001801, 46.273969000036], [-84.44888600018677, 46.27371100002872], [-84.44929299989255, 46.273870000249026]], [[-84.4512820001873, 46.26485600019281], [-84.45105299985845, 46.265234000290164], [-84.4509370004058, 46.26517700017621], [-84.45084699999411, 46.265137999802604], [-84.4507750000241, 46.265103000048825], [-84.4504949996416, 46.26546399984281], [-84.4506849996124, 46.26552100027934], [-84.45071099955167, 46.26553199980113], [-84.45034499985377, 46.26607699999079], [-84.44965399956756, 46.265884999937114], [-84.45001000011803, 46.26531799995784], [-84.45056800033485, 46.26444600000909], [-84.45105299985845, 46.264735999971755], [-84.4512820001873, 46.26485600019281]], [[-84.45022500020318, 46.26646000011721], [-84.44973899995638, 46.26701799987371], [-84.44913399988387, 46.26712299974709], [-84.44873800004876, 46.26708400013698], [-84.4482419997562, 46.266950999713295], [-84.44818599967971, 46.26633300025832], [-84.44798800021131, 46.266319000167854], [-84.4480019995567, 46.26606500012357], [-84.44884199980584, 46.26608400006737], [-84.44920099983105, 46.26611599969635], [-84.44948000038862, 46.26616200006182], [-84.44987299985067, 46.26629499991576], [-84.45022500020318, 46.26646000011721]]], [[[-84.32817599959078, 46.47369500004247], [-84.32630900039308, 46.47367799992197], [-84.32296900038634, 46.473702999915375], [-84.32185399977759, 46.473930999820055], [-84.3217769997847, 46.4762450000419], [-84.32181399959461, 46.47688399978001], [-84.32179299967821, 46.47731999992324], [-84.32194900021214, 46.47732500020681], [-84.32196299955753, 46.47761099982717], [-84.32324499967254, 46.477614999785246], [-84.32445599964245, 46.47762999993472], [-84.32446900006124, 46.47763700016802], [-84.32451000006913, 46.47763599986962], [-84.32459499955964, 46.47763700016802], [-84.32724900020133, 46.4777189998292], [-84.32814800000169, 46.477683999943686], [-84.32812299988734, 46.47751900009167], [-84.32808100005454, 46.475654999948745], [-84.32817599959078, 46.47369500004247]]], [[[-86.16408600010932, 45.972958000154364], [-86.16406699984273, 45.97268799985645], [-86.1640579996219, 45.97227500014923], [-86.16380599972682, 45.9722769998937], [-86.16378399998551, 45.968755999809574], [-86.16085300023268, 45.96874799969833], [-86.15944200024624, 45.96874399995444], [-86.15847599960041, 45.968755999809574], [-86.15823999959886, 45.96875899992902], [-86.15819399956811, 45.97261099991185], [-86.15822399970533, 45.97300699982454], [-86.16075199995035, 45.97295999987422], [-86.16408600010932, 45.972958000154364]]], [[[-84.73776799983334, 45.93410100000034], [-84.73776399963538, 45.93387000014239], [-84.73775399958964, 45.93317800005896], [-84.73775100011491, 45.93294799974995], [-84.73774899956678, 45.932772000124245], [-84.73774500026713, 45.9322469999924], [-84.73774400044222, 45.93207200030193], [-84.73774299971898, 45.93182400018751], [-84.73774000024426, 45.93108299972368], [-84.73773900041934, 45.93083599986826], [-84.73773500022138, 45.92973999979497], [-84.73773799969612, 45.929231999806134], [-84.73775199993982, 45.928813000252376], [-84.73745800021194, 45.92887600003255], [-84.73657600013003, 45.92906799996259], [-84.73628300022706, 45.92913199979158], [-84.73624200021919, 45.929181000108684], [-84.73598799977597, 45.92930099987352], [-84.73558500026814, 45.92935600017359], [-84.73552300034387, 45.92936500005848], [-84.7347030001862, 45.92956499969195], [-84.7335680003843, 45.9298940000287], [-84.73341500022342, 45.92995200008703], [-84.73321199983383, 45.93003000028532], [-84.7329359996493, 45.93017699997636], [-84.73278500003657, 45.93028100000272], [-84.73276099974713, 45.93030900014471], [-84.73255999990567, 45.93042899996837], [-84.73228200007132, 45.93059700016008], [-84.73208799990257, 45.93092200002371], [-84.73196800025197, 45.93112400027116], [-84.73205699994043, 45.93115999990396], [-84.73232399990411, 45.93126799991179], [-84.7324140003158, 45.931304000075926], [-84.73263500024873, 45.93143899970236], [-84.73301000016747, 45.9317590000497], [-84.73304199995452, 45.9318139997868], [-84.7331259996201, 45.931956999847635], [-84.73334900010119, 45.93260600019971], [-84.73335499994897, 45.93286400015444], [-84.73328999965165, 45.93301700019272], [-84.73311599957437, 45.933159000009844], [-84.73292599960357, 45.93325699973316], [-84.73271399989146, 45.93328900005158], [-84.73268999960202, 45.93332799969231], [-84.73301900038831, 45.93348800027015], [-84.73307299991666, 45.93358400014541], [-84.733174000199, 45.93376299983341], [-84.73354900011772, 45.93403400015683], [-84.73365799989767, 45.93413599995167], [-84.73447999970514, 45.93412900008814], [-84.73694600002587, 45.93410799986745], [-84.73776799983334, 45.93410100000034]]], [[[-84.31802900024726, 46.47005699985864], [-84.31687900037673, 46.46768199984719], [-84.3162569996875, 46.46638899998308], [-84.31148200030319, 46.4664059999054], [-84.31148200030319, 46.47005699985864], [-84.31557299997229, 46.47005699985864], [-84.31802900024726, 46.47005699985864]]], [[[-86.19443900007295, 45.993635999755455], [-86.19025899981706, 45.993640000197836], [-86.19019299969482, 45.99389599982645], [-86.19002899966328, 45.994620000020504], [-86.18988899992121, 45.99524199998618], [-86.18976599989757, 45.995793000087986], [-86.18973300028561, 45.995930999819585], [-86.18960699988891, 45.996447999774475], [-86.18953900011684, 45.99675200027519], [-86.18948100039053, 45.99692800019587], [-86.18942100011606, 45.99706200002249], [-86.18933900010029, 45.99719899997553], [-86.18924200001592, 45.99734500029459], [-86.18913300023598, 45.99745099982327], [-86.18888899983851, 45.99764599980931], [-86.18908100035743, 45.9979259998036], [-86.19019600006787, 45.99794000026537], [-86.19172000003222, 45.99792700014874], [-86.19328900020241, 45.9979250000825], [-86.1942039998963, 45.99791499975034], [-86.19443300022515, 45.99791600009567], [-86.19441800015656, 45.99552899988678], [-86.19441899998145, 45.994522999977704], [-86.19443599969989, 45.99445699993497], [-86.19443900007295, 45.993635999755455]]], [[[-86.62446200016821, 46.38718600001995], [-86.62441299976439, 46.38530600025822], [-86.62439600004596, 46.38400600020632], [-86.62437900032752, 46.38364700010881], [-86.6243290000988, 46.38364999998648], [-86.62226299981116, 46.38362299984201], [-86.62048199992886, 46.38357099984747], [-86.62033200014105, 46.38357399972933], [-86.61880800017668, 46.38360300023134], [-86.61885000000949, 46.38526099972261], [-86.6204710000582, 46.38525900006973], [-86.62048899960156, 46.3871609999683], [-86.62446200016821, 46.38718600001995]]], [[[-87.10067799992018, 45.72912899974529], [-87.0979480000088, 45.72907900028155], [-87.09533000025041, 45.729032000055035], [-87.09532400040264, 45.72914099998617], [-87.09530900033403, 45.72947100027002], [-87.09530500013607, 45.72958100014041], [-87.0953009999381, 45.7296670001732], [-87.09528900024253, 45.72992500010418], [-87.09528599986949, 45.73001199976843], [-87.0952940002654, 45.73028400029527], [-87.0953009999381, 45.73050499990477], [-87.0952800000217, 45.73110199985489], [-87.09527099980087, 45.731375000226606], [-87.09526900015105, 45.731406000067324], [-87.0952649999531, 45.73150000024777], [-87.0952649999531, 45.73153200015302], [-87.0978840004347, 45.731533000286895], [-87.10060599995015, 45.73153499992764], [-87.10067799992018, 45.72912899974529]]], [[[-84.32227700027521, 46.46286700030671], [-84.32145499956941, 46.462860999981054], [-84.32140500023901, 46.4645590001586], [-84.31604400015047, 46.46467099974718], [-84.31604400015047, 46.466052999992485], [-84.31732100024261, 46.46614300014915], [-84.32146100031554, 46.46620400026697], [-84.3221430003809, 46.46625899974655], [-84.32214599985564, 46.4660520000999], [-84.32227700027521, 46.46286700030671]]], [[[-85.48675799975022, 46.301352999885424], [-85.48673699983384, 46.30114600022336], [-85.48235900010954, 46.30110600018642], [-85.48240500014029, 46.303461999819625], [-85.48295900015916, 46.30346100004754], [-85.48384600026398, 46.30346100004754], [-85.48411700042561, 46.303464999756386], [-85.48459799975123, 46.30346100004754], [-85.484567999614, 46.302225000308724], [-85.48515699979298, 46.30243300002639], [-85.48675100007752, 46.30246599994179], [-85.48675799975022, 46.301352999885424]]], [[[-84.45718100040119, 46.27086200019635], [-84.45579299998097, 46.27074299983114], [-84.45582599959293, 46.271355999935984], [-84.45543499978066, 46.27134499972001], [-84.45539899979566, 46.27146300028472], [-84.45534600009223, 46.27160400004218], [-84.45534000024445, 46.27161399985266], [-84.45587099979876, 46.27177900018796], [-84.45460999960015, 46.2730850002858], [-84.4556330001474, 46.273228999947364], [-84.45580200020179, 46.27351200026672], [-84.45583700036191, 46.273496999827906], [-84.45568900022388, 46.27323799975842], [-84.45597700010399, 46.27295899996114], [-84.4564919997648, 46.27156099971862], [-84.45718100040119, 46.27086200019635]]], [[[-84.45592000020257, 46.26651599969255], [-84.45586800032405, 46.26592699990927], [-84.45547599978856, 46.26593000003911], [-84.4554990002531, 46.26580300019443], [-84.45502899989982, 46.265776000199246], [-84.45498500041721, 46.26594500006495], [-84.45421200011522, 46.265927999745564], [-84.45384800006714, 46.26664000027866], [-84.4536480000506, 46.26664800010651], [-84.45329900007114, 46.26662199973018], [-84.4532189997052, 46.26675600015228], [-84.45387499983133, 46.26707000023832], [-84.4557100001403, 46.267010999916394], [-84.45575500034614, 46.26651099994349], [-84.45583900001172, 46.26651099994349], [-84.45592000020257, 46.26651599969255]]], [[[-84.45573100005669, 46.27018599987377], [-84.45538999957483, 46.26911699971378], [-84.45536899965845, 46.26902299999727], [-84.45549500005515, 46.26896199973163], [-84.45541800006224, 46.268823999979645], [-84.45500200013564, 46.26795100011251], [-84.4542880002832, 46.26812699991935], [-84.45433900033683, 46.268169999832104], [-84.45447400005604, 46.26833400018626], [-84.4545639995694, 46.26846899993918], [-84.45465900000396, 46.26871700006782], [-84.45415299966567, 46.26887200012178], [-84.45428499991014, 46.26912100006806], [-84.45475899956307, 46.26897700016974], [-84.45501399983121, 46.26960300026138], [-84.45504999981623, 46.26969200014526], [-84.45523499976414, 46.27020300011453], [-84.45573100005669, 46.27018599987377]]], [[[-84.45361899973828, 46.27091800024225], [-84.45282799989296, 46.27085099988117], [-84.45282000039535, 46.27093100003407], [-84.45272900015875, 46.27136799988682], [-84.4521690002921, 46.27226099998204], [-84.45265600036382, 46.272358999851924], [-84.45287399992371, 46.27197500023433], [-84.45324499964447, 46.27214999981644], [-84.45337100004116, 46.272012999743986], [-84.45358600012632, 46.27180499998098], [-84.45319500031407, 46.271645000247126], [-84.45352300037713, 46.27107600012988], [-84.45361899973828, 46.27091800024225]]], [[[-84.4568230002009, 46.26372300028588], [-84.45657299995565, 46.26366599984295], [-84.45669299960625, 46.263378000196184], [-84.4563729999391, 46.263336000134224], [-84.45627300038, 46.263630999770385], [-84.45619600038711, 46.26376400017563], [-84.45612000021912, 46.26385900009005], [-84.45554600010875, 46.26369400013334], [-84.45550400027597, 46.26383500000304], [-84.45550400027597, 46.263908000105786], [-84.45588199966943, 46.264100000252384], [-84.45578499958503, 46.26417200013401], [-84.45641700032003, 46.264409000085536], [-84.45656700010787, 46.264082999981916], [-84.4568230002009, 46.26372300028588]]], [[[-86.71101399956507, 46.43864100024543], [-86.71098799962581, 46.43850800004009], [-86.71077400026388, 46.437611999710555], [-86.710108000092, 46.43764399997603], [-86.71030999975838, 46.43807499976652], [-86.71031499978123, 46.43818499978178], [-86.71030399991061, 46.43827599997544], [-86.71027499959827, 46.43843100026159], [-86.71025000038223, 46.43850099972705], [-86.71086999962503, 46.43860200026539], [-86.71101399956507, 46.43864100024543]]], [[[-84.45346200027778, 46.26424300005402], [-84.45236900030865, 46.26387800017739], [-84.45196099987965, 46.26418700001979], [-84.45224600028499, 46.264312000150625], [-84.45250999987563, 46.264403000280204], [-84.45323799997178, 46.264624000232246], [-84.45346200027778, 46.26424300005402]]], [[[-84.45233300032363, 46.27097999993804], [-84.45183100018329, 46.2708910002827], [-84.4513740002488, 46.27082000027959], [-84.45125600024802, 46.27107699987226], [-84.45170200031187, 46.27129699988066], [-84.45161899957287, 46.27160400004218], [-84.4517809999546, 46.271595999695755], [-84.4518389996809, 46.27159499996281], [-84.45207300003264, 46.27147800003831], [-84.4521550000484, 46.27130100007589], [-84.45233300032363, 46.27097999993804]]], [[[-84.45832500042394, 46.26884100002185], [-84.45778899994842, 46.26869799979468], [-84.45752899965741, 46.26859299983326], [-84.45723699957937, 46.269000999868574], [-84.45802800032301, 46.26929300012358], [-84.45832500042394, 46.26884100002185]]], [[[-84.4591670003229, 46.270133999981304], [-84.45876100044204, 46.2699800001536], [-84.45830000030959, 46.27034199987621], [-84.45807600000359, 46.270482000280516], [-84.45788000018501, 46.270548999850725], [-84.45770000025996, 46.27060199972153], [-84.45806500013295, 46.27073400023136], [-84.45910500039862, 46.2701729999053], [-84.4591670003229, 46.270133999981304]]], [[[-84.45079400029066, 46.271127999749616], [-84.45097300039082, 46.270752000050436], [-84.45018800039327, 46.27070000007397], [-84.450078999715, 46.27069200021651], [-84.4499459996456, 46.27102000024542], [-84.45079400029066, 46.271127999749616]]], [[[-84.45586499995099, 46.27580899972073], [-84.45551199977358, 46.275735000286645], [-84.45541800006224, 46.27578899976605], [-84.45526099970341, 46.27586000016196], [-84.45510099986983, 46.275896999807095], [-84.45492699979256, 46.27592800026247], [-84.45477199998186, 46.27593200011968], [-84.4548940001806, 46.2762610001025], [-84.45526699955118, 46.27624899998119], [-84.45586499995099, 46.27580899972073]]], [[[-84.454542999653, 46.27416000002911], [-84.45443399987306, 46.27413000012302], [-84.45424100042753, 46.27409000022273], [-84.45415799968853, 46.27408099993066], [-84.45398399961128, 46.27411200017152], [-84.45391199964125, 46.27415000006225], [-84.45405499975638, 46.27467899984083], [-84.45432000007025, 46.27476400023285], [-84.454542999653, 46.27416000002911]]], [[[-87.40645799996719, 46.5271960001171], [-87.40642700000504, 46.52702100019363], [-87.4064110001115, 46.52693099999581], [-87.40588800005479, 46.52648199987842], [-87.40552599965653, 46.52669100018138], [-87.40599600000982, 46.52689600025631], [-87.40613699957682, 46.527197000122136], [-87.4063609998828, 46.5271960001171], [-87.40645799996719, 46.5271960001171]]], [[[-84.45119599997358, 46.271496999968726], [-84.451296000431, 46.271201000075905], [-84.45079400029066, 46.271127999749616], [-84.45064000030489, 46.271454000182175], [-84.45062500023627, 46.27152200016129], [-84.45116099981347, 46.27159499996281], [-84.45119599997358, 46.271496999968726]]], [[[-84.46061799959399, 46.2685450000678], [-84.46036900007198, 46.268400000107015], [-84.45977499987013, 46.26879500004158], [-84.46005699990243, 46.268977999950394], [-84.46061799959399, 46.2685450000678]]], [[[-84.45520700017505, 46.265082000061575], [-84.45462800004182, 46.264802999734236], [-84.45432699974293, 46.26503500017935], [-84.45430699965145, 46.26506400024361], [-84.4548370002792, 46.26525399974954], [-84.45488400013487, 46.2651709998339], [-84.45520700017505, 46.265082000061575]]], [[[-84.45687099988149, 46.26856399977298], [-84.45669799962911, 46.26840099989819], [-84.45618399979321, 46.26857299972912], [-84.45641599959681, 46.26878999987943], [-84.45672000026873, 46.26877799998511], [-84.45687099988149, 46.26856399977298]]], [[[-84.45395500019727, 46.27464700024347], [-84.45385700028797, 46.274616000305244], [-84.45362200011132, 46.274545999839454], [-84.45345499970676, 46.27484200029399], [-84.45342100026988, 46.274983999722245], [-84.45386599961049, 46.27495699990298], [-84.45395500019727, 46.27464700024347]]], [[[-84.45467099969952, 46.265506000137535], [-84.45413000009944, 46.26532500013134], [-84.45398699998431, 46.26553599979606], [-84.4541180004039, 46.265604000286096], [-84.45451199969087, 46.26574399975081], [-84.45467099969952, 46.265506000137535]]], [[[-84.45533199984853, 46.27434500001848], [-84.45527699959693, 46.274146000075], [-84.45499600028786, 46.27404000030625], [-84.45473699982176, 46.27422500007977], [-84.45477899965455, 46.2742429999942], [-84.45486300021847, 46.27428699976011], [-84.45491300044718, 46.27434199972828], [-84.45501800002917, 46.2744819998498], [-84.45533199984853, 46.27434500001848]]], [[[-84.45649000011495, 46.26715100013478], [-84.45616200005192, 46.26708899983379], [-84.4559510001647, 46.26742800007225], [-84.45636700009132, 46.26748000004793], [-84.45649000011495, 46.26715100013478]]], [[[-84.45692600013307, 46.266287000036385], [-84.45636299989337, 46.26640799979495], [-84.45635899969541, 46.266541000294076], [-84.45682700039886, 46.26665500011018], [-84.45692600013307, 46.266287000036385]]], [[[-84.46204199999923, 46.266623999998444], [-84.46137500000246, 46.266631999828626], [-84.46149899985102, 46.26693699978067], [-84.46162400042279, 46.26684300005171], [-84.46204199999923, 46.266623999998444]]], [[[-84.45920900015568, 46.26838599992347], [-84.45894499966673, 46.26826899997966], [-84.45873600032768, 46.26847400013066], [-84.45897399997905, 46.26857499992615], [-84.45920900015568, 46.26838599992347]]]]}, "properties": {"NAME": "Sault Ste. Marie (Trust Land)", "GEOID": "3635T", "_type": "trust"}}, {"type": "Feature", "geometry": {"type": "MultiPolygon", "coordinates": [[[[-86.21557999958011, 42.20503199988985], [-86.21556299986167, 42.20485700002803], [-86.21552000020398, 42.20057400030103], [-86.21261299984228, 42.20059300013345], [-86.2125519997429, 42.19859499981162], [-86.21046899973682, 42.199088000193264], [-86.21046000041432, 42.20387900012747], [-86.20855800015819, 42.20387900012747], [-86.20851399977725, 42.19955100018784], [-86.20842300043897, 42.19957300031444], [-86.20833800005016, 42.199592999999396], [-86.20840199962426, 42.20387900012747], [-86.20838699955566, 42.20713499997284], [-86.20127700027017, 42.20717800016337], [-86.20118299966052, 42.215432000141966], [-86.20118199983561, 42.21552500026184], [-86.20108499975123, 42.21552500026184], [-86.2010260002, 42.21549499998059], [-86.2009209997197, 42.21547200011014], [-86.20082399963532, 42.21545000019731], [-86.20072699955094, 42.21543500004063], [-86.20058500015904, 42.21543500004063], [-86.20044399969372, 42.215442999769834], [-86.20027899983728, 42.21547200011014], [-86.20013800027029, 42.21552500026184], [-86.19998799958415, 42.21561399972607], [-86.19989100039808, 42.2156959999961], [-86.19983899962124, 42.2158310000545], [-86.19977900024509, 42.215958000161415], [-86.19975699960547, 42.21607000000707], [-86.19974900010786, 42.21615199968502], [-86.1998019998113, 42.21623399992176], [-86.19987600032947, 42.21624899988861], [-86.19996599984285, 42.21628600014653], [-86.20005500042963, 42.216292999815245], [-86.20020500021744, 42.216292999815245], [-86.20038400031758, 42.21626399985195], [-86.20059299965664, 42.216211000320435], [-86.2007719997568, 42.21618899999972], [-86.20093599978831, 42.21616699967135], [-86.20109300014715, 42.216159000033905], [-86.2012720002473, 42.216159000033905], [-86.20136199976066, 42.21618899999972], [-86.20142100021022, 42.21630799976814], [-86.20142100021022, 42.21643500024644], [-86.20136199976066, 42.216540000270854], [-86.2012720002473, 42.21666700028259], [-86.20119699990423, 42.21672599977156], [-86.20110800021577, 42.21682299975886], [-86.2010179998041, 42.216890999921745], [-86.20089099958247, 42.217009999697915], [-86.2007869998254, 42.21708499990567], [-86.2006529999311, 42.21717399983269], [-86.20033200043905, 42.217375999762154], [-86.20013800027029, 42.217480000284105], [-86.19992900003292, 42.21758499990163], [-86.1997170003208, 42.21767099999687], [-86.19947899977112, 42.217786999847014], [-86.19920900033269, 42.21794199995648], [-86.19891899990446, 42.21811800008313], [-86.19864199989503, 42.218299999909824], [-86.19827000034937, 42.21853699999823], [-86.19790600030129, 42.218786000151866], [-86.19759499995665, 42.21902299974673], [-86.19733800003871, 42.21923899976492], [-86.19708899961837, 42.21952199979777], [-86.19691299989128, 42.21969100022103], [-86.19669000030852, 42.219833000329295], [-86.19642699964446, 42.219994999997326], [-86.1962380003969, 42.2200760000081], [-86.19597399990795, 42.22016399981989], [-86.19581200042455, 42.22021100001691], [-86.195576000423, 42.220252000174305], [-86.1953799997061, 42.22027199996561], [-86.19517100036704, 42.2202789998578], [-86.19496100030476, 42.22029900030582], [-86.19481300016676, 42.22033999974086], [-86.19468900031819, 42.220424000301286], [-86.19479300007526, 42.22051499995076], [-86.19722699971064, 42.222646999825194], [-86.1975830002611, 42.222982999763765], [-86.1998779999793, 42.22293300009208], [-86.20005100023167, 42.222930999731844], [-86.20001699989646, 42.219417000074614], [-86.20065700012906, 42.21909700031663], [-86.20083100020634, 42.219449000293835], [-86.20088300008487, 42.2195720001748], [-86.20090700037431, 42.21966400028613], [-86.20094099981118, 42.21991000030133], [-86.20095000003202, 42.2203190000822], [-86.21306899995186, 42.22042099997429], [-86.21306899995186, 42.22268799973137], [-86.21544099966295, 42.222730000126795], [-86.21544999988377, 42.2174030000101], [-86.21386999984293, 42.2174030000101], [-86.21386499982006, 42.2144600001796], [-86.21555899966371, 42.21446999999526], [-86.21557000043269, 42.214063000230446], [-86.21557799993029, 42.213799000203366], [-86.21555399964086, 42.213513999812484], [-86.21515100013303, 42.21288800015407], [-86.21514699993507, 42.21251399992909], [-86.21519299996584, 42.21207300021467], [-86.21529300042326, 42.21171900032527], [-86.21556100021186, 42.21134299976975], [-86.21556100021186, 42.210876000201544], [-86.21555500036406, 42.210717999926395], [-86.21548500004387, 42.21073399991332], [-86.2152609997379, 42.21084599970809], [-86.21499600032234, 42.210989999817734], [-86.21478799990989, 42.21111000010194], [-86.21454799971036, 42.21127000012617], [-86.21433099997539, 42.21132699993714], [-86.21415500024828, 42.21133500018664], [-86.21406700038473, 42.21133500018664], [-86.21397100012527, 42.21131100010044], [-86.21384200025385, 42.21119799976619], [-86.21374599999437, 42.21107000003254], [-86.21372199970493, 42.21091000016701], [-86.21376199988791, 42.210653999938316], [-86.21396299972936, 42.21034100001896], [-86.21412299956293, 42.21018100030295], [-86.21426700040128, 42.2100369996797], [-86.21443499973246, 42.20991599996493], [-86.21460399978686, 42.20977999984938], [-86.2147400002293, 42.20966800016056], [-86.21482800009285, 42.209547999798396], [-86.21488400016935, 42.20942799987361], [-86.21490000006287, 42.20929099997466], [-86.21467599975688, 42.20910700000229], [-86.21449099980896, 42.20910700000229], [-86.21419500043126, 42.20913900012277], [-86.21383399985791, 42.20926699977722], [-86.2135860001608, 42.20937199974198], [-86.21333799956538, 42.20950000025507], [-86.21308900004334, 42.20953999998796], [-86.21292900020977, 42.20950800007058], [-86.21280100016327, 42.20936399990926], [-86.21280899966085, 42.20920300031513], [-86.21300899967741, 42.20895499970765], [-86.21316100001337, 42.2087949998078], [-86.21342600032725, 42.208593999787645], [-86.21365800013082, 42.2084580001527], [-86.21380999956848, 42.20838599991434], [-86.21401899980586, 42.20828999969067], [-86.21431500008185, 42.20822599990408], [-86.21466800025928, 42.2081939999865], [-86.21499600032234, 42.208241999856824], [-86.21527699963141, 42.20833000018976], [-86.2155009999374, 42.20839399987098], [-86.21553699992242, 42.208399000259185], [-86.21553699992242, 42.20827399975009], [-86.2155140003562, 42.20748999969419], [-86.21550699978519, 42.207272999985314], [-86.21531699981439, 42.20715999974672], [-86.21505200039884, 42.207088000025124], [-86.21478799990989, 42.207056000196495], [-86.21458000039574, 42.207048000070415], [-86.21436299976243, 42.2070640003215], [-86.21401899980586, 42.2071040002661], [-86.21368999991788, 42.20715999974672], [-86.21344999971836, 42.20720799973736], [-86.21318500030281, 42.207240000154414], [-86.21296099999681, 42.207263999791216], [-86.21276900037621, 42.207263999791216], [-86.2126010001467, 42.207215999843136], [-86.21240799980286, 42.2071040002661], [-86.21221600018225, 42.20695199980957], [-86.2120160001657, 42.20672000001869], [-86.21187899989836, 42.20647899973518], [-86.21186300000483, 42.2062789997765], [-86.21199199987626, 42.20597399973503], [-86.2121280003187, 42.20580599998648], [-86.21235199972638, 42.20563799979117], [-86.21273699969083, 42.20558999993849], [-86.21312900022632, 42.205653999733954], [-86.21338600014427, 42.20580599998648], [-86.21367400002435, 42.20599000025815], [-86.21396299972936, 42.206126999996606], [-86.21423499971591, 42.206094999681184], [-86.21435500026483, 42.20595799987328], [-86.21436299976243, 42.20574999997103], [-86.21429099979242, 42.20550199978116], [-86.21429099979242, 42.20522900008589], [-86.21432299957945, 42.20504500025949], [-86.21442700023485, 42.204893000172326], [-86.21463599957391, 42.20482099986327], [-86.21489199966695, 42.20479699996387], [-86.21505200039884, 42.20481300011964], [-86.2151970001638, 42.20485300015863], [-86.21541499972368, 42.20494900028199], [-86.21557999958011, 42.20503199988985]]], [[[-86.08500100037327, 42.03760600012605], [-86.08490799958855, 42.02671600031002], [-86.07912800009866, 42.02675199969259], [-86.07907200002215, 42.01980600021407], [-86.07878800034004, 42.01980600021407], [-86.07861500008768, 42.01980499982565], [-86.07859699964601, 42.02668000023975], [-86.0722389998478, 42.02682600028714], [-86.07244600043535, 42.03773299974824], [-86.07482099962117, 42.03768999983104], [-86.07482099962117, 42.041337999989324], [-86.07968799996532, 42.04130999992833], [-86.0822859996322, 42.041295999893215], [-86.08230800027182, 42.039379000027026], [-86.08232800036332, 42.037647999992394], [-86.08500100037327, 42.03760600012605]]], [[[-86.10732100006331, 41.955706000063245], [-86.10732000023842, 41.95559199978608], [-86.10731799969025, 41.95547900003667], [-86.08778900001099, 41.955389000252595], [-86.08301899975122, 41.95534500004466], [-86.08306800015502, 41.96259200003958], [-86.08779400003385, 41.962623999834], [-86.0976819998096, 41.96269099989423], [-86.09766300044133, 41.959075000048784], [-86.10730500016979, 41.959146999863634], [-86.1073059999947, 41.95899100005068], [-86.10732100006331, 41.955706000063245]]], [[[-86.1655499997992, 42.02423899991786], [-86.16554800014939, 42.02396700007404], [-86.1655430001265, 42.0226639996665], [-86.16437099961635, 42.0226639996665], [-86.1643880002331, 42.02394700028498], [-86.16439200043106, 42.02423899991786], [-86.1655499997992, 42.02423899991786]]], [[[-86.17721900035555, 42.25116600030934], [-86.17717900017257, 42.2472690002214], [-86.16672999980696, 42.247328999832064], [-86.16672999980696, 42.247514000267145], [-86.16672999980696, 42.24793500014816], [-86.16728399982583, 42.247936000264566], [-86.16729399987156, 42.24983900024053], [-86.16673200035508, 42.24983100021511], [-86.16673300018, 42.25000599979195], [-86.16674900007352, 42.25103500027676], [-86.16675300027148, 42.251617000173184], [-86.16731599961288, 42.251613999998966], [-86.16731599961288, 42.25241100003802], [-86.16675999994418, 42.25240999999257], [-86.16679400027937, 42.25404199989496], [-86.17227699966834, 42.253997999682305], [-86.17223400001063, 42.25119300006908], [-86.17446099995678, 42.251180999955636], [-86.17721900035555, 42.25116600030934]]], [[[-86.18612600031517, 42.243383999722305], [-86.18608600013219, 42.240733000082166], [-86.18427099991472, 42.240733000082166], [-86.18353899962062, 42.2407560000613], [-86.1834819997192, 42.23957199966838], [-86.18347500004651, 42.23928199994835], [-86.1834959999629, 42.23899799977943], [-86.18265599971377, 42.238999000037495], [-86.18226699955135, 42.23899799977943], [-86.18177500035506, 42.23899799977943], [-86.18173799964683, 42.236976999797704], [-86.17691499968362, 42.23700100010549], [-86.17691499968362, 42.24062599992434], [-86.17647299981776, 42.24063099975552], [-86.17653200026729, 42.24352699992528], [-86.17682099997229, 42.24351999995076], [-86.17724899959447, 42.24351299997553], [-86.17721500015759, 42.242107000030224], [-86.17915400022363, 42.242107000030224], [-86.17915699969836, 42.24254699993047], [-86.18010499990253, 42.24255599975134], [-86.1801230003442, 42.24346599983647], [-86.1806229999364, 42.24345499977057], [-86.18175100006562, 42.24344399970275], [-86.18231500013023, 42.243443000180164], [-86.18301399991405, 42.24343300029803], [-86.18299899984545, 42.24253800010836], [-86.1851429999509, 42.242506000287044], [-86.18515899984443, 42.24339000018843], [-86.1857970004272, 42.24338600009939], [-86.18612600031517, 42.243383999722305]]], [[[-86.19145700026648, 41.948943000141746], [-86.19084799999604, 41.94855399975782], [-86.19006200017358, 41.94804999975789], [-86.18988100042361, 41.94790999975602], [-86.18973800030847, 41.947770000114836], [-86.18956199968305, 41.94755800003466], [-86.18952700042128, 41.94737200020945], [-86.18951300017757, 41.947119999709926], [-86.18953999994176, 41.946811999751006], [-86.18964100022409, 41.94624400005469], [-86.18975800039996, 41.94596699979984], [-86.18994699964752, 41.945789999947486], [-86.18995400021853, 41.94421000033168], [-86.18967300001114, 41.944425999798646], [-86.18918000009164, 41.94485400029289], [-86.18843199990403, 41.94546700027531], [-86.18835099971315, 41.945509999732444], [-86.18827500044348, 41.9455430003061], [-86.18813300015327, 41.94556499978819], [-86.18799199968795, 41.94557199998628], [-86.18532100022612, 41.94550300019571], [-86.18531899967799, 41.94198999970535], [-86.18124100042769, 41.94197500025087], [-86.18120500044267, 41.934511999992274], [-86.17535300008444, 41.93443499978477], [-86.17534700023666, 41.9351439997535], [-86.17485000011919, 41.9351439997535], [-86.17481999998196, 41.93442699997486], [-86.1702940001197, 41.934368000092704], [-86.17024100041624, 41.93961299985558], [-86.17531499955128, 41.939700999908936], [-86.1753089997035, 41.940455000262986], [-86.1702320001954, 41.940366000281124], [-86.17021899977661, 41.94167299983712], [-86.16577400010517, 41.941670999944655], [-86.16578400015092, 41.94290499984634], [-86.16570999963277, 41.942906000107314], [-86.16153600012298, 41.94292299986423], [-86.16137100026656, 41.94311899987827], [-86.1613889998099, 41.948796000253346], [-86.16161200029097, 41.94879699975379], [-86.16506600010052, 41.94880599993378], [-86.16515800016204, 41.94880300009662], [-86.16528899968328, 41.94878199989633], [-86.1654159999049, 41.94873700030278], [-86.16547700000427, 41.948709000227886], [-86.1655430001265, 41.948667999929015], [-86.16558599978421, 41.948631999791466], [-86.16562699979208, 41.94858800026386], [-86.16565199990644, 41.94854999973638], [-86.16568600024164, 41.94846000019001], [-86.16569299991434, 41.94839199969128], [-86.16571300000582, 41.94761500003411], [-86.16570299996008, 41.945672999990514], [-86.166837999762, 41.94565900028392], [-86.16684799980773, 41.9464380001389], [-86.16785299991331, 41.946454000085026], [-86.16785399973823, 41.94718400012202], [-86.17016600007317, 41.947229000143686], [-86.17018000031686, 41.94575499973731], [-86.17020100023326, 41.943560999962145], [-86.17429899957506, 41.94360200020467], [-86.17431600019182, 41.943051999954875], [-86.17436700024544, 41.94298399970134], [-86.17453700012474, 41.942966999960696], [-86.17529100016016, 41.94296599970068], [-86.1752869999622, 41.943612000031685], [-86.1752719998936, 41.94577800003032], [-86.17783100010074, 41.945561000247366], [-86.17881199991687, 41.945472000042756], [-86.17983000044124, 41.94538899970997], [-86.18007399994039, 41.94537300016471], [-86.18038199991197, 41.94537799993948], [-86.18127400003964, 41.94540000014666], [-86.18128200043557, 41.94466199986452], [-86.18384499994237, 41.94469800023942], [-86.18386800040689, 41.945464999833746], [-86.1840650000504, 41.945470999822035], [-86.1840659998753, 41.9478149997228], [-86.1807710000744, 41.947806000071026], [-86.17524299958127, 41.94779299968084], [-86.17524799960412, 41.947288000153634], [-86.170351999846, 41.94723200005492], [-86.1703309999296, 41.948722999932805], [-86.17523500008367, 41.94878599990318], [-86.17520599977134, 41.95245899999402], [-86.18543500002895, 41.95253499970628], [-86.1853749997545, 41.94900000023904], [-86.18705500025276, 41.94901699970729], [-86.18775999988438, 41.94898899975538], [-86.18838400022344, 41.94896800028445], [-86.19042100019878, 41.948945999972324], [-86.19145700026648, 41.948943000141746]], [[-86.1759060002784, 41.93604999992156], [-86.1759060002784, 41.93783000020476], [-86.17532799997008, 41.93783000020476], [-86.17533999966567, 41.936018999850404], [-86.1759060002784, 41.93604999992156]]], [[[-86.2141269997609, 41.94014199999485], [-86.21414600002747, 41.93880700004996], [-86.2093260004373, 41.9387589997882], [-86.20926799981268, 41.94195399980597], [-86.20573100016244, 41.941917000277975], [-86.20573899966004, 41.941950000038624], [-86.20569400035251, 41.94206000023108], [-86.20560599959065, 41.94218099988953], [-86.20542800021373, 41.9424779999], [-86.2053839998328, 41.94258799984978], [-86.20550100000867, 41.94274199986158], [-86.20557399980359, 41.94276400031016], [-86.20579499973654, 41.942764999905165], [-86.20610400043134, 41.94278699967767], [-86.20622099970889, 41.942830999868], [-86.20630899957243, 41.94287500002801], [-86.20635299995335, 41.94294099987698], [-86.2064259997483, 41.94308499979629], [-86.2064259997483, 41.943217000327486], [-86.20645400023571, 41.94342600005293], [-86.20651299978694, 41.943636000010954], [-86.20651199996202, 41.94377799987059], [-86.2064819998248, 41.944063999794906], [-86.20639300013633, 41.94424000019005], [-86.20628900037927, 41.94438300027859], [-86.20617100037849, 41.94450400020585], [-86.20595000044554, 41.94460300009699], [-86.20573000033752, 41.94464699970228], [-86.205446999582, 41.94468000005452], [-86.20527300040303, 41.94470100026975], [-86.2050380002264, 41.94471200015704], [-86.20478799998114, 41.944710999924396], [-86.20479100035419, 41.94856899966891], [-86.21412000008819, 41.94856899966891], [-86.2141150000653, 41.94440399992354], [-86.21413799963153, 41.94216599981184], [-86.2141269997609, 41.94014199999485]]], [[[-86.21420100027905, 41.93226900007206], [-86.21420999960155, 41.9315280002026], [-86.21419399970803, 41.9315280002026], [-86.21305899990612, 41.93154000012839], [-86.20474299977528, 41.93162899973013], [-86.20474199995039, 41.931077000242006], [-86.20425400005375, 41.931081999801144], [-86.20423899998514, 41.928309999898914], [-86.20394600008217, 41.92843500019702], [-86.20250099976055, 41.92842800012265], [-86.20240399967616, 41.928468000250916], [-86.20191699960445, 41.92864100013249], [-86.20144299995151, 41.92877500011623], [-86.20097799962112, 41.92894799983359], [-86.2003850001425, 41.9292650001341], [-86.1995750000306, 41.929673999925306], [-86.19925700001328, 41.929855000262236], [-86.19903400043052, 41.93000700002291], [-86.19203200020176, 41.94242599999135], [-86.19220399973089, 41.94250299990528], [-86.19189300028458, 41.943048000256404], [-86.19017900034943, 41.945872000212006], [-86.19191800039894, 41.946316000333944], [-86.19203600039971, 41.946345999869465], [-86.19372000019763, 41.946784000166865], [-86.1938940002749, 41.94683000000213], [-86.1944990003474, 41.94700600011117], [-86.19474700004452, 41.94709599970583], [-86.19474799986942, 41.94730399988645], [-86.19506400023693, 41.94731300027724], [-86.19979900033658, 41.947274000133575], [-86.19974999993278, 41.942945999842514], [-86.19972599964333, 41.94196500016718], [-86.2021250000169, 41.94197599985824], [-86.20231199961465, 41.94195599968955], [-86.2047779999354, 41.94190799979357], [-86.20477700011048, 41.94160700001199], [-86.20475199999612, 41.93451999979152], [-86.212663000071, 41.93449900023281], [-86.2130580000812, 41.93387599970915], [-86.2130580000812, 41.93224999996014], [-86.21420100027905, 41.93226900007206]]], [[[-86.29689999965818, 41.641590000172634], [-86.29679699972603, 41.641520999973565], [-86.2967459996724, 41.64146699982459], [-86.29657099977022, 41.64130400016971], [-86.29514200024043, 41.640045999831884], [-86.29493600037611, 41.63987399991267], [-86.29437200031148, 41.63945600012375], [-86.29408000023344, 41.63928999982158], [-86.29378700033048, 41.639123999763186], [-86.29320700037233, 41.63878100023333], [-86.29221700033538, 41.638170999845485], [-86.29106400009181, 41.63742500003292], [-86.28853300037206, 41.635778999718944], [-86.28851699958022, 41.6357690000968], [-86.28842000039415, 41.6357059998903], [-86.28799699989652, 41.635431000005056], [-86.28792900012448, 41.63538600010743], [-86.28812400011815, 41.63536800013958], [-86.28770099962054, 41.635093000155], [-86.28701000023263, 41.634643999802], [-86.28500099984637, 41.63333799986332], [-86.28409200000027, 41.632747999844334], [-86.28398900006812, 41.63268200014589], [-86.28376899996009, 41.63268099973287], [-86.2827770002733, 41.63267999999121], [-86.28282999997674, 41.63448400015842], [-86.28284599987028, 41.63476899983464], [-86.28286900033481, 41.635780000083884], [-86.28286900033481, 41.63579799993668], [-86.28287600000749, 41.63658199976197], [-86.28481699972336, 41.63655699967243], [-86.28482099992132, 41.63699699969801], [-86.28775900024516, 41.63696099998577], [-86.28777400031379, 41.640097000277834], [-86.28762700000068, 41.64009999982893], [-86.28303900021412, 41.640157000000514], [-86.2828910000761, 41.640158000297504], [-86.28289399955085, 41.64089599975715], [-86.28289399955085, 41.64093300024168], [-86.2841000003962, 41.640914000195096], [-86.28410299987092, 41.64113700031806], [-86.28289500027407, 41.641141000102465], [-86.28289899957372, 41.64197599968019], [-86.28290000029695, 41.642347000316555], [-86.28304800043495, 41.642344999790495], [-86.28339800023933, 41.64234199967256], [-86.2835449996541, 41.64233999981766], [-86.2835449996541, 41.6424340003158], [-86.28354300000426, 41.64292399979235], [-86.28290100012185, 41.642934000318256], [-86.28290100012185, 41.643043999959275], [-86.28448500036065, 41.64302600011626], [-86.2844800003378, 41.64357800017382], [-86.28290000029695, 41.64358499986691], [-86.28290000029695, 41.64453700004762], [-86.28448500036065, 41.644531000015746], [-86.28449799988114, 41.647039000206625], [-86.28468100017925, 41.64703699982622], [-86.28467799980619, 41.64645799986331], [-86.28549200011605, 41.646453999737645], [-86.2854739996744, 41.642971000303916], [-86.2879800001781, 41.64296200003721], [-86.28826800005818, 41.642960999783696], [-86.28837199981525, 41.642960999783696], [-86.2883750001883, 41.64306999979813], [-86.28888599965117, 41.64306400030102], [-86.28888599965117, 41.64317300014117], [-86.28888400000133, 41.644843000259236], [-86.28888300017641, 41.645579000011665], [-86.28888200035152, 41.64573599967347], [-86.2888749997805, 41.645867999790056], [-86.28933699973787, 41.64565000031656], [-86.28955099999811, 41.645549000332025], [-86.29048599978348, 41.64510600030432], [-86.29101800006106, 41.64485400004014], [-86.29112600001608, 41.64480300000261], [-86.29170900034727, 41.64452699977044], [-86.29188900027233, 41.64444199970166], [-86.29211600005304, 41.644334999787304], [-86.29251899956085, 41.64415000020632], [-86.29257499963734, 41.64412400013189], [-86.29271299972963, 41.64405999980079], [-86.29424900028785, 41.64334199991065], [-86.29468500030595, 41.64311599995215], [-86.29477499981931, 41.6430550000473], [-86.29496200031538, 41.642907999753206], [-86.29519800031692, 41.64277000008987], [-86.29542599992257, 41.642630000285024], [-86.29563699980974, 41.64249399987649], [-86.29596499987281, 41.64226800030031], [-86.29689999965818, 41.641590000172634]], [[-86.28478800030936, 41.641966999945836], [-86.28479099978411, 41.6429180002816], [-86.28448600018557, 41.64291899986445], [-86.28357399996642, 41.642925000046375], [-86.28357700033946, 41.64234100008076], [-86.28372399975424, 41.64233999981766], [-86.28415499974946, 41.642336000107676], [-86.2841580001225, 41.64207899975801], [-86.2841580001225, 41.64196899981231], [-86.28478800030936, 41.641966999945836]]], [[[-86.30212799967734, 41.63747500020033], [-86.30212500020262, 41.63729399974598], [-86.3021240003777, 41.63720199982093], [-86.30210099991316, 41.63583900010476], [-86.30209900026334, 41.63572999994429], [-86.2972510001858, 41.63574799981099], [-86.2972510001858, 41.63578099977746], [-86.29726399970626, 41.636286000146995], [-86.29727399975201, 41.636987000264845], [-86.29729399984349, 41.637568999738704], [-86.29730399988924, 41.63806299993021], [-86.29730300006432, 41.63822799970914], [-86.29731399993499, 41.638544999856784], [-86.29731599958481, 41.63885700021614], [-86.29732700035377, 41.639261000210226], [-86.29732999982849, 41.639924000194135], [-86.29733800022441, 41.63995399980729], [-86.29735400011795, 41.6399710002085], [-86.29737699968416, 41.639987000305545], [-86.29749999970781, 41.640040000053226], [-86.29779099996095, 41.64015300015498], [-86.2979859999546, 41.640214999746426], [-86.29807999966596, 41.64023700021513], [-86.29815500000903, 41.64024100005545], [-86.29821100008552, 41.64023799983957], [-86.29826499961388, 41.64021799996334], [-86.2983709999191, 41.640155000077755], [-86.29908200029679, 41.63962599987677], [-86.29916400031256, 41.63957099984776], [-86.29920600014535, 41.639557000260126], [-86.29925300000103, 41.63954699988143], [-86.29930499987955, 41.63954100005632], [-86.29937799967449, 41.63954800018793], [-86.29956400034563, 41.63962900012109], [-86.29990900012714, 41.63937499997309], [-86.30038399960497, 41.6390019997227], [-86.30060100023827, 41.63887099995585], [-86.30095000021772, 41.63857199981849], [-86.30135299972555, 41.63821500015695], [-86.30165099965139, 41.63794400021809], [-86.30193799970655, 41.63766600014711], [-86.30212799967734, 41.63747500020033]]]]}, "properties": {"NAME": "Pokagon (Trust Land)", "GEOID": "2890T", "_type": "trust"}}, {"type": "Feature", "geometry": {"type": "MultiPolygon", "coordinates": [[[[-85.07938999997906, 42.29861699994441], [-85.07930700013839, 42.29627499975101], [-85.07895800015892, 42.29610299974217], [-85.07747400037755, 42.29537799995007], [-85.07535600021136, 42.29432799993518], [-85.0711540002142, 42.292277999796624], [-85.07133999998702, 42.29833999974064], [-85.07808699994764, 42.29944000017847], [-85.07938999997906, 42.29861699994441]]], [[[-85.2603350003241, 42.10176500015645], [-85.26033799979885, 42.10158900003159], [-85.26016700009461, 42.10152800020002], [-85.25997299992586, 42.10138600028826], [-85.25974299977209, 42.10129999997113], [-85.2595600003723, 42.10139000003664], [-85.2595190003644, 42.101577000156794], [-85.25975899966562, 42.10283499977875], [-85.25982200031312, 42.10310399997716], [-85.25985599975, 42.10338999992994], [-85.25953799973267, 42.10386000010774], [-85.25930900030212, 42.1038779999375], [-85.25908599982107, 42.1037150002189], [-85.25892000013971, 42.103512999687695], [-85.2586590000238, 42.103312000252515], [-85.25810500000492, 42.103322000319054], [-85.25783300001837, 42.10342899973263], [-85.25738799977944, 42.10376800008343], [-85.25707300013516, 42.10392400021973], [-85.25675500011786, 42.10410699995454], [-85.25721299987725, 42.10410699995454], [-85.25900100033056, 42.10410799968213], [-85.25905400003401, 42.10410799968213], [-85.25929000003555, 42.10410799968213], [-85.2596099997027, 42.10410799968213], [-85.25986199959779, 42.10410799968213], [-85.26030199981383, 42.10410799968213], [-85.2603350003241, 42.10176500015645]]], [[[-85.26995799978599, 42.10441799978546], [-85.26993199984672, 42.1026080000019], [-85.26871599985395, 42.102616999761885], [-85.26869300028774, 42.10096099975516], [-85.26868900008978, 42.10088100019875], [-85.26868800026486, 42.10078700029114], [-85.2686849998918, 42.100550999795445], [-85.26865399992967, 42.09826599970515], [-85.26865099955663, 42.098084000264855], [-85.26863100036344, 42.098047000153606], [-85.26851900021046, 42.0980850000874], [-85.2683119996229, 42.09808599990998], [-85.26832000001882, 42.09354499998585], [-85.2657120003062, 42.09356599975881], [-85.26550899991659, 42.0935670003192], [-85.26501199979913, 42.093570999894204], [-85.2650090003244, 42.09510500028588], [-85.2650090003244, 42.095370999686054], [-85.26500400030153, 42.09822300011158], [-85.26501599999709, 42.09901800029978], [-85.26623199998987, 42.099009000028964], [-85.26625700010423, 42.10071400031639], [-85.26625499955608, 42.10079700008939], [-85.26561699987163, 42.10080000009519], [-85.26521900038668, 42.10080300010091], [-85.26528399978568, 42.10239400022263], [-85.2653690001745, 42.10445500017814], [-85.26562400044263, 42.1044530000674], [-85.26995799978599, 42.10441799978546]]]]}, "properties": {"NAME": "Huron Potawatomi (Trust Land)", "GEOID": "1550T", "_type": "trust"}}, {"type": "Feature", "geometry": {"type": "Polygon", "coordinates": [[[-84.72846099984065, 46.46174800022559], [-84.72840800013721, 46.45797700009795], [-84.725669000005, 46.457968999770145], [-84.72573900032519, 46.46177100018724], [-84.72596799975574, 46.46176900024476], [-84.72846099984065, 46.46174800022559]]]}, "properties": {"NAME": "Bay Mills (Trust Land)", "GEOID": "0170T", "_type": "trust"}}, {"type": "Feature", "geometry": {"type": "MultiPolygon", "coordinates": [[[[-88.79666200015788, 44.93581299981253], [-88.79667300002853, 44.932192999829546], [-88.78649999984744, 44.93219099974754], [-88.7865049998703, 44.93038000022446], [-88.77632900021447, 44.930310000189856], [-88.77631300032093, 44.93219799971636], [-88.77491499985499, 44.932201000156994], [-88.77140300031911, 44.932295999826465], [-88.77123199971656, 44.93231300017245], [-88.77123199971656, 44.932245999752205], [-88.77123699973944, 44.930792999773445], [-88.7710729997079, 44.93086200010922], [-88.77082300036096, 44.930964000204895], [-88.77007599999826, 44.931272000155], [-88.76982800030113, 44.93137499989577], [-88.76916799997706, 44.93174500006497], [-88.76801999975633, 44.93239000025512], [-88.7673190003227, 44.93240800029257], [-88.76613599994188, 44.932440000203954], [-88.76336500002263, 44.93252199997495], [-88.76336699967244, 44.93323500002869], [-88.76337800044142, 44.93611899988508], [-88.76612000004836, 44.9360599998795], [-88.76724700035268, 44.93603199997422], [-88.77122199967081, 44.93593399988027], [-88.77122800041691, 44.936096999846974], [-88.7712209998459, 44.936228000296346], [-88.77121199962508, 44.93955500018725], [-88.77120099975443, 44.9433040001129], [-88.77206600011792, 44.94330199978198], [-88.77264699990097, 44.94330100025234], [-88.77397699969656, 44.94329700022616], [-88.77637199987217, 44.94328900017287], [-88.77632199964346, 44.93942900022647], [-88.77632500001651, 44.93612600001105], [-88.77632500001651, 44.93592999997669], [-88.77632500001651, 44.93580800024045], [-88.78648599960374, 44.9358100001965], [-88.79666200015788, 44.93581299981253]]], [[[-88.77166699990975, 44.88493400000911], [-88.77167699995549, 44.881355999751115], [-88.76668499993787, 44.88136999998049], [-88.76668300028805, 44.88365000024398], [-88.76668300028805, 44.88438800008676], [-88.76667800026519, 44.88494000009841], [-88.76847300039118, 44.88492999973709], [-88.76892399957957, 44.884932000191384], [-88.77005500008185, 44.884924000283284], [-88.77066099997926, 44.88492799991923], [-88.77154200023627, 44.884934999917995], [-88.77166699990975, 44.88493400000911]]], [[[-88.79176999969938, 44.899534999985384], [-88.79173700008742, 44.897977999975105], [-88.79169500025463, 44.89589599991476], [-88.78930299955374, 44.89587599981823], [-88.78669599966601, 44.89585599971468], [-88.78664600033561, 44.892194000285116], [-88.78661899967311, 44.88862299991106], [-88.7854989999398, 44.88856899999679], [-88.78530599959596, 44.88859300010641], [-88.78434400004642, 44.88858699976173], [-88.78382099998969, 44.88858800024347], [-88.78344799972078, 44.888581000052824], [-88.78300699967981, 44.88863400011131], [-88.78273499969323, 44.88869699982909], [-88.78252899982894, 44.88874700025306], [-88.7823659996223, 44.888826999695375], [-88.78223000007817, 44.88889600015124], [-88.7820619998487, 44.88902399989229], [-88.7819770003582, 44.889105999894916], [-88.7818650002052, 44.88925599996973], [-88.78183400024307, 44.88929700013852], [-88.7817730001437, 44.88943899979859], [-88.78176499974778, 44.88949199970287], [-88.78172799993784, 44.889755999939645], [-88.7817239997399, 44.88991800000572], [-88.7817179998921, 44.89027499970742], [-88.78172200009006, 44.891284999753154], [-88.78171100021943, 44.8921759997398], [-88.78114899980463, 44.8921759997398], [-88.7807739998859, 44.89216899998583], [-88.78029799968483, 44.89217100018837], [-88.77973600016836, 44.892165000216956], [-88.77883300017004, 44.892168000202744], [-88.77869500007778, 44.89216699978322], [-88.77738700002348, 44.892157999825294], [-88.77678600014896, 44.89214700029896], [-88.77670800033115, 44.89214700029896], [-88.77673599992025, 44.89937399994115], [-88.7769939996631, 44.89936499983843], [-88.77759100023799, 44.899360000275664], [-88.77808699963222, 44.89934599997041], [-88.77833100002971, 44.899344000017464], [-88.77860499966609, 44.89934200006441], [-88.77999800010919, 44.89930400030696], [-88.78063699961855, 44.89930499996599], [-88.78122699962243, 44.89929900010255], [-88.78176700029591, 44.89927399971038], [-88.78176700029591, 44.898671000117815], [-88.7828090002114, 44.89867700004678], [-88.78278200044723, 44.899470999757], [-88.7867519997425, 44.89951800012058], [-88.78794299962092, 44.89952300030594], [-88.79176999969938, 44.899534999985384]]], [[[-88.83755300017559, 44.9359780000729], [-88.83766799980333, 44.93234099998321], [-88.83726799977025, 44.93234099998321], [-88.83477700023347, 44.93234700021341], [-88.82774200039275, 44.932363000188325], [-88.82741099995664, 44.93955899983832], [-88.83004299995872, 44.939589999985955], [-88.83115900039238, 44.93959699968879], [-88.83231699976051, 44.939618000063945], [-88.83239700012645, 44.936373000003535], [-88.83240799999712, 44.935972000222066], [-88.83287099977939, 44.93597299987929], [-88.83755300017559, 44.9359780000729]]], [[[-88.84879400021147, 44.90680999969051], [-88.84876200042441, 44.903202999696596], [-88.84626000011868, 44.90324899996411], [-88.84335100010715, 44.903287000295585], [-88.84337399967336, 44.905280999730905], [-88.8433820000693, 44.9068980001258], [-88.84879400021147, 44.90680999969051]]], [[[-88.87357600002426, 44.877511999855145], [-88.8735719998263, 44.87568200016048], [-88.87356199978056, 44.87030500020946], [-88.87320899960314, 44.87031099991444], [-88.87252599971283, 44.8703250002847], [-88.87188899985331, 44.8703250002847], [-88.87135099972795, 44.870340000177386], [-88.87076699957186, 44.870341999865666], [-88.86959199958697, 44.87035900007826], [-88.86952899983777, 44.87549400012698], [-88.86950500044665, 44.87755000000776], [-88.87357600002426, 44.877511999855145]]], [[[-88.88021699967969, 44.91731700000978], [-88.88022300042579, 44.913621000072055], [-88.87969199997312, 44.91362699971311], [-88.87512199972993, 44.91368299972565], [-88.87507300022443, 44.91586900028673], [-88.87505399995786, 44.91669100027355], [-88.87504100043738, 44.91731300008191], [-88.87504100043738, 44.92093099982476], [-88.88021199965682, 44.92089799994256], [-88.88021699967969, 44.91731700000978]]], [[[-88.88487200031173, 44.884570000212356], [-88.88485999971783, 44.88188900030525], [-88.88376699974872, 44.88189200019049], [-88.88375699970297, 44.880986999706465], [-88.87985799965448, 44.88102900001723], [-88.87984900033197, 44.88219499988855], [-88.87984599995893, 44.88268999975613], [-88.8798519998067, 44.883114000270645], [-88.8798519998067, 44.88313299977319], [-88.87984699978385, 44.88323499994343], [-88.87985600000466, 44.88352800023776], [-88.8798230003927, 44.8846010001204], [-88.88054599956764, 44.884595999910516], [-88.88487200031173, 44.884570000212356]]], [[[-88.8999019998929, 44.857902999902926], [-88.89990500026595, 44.85768999974139], [-88.89990000024308, 44.85752000009044], [-88.89989699987002, 44.85739200030669], [-88.89989600004512, 44.85720800003949], [-88.89989299967206, 44.85688000023679], [-88.8998879996492, 44.85599499989891], [-88.8998819998014, 44.85589899977413], [-88.89986500008298, 44.855572999721446], [-88.89801800007845, 44.85560300018624], [-88.89733000016527, 44.8556060001682], [-88.89680999958328, 44.85560999993162], [-88.89518799970963, 44.85562499983792], [-88.89212700026047, 44.855687000258335], [-88.89152800003575, 44.855691000016115], [-88.88995100036797, 44.855713000270995], [-88.88967500018343, 44.855713000270995], [-88.88976899989476, 44.859292999934674], [-88.89483100023257, 44.85922700006438], [-88.89989199984717, 44.85917299994054], [-88.89989600004512, 44.8589780001331], [-88.89989400039529, 44.858772999852], [-88.89989299967206, 44.85866499997572], [-88.8998950002202, 44.85845900012167], [-88.8999019998929, 44.857902999902926]]], [[[-88.91010900040918, 44.877299999716065], [-88.91009599999039, 44.87454400003845], [-88.91007599989892, 44.87012600002268], [-88.91006300037843, 44.86630599978636], [-88.91007099987604, 44.86279199970377], [-88.89992199998437, 44.86275599994574], [-88.89486899986741, 44.862817999691906], [-88.89487899991316, 44.86360599993216], [-88.89491900009612, 44.866431000072794], [-88.89496799960159, 44.870024999700064], [-88.89489399998178, 44.87002599986807], [-88.89433499994003, 44.87002599986807], [-88.89363799980602, 44.8700400003076], [-88.89122799956178, 44.870061000005606], [-88.8907289997945, 44.87007700013415], [-88.88989299974331, 44.870088000060775], [-88.88988900044367, 44.87370200006318], [-88.90000900002302, 44.87360600017882], [-88.89999099958135, 44.86997199968684], [-88.89999999980219, 44.869840999696905], [-88.89999700032746, 44.86976099995489], [-88.89999300012948, 44.86960699991572], [-88.89999300012948, 44.86927200008587], [-88.89998300008375, 44.86913000030506], [-88.89996999966495, 44.86892099977073], [-88.89996800001514, 44.868657000054995], [-88.90501500028432, 44.86869100019726], [-88.90502799980482, 44.87004200000635], [-88.90499699984265, 44.877257999866025], [-88.91010900040918, 44.877299999716065]]], [[[-88.92026499997353, 44.86491699995966], [-88.92026800034658, 44.864137999722544], [-88.92025999995066, 44.86377900027177], [-88.91909400018662, 44.863797000152104], [-88.91910300040743, 44.86282499983363], [-88.91597799958755, 44.86281599974219], [-88.91538099991095, 44.86343999977637], [-88.91543899963729, 44.864558999899415], [-88.91612700044877, 44.86474699999876], [-88.9176859996749, 44.865085999801444], [-88.91815299965512, 44.86524699968657], [-88.91972500019837, 44.865523000170164], [-88.92024900008, 44.865528999736895], [-88.9202630003237, 44.86497700005069], [-88.92026499997353, 44.86491699995966]]], [[[-88.92913000010034, 44.8707539997471], [-88.92911300038192, 44.870104000181826], [-88.92737500015734, 44.87017200001002], [-88.92739199987577, 44.870753000228405], [-88.92913000010034, 44.8707539997471]]], [[[-88.93053699988883, 44.90258899987758], [-88.93049000003317, 44.8991159998313], [-88.9287240002195, 44.89911300020797], [-88.92870199957987, 44.90072200012726], [-88.92732900012656, 44.90069900025979], [-88.92728700029379, 44.90257700019924], [-88.92783799993961, 44.90257200027946], [-88.92971199970833, 44.90258700003741], [-88.92989699965624, 44.90258700003741], [-88.93053699988883, 44.90258899987758]]], [[[-88.94057100015276, 44.86647600023676], [-88.94056199993193, 44.86631199990819], [-88.93774900017989, 44.866468000309226], [-88.93728399984948, 44.86648499975602], [-88.93774900017989, 44.86648400016323], [-88.94057100015276, 44.86647600023676]]], [[[-88.94570399973736, 44.865784000164474], [-88.94570299991246, 44.862881000300085], [-88.94057399962752, 44.86285900023706], [-88.93548899972347, 44.862852000099416], [-88.93548000040097, 44.864538000104226], [-88.93547100018013, 44.86628900028672], [-88.93746200012471, 44.86619000006722], [-88.94056299975685, 44.86603700026133], [-88.94570399973736, 44.865784000164474]]], [[[-88.95087599968002, 44.86665200027153], [-88.95087700040325, 44.866571999917284], [-88.950290999699, 44.866570000098015], [-88.94573700024765, 44.86655999972721], [-88.94232100007292, 44.86655499985949], [-88.94057600017564, 44.86655300003964], [-88.94057500035072, 44.86673100028941], [-88.9405519998862, 44.870088000060775], [-88.94094699989641, 44.870112999770505], [-88.94168000001541, 44.87012799971844], [-88.94212100005637, 44.87012799971844], [-88.94266800040256, 44.87013299991241], [-88.94576700038488, 44.87016699981944], [-88.94744699998483, 44.87018699994259], [-88.94872400007696, 44.87020899975172], [-88.9490210001779, 44.87021200024592], [-88.94912199956191, 44.87021399993869], [-88.94977600003821, 44.87021500010336], [-88.95070900017376, 44.87022300014679], [-88.95087700040325, 44.87022300014679], [-88.95087599968002, 44.86665200027153]]], [[[-88.96103100031777, 44.927931000199926], [-88.96110499993763, 44.92070699971237], [-88.96098500028702, 44.92069899969218], [-88.96103700016556, 44.920506000219774], [-88.96106399992975, 44.91936600025619], [-88.96107200032567, 44.919077999739734], [-88.96106700030279, 44.91801800024731], [-88.96108300019633, 44.91726299968754], [-88.96108300019633, 44.91711600010818], [-88.95612899981356, 44.91708399992924], [-88.95610000039956, 44.92101100028935], [-88.95607000026232, 44.92229599968234], [-88.95608000030805, 44.92287100020081], [-88.95608199995787, 44.92296899968749], [-88.95607399956195, 44.92359600022917], [-88.9560760001101, 44.924317999796536], [-88.95606500023945, 44.924598999866404], [-88.95605699984353, 44.92481800017653], [-88.9560550001937, 44.92512399968206], [-88.95605299964556, 44.925985999814685], [-88.95604500014795, 44.926654000108826], [-88.95604599997286, 44.92670199968993], [-88.95605199982064, 44.926939999908825], [-88.95604900034591, 44.92722799981181], [-88.95604599997286, 44.92758599980263], [-88.95604500014795, 44.92790300014727], [-88.95795099970371, 44.92791099980027], [-88.96103100031777, 44.927931000199926]]], [[[-88.97129700038529, 44.86294000031197], [-88.97130300023308, 44.86279199970377], [-88.97128099959346, 44.86086900016327], [-88.97127599957058, 44.86025200009756], [-88.97123600028593, 44.85569399999349], [-88.96943299976402, 44.85569999994772], [-88.96872200028463, 44.85570299992463], [-88.96820800044874, 44.85570099972775], [-88.96615200020682, 44.8557140000508], [-88.96612999956719, 44.8557140000508], [-88.96621999997888, 44.86293799972976], [-88.96740800038256, 44.86294699980213], [-88.96794300013487, 44.86295500021898], [-88.96911300009687, 44.86295099969235], [-88.96935599977111, 44.86295500021898], [-88.96981000023088, 44.862948999747246], [-88.96989499972138, 44.86295199998322], [-88.96997900028528, 44.862953999928166], [-88.96999799965353, 44.86295500021898], [-88.97017500010385, 44.86295099969235], [-88.97035300037909, 44.86294699980213], [-88.97079199987192, 44.86294699980213], [-88.9710160001779, 44.86294299991163], [-88.97129700038529, 44.86294000031197]]], [[[-88.981181999788, 44.9243650001982], [-88.98119299965866, 44.92087000027822], [-88.97619200031853, 44.92082799980202], [-88.97621200041002, 44.92362999970586], [-88.9762180002578, 44.924426999708395], [-88.97708699992094, 44.92443599970354], [-88.98118099996307, 44.92447700022902], [-88.981181999788, 44.9243650001982]]]]}, "properties": {"NAME": "Stockbridge Munsee (Trust Land)", "GEOID": "4015T", "_type": "trust"}}, {"type": "Feature", "geometry": {"type": "MultiPolygon", "coordinates": [[[[-87.429564000378, 45.76917599987269], [-87.42955900035513, 45.769012999991915], [-87.42954699976124, 45.76852500009606], [-87.42954299956328, 45.7683630002936], [-87.42797299956817, 45.76837099984616], [-87.4232640003061, 45.768394000276714], [-87.4216950001359, 45.76840299992496], [-87.42102300011628, 45.76840600022513], [-87.41900700005733, 45.768415999971275], [-87.41833599986259, 45.76841999974393], [-87.41702299978544, 45.76843499998535], [-87.41562199984475, 45.76843800028385], [-87.41345599999798, 45.76846399973056], [-87.4085860001791, 45.76846399973056], [-87.4076270001043, 45.76847699976265], [-87.40748200033934, 45.7684839998269], [-87.4073529995696, 45.768490999890275], [-87.4032269997404, 45.76852799976304], [-87.40112600019096, 45.76854699973896], [-87.39885800023693, 45.7685650002379], [-87.39768599972679, 45.76857399985851], [-87.39768900009982, 45.768735000207336], [-87.3978840000935, 45.779570000173145], [-87.39789400013926, 45.780125000090756], [-87.39794500019286, 45.782947999955525], [-87.40283400027832, 45.78289299999818], [-87.40817299972723, 45.78284100013669], [-87.40823100035188, 45.78270799980041], [-87.40905399998425, 45.78270799980041], [-87.41311100021649, 45.7827069999568], [-87.4252850003879, 45.782706000113215], [-87.42875300044116, 45.782706000113215], [-87.42875199971795, 45.782634000050564], [-87.42934400026998, 45.7826279997279], [-87.42935799961535, 45.78170700017911], [-87.42940700001917, 45.77871000010678], [-87.4294239997376, 45.777711999928975], [-87.42945100040009, 45.776004000210555], [-87.42953599989058, 45.770883000001945], [-87.429564000378, 45.76917599987269]]], [[[-87.35161000024594, 45.6900220001445], [-87.35172099967569, 45.68491799999947], [-87.34660099961157, 45.68489499968841], [-87.34666400025908, 45.68191899972913], [-87.34667799960445, 45.6812460001377], [-87.34564099971185, 45.681246999916475], [-87.33634299993997, 45.681261999734204], [-87.33125800003594, 45.681359999908736], [-87.33125100036324, 45.68191299987297], [-87.33121500037822, 45.684803000232286], [-87.3342619995837, 45.684819999781666], [-87.33633899974201, 45.68483099978262], [-87.33627299961978, 45.69025300019238], [-87.3370910001276, 45.690269999968066], [-87.33709299977743, 45.69017299996051], [-87.3385559996424, 45.69017499982651], [-87.33968899979449, 45.690176999692454], [-87.33961500017465, 45.69162799997972], [-87.33948299993017, 45.69423900024338], [-87.33773499965984, 45.69423599972115], [-87.3370130003098, 45.69423599972115], [-87.3362819998406, 45.694229999931075], [-87.33581300021055, 45.69422599986155], [-87.33440800007187, 45.69421400027864], [-87.33394000026675, 45.69421099975503], [-87.33182899977325, 45.694204999962324], [-87.33109599965422, 45.694203000240414], [-87.3310789999358, 45.695524999720995], [-87.33387999999229, 45.695561000127846], [-87.33618700030436, 45.69559000009016], [-87.33614899977121, 45.69919500009688], [-87.3337190003338, 45.6991859999548], [-87.33104899979857, 45.69912900006707], [-87.33104600032384, 45.69965700000625], [-87.33102899970709, 45.70238799971027], [-87.33102700005726, 45.7027449998921], [-87.33409900027542, 45.70278200006347], [-87.3361060001135, 45.70280199985767], [-87.33609299969471, 45.7036439998218], [-87.33608699984693, 45.704021000124335], [-87.3360850001971, 45.70414499987459], [-87.33608199982406, 45.70433100023893], [-87.33684099988234, 45.70430199979113], [-87.34405700037136, 45.704026000119576], [-87.34603900009509, 45.703961000146485], [-87.346264000226, 45.70394100013954], [-87.34626099985294, 45.70377399980229], [-87.34626000002804, 45.70367700000474], [-87.346264000226, 45.70326700011374], [-87.3458070002915, 45.70328300031274], [-87.34443899996276, 45.70333300027784], [-87.3439829998532, 45.70335099985278], [-87.34394299967022, 45.70335199986386], [-87.34318600016007, 45.70338200018764], [-87.34108899991027, 45.7034649997449], [-87.34105799994813, 45.7007810001404], [-87.34108700026046, 45.700249999950195], [-87.3411180002226, 45.69997900008112], [-87.34112700044342, 45.699288999890726], [-87.34138500018628, 45.699294000309216], [-87.34510599995954, 45.69935400027651], [-87.34634700006667, 45.69937500012436], [-87.34635499956427, 45.698361999911015], [-87.34637899985373, 45.69574499989337], [-87.34637999967862, 45.695636000064425], [-87.3463780000288, 45.695324999896975], [-87.34637399983085, 45.69431299989792], [-87.34641800021177, 45.69272900001858], [-87.34649500020468, 45.689942000209804], [-87.35161000024594, 45.6900220001445]]], [[[-87.35200299970799, 45.65909299991189], [-87.35180000021673, 45.659604000147915], [-87.35161600009371, 45.659605000313356], [-87.35118199972544, 45.65960800018177], [-87.3510670000977, 45.65960199981698], [-87.35088399979962, 45.6595949999138], [-87.35071700029334, 45.659608999719275], [-87.35010999967272, 45.65960999988463], [-87.34975900004343, 45.659604000147915], [-87.34944400039916, 45.659583999974515], [-87.34930999960655, 45.65956600012622], [-87.34906799975721, 45.65952199970542], [-87.34868399961766, 45.65942800026015], [-87.34859900012717, 45.65939999992737], [-87.34842199967683, 45.65935899988565], [-87.34791799988668, 45.65923399986419], [-87.34763599985438, 45.65917999996445], [-87.3473839999593, 45.65914699989548], [-87.34712899969117, 45.65913000008068], [-87.34692399965175, 45.65912799973281], [-87.34674899974956, 45.65911699970173], [-87.3452659997931, 45.65948899983797], [-87.34424700034215, 45.65949800008913], [-87.34166300002065, 45.656067000137], [-87.34117199975097, 45.65607699991091], [-87.33971899993172, 45.656081000196664], [-87.33687000019466, 45.656106000249686], [-87.33641200043525, 45.656103999793785], [-87.33493600015149, 45.65610000013751], [-87.33495299986993, 45.65729399974695], [-87.33496000044092, 45.6577779997578], [-87.33491600005999, 45.65983999977127], [-87.33661699957635, 45.65983199973648], [-87.33657499974356, 45.66326699980081], [-87.33144100033405, 45.66330999969059], [-87.3314160002197, 45.666932999714156], [-87.33139899960295, 45.66855600021182], [-87.33139100010533, 45.670629000291335], [-87.33036699973319, 45.67063500010204], [-87.3261370001469, 45.670657999998035], [-87.32613200012403, 45.670861999999424], [-87.32611799988034, 45.67142099987004], [-87.32611700005542, 45.67148100023741], [-87.3261150004056, 45.67182600000312], [-87.32684500015156, 45.671819999692374], [-87.32684900034951, 45.67237600022633], [-87.32611200003255, 45.67238500028888], [-87.32611100020765, 45.67257499994671], [-87.3261089996595, 45.67314599999519], [-87.32610799983458, 45.673275000024944], [-87.32610799983458, 45.6733389999683], [-87.32610799983458, 45.67392100001713], [-87.32610799983458, 45.674116000268434], [-87.33712299991464, 45.67406599991468], [-87.33606599993053, 45.67314200030089], [-87.33669299974433, 45.67190300027184], [-87.33704900029481, 45.67120200002332], [-87.33739300025138, 45.670493000016165], [-87.33757099962831, 45.670127000043486], [-87.33866500032066, 45.66823700004811], [-87.33936199955635, 45.66703600003722], [-87.34147700024779, 45.66681399987295], [-87.34363399987372, 45.666588999961775], [-87.34401299999043, 45.66302299997618], [-87.3446380001544, 45.662962999959284], [-87.34674999957448, 45.6632989998533], [-87.34699599962178, 45.663285999814576], [-87.34746599997507, 45.663285999814576], [-87.3477560004033, 45.66328900011353], [-87.34792200008462, 45.663260999828154], [-87.34809399961377, 45.663191999782654], [-87.3482569998204, 45.66308600023859], [-87.34848600014926, 45.66290100029285], [-87.34874899991497, 45.66276000015788], [-87.3490650002825, 45.66265600001779], [-87.34926899959866, 45.66262200000251], [-87.34955499982892, 45.66260799969475], [-87.349666000157, 45.66259100030294], [-87.35122299973331, 45.6628120001555], [-87.35197699976874, 45.66281499985204], [-87.35200299970799, 45.65909299991189]]], [[[-87.32172099988946, 45.65251599992975], [-87.30822199994533, 45.652297000217395], [-87.30623299965058, 45.65227100005129], [-87.30623100000076, 45.65229099969711], [-87.30621199973417, 45.65328500009611], [-87.3062340003738, 45.65351000010286], [-87.30622299960484, 45.65414299999486], [-87.30620800043454, 45.65514799973144], [-87.30620199968844, 45.65696400025208], [-87.30618199959696, 45.65882400001995], [-87.30617499992427, 45.65949199971259], [-87.31629000037904, 45.65962799971873], [-87.31636099962584, 45.65962899988374], [-87.31653100040347, 45.659631000213764], [-87.31654499974886, 45.65627399998992], [-87.31654599957376, 45.65603200028646], [-87.32170599982088, 45.65610900030551], [-87.32171000001884, 45.65514400000689], [-87.32172099988946, 45.65251599992975]]], [[[-87.35195300037759, 45.66649699991064], [-87.35141299970411, 45.66649399978357], [-87.35117000002987, 45.666491999698785], [-87.34910000044258, 45.66648199990158], [-87.34900800038108, 45.66648199990158], [-87.34827299971391, 45.6664779997311], [-87.34750100013517, 45.66647500023084], [-87.34730799979131, 45.66647699968843], [-87.3472430003923, 45.66647699968843], [-87.34704800039863, 45.66647999981637], [-87.34698399992621, 45.66648099985898], [-87.34693100022277, 45.66648099985898], [-87.34677300003902, 45.66648199990158], [-87.34672100016049, 45.66648299994416], [-87.34672500035845, 45.66727299974993], [-87.34673000038131, 45.667938000284735], [-87.34672000033557, 45.66964600002628], [-87.3467160001376, 45.67043699973289], [-87.34672100016049, 45.67100900021335], [-87.34672799983318, 45.6717299999762], [-87.34670299971881, 45.67272599977969], [-87.34669699987104, 45.6729870000019], [-87.34668600000037, 45.673240000260336], [-87.34668600000037, 45.67329900001227], [-87.34668600000037, 45.67334699995605], [-87.34668600000037, 45.673493000002786], [-87.34668600000037, 45.67354199969664], [-87.34668500017547, 45.67404400007127], [-87.35189899995093, 45.674035000275516], [-87.35192099969224, 45.673291999938584], [-87.35192800026324, 45.67041099982899], [-87.35195300037759, 45.66649699991064]]], [[[-87.43352399962751, 45.73650500013727], [-87.43352299980262, 45.73638300017369], [-87.43351000028213, 45.73352799978044], [-87.43350699990908, 45.73293999977909], [-87.43155199994952, 45.73294699991258], [-87.43043999971381, 45.732950000238255], [-87.43043999971381, 45.73322200025162], [-87.43044399991177, 45.73558300006776], [-87.4304459995616, 45.73637000018756], [-87.43044700028483, 45.73651900013661], [-87.43122499971138, 45.73651600000269], [-87.43237299993207, 45.73651099977914], [-87.43352399962751, 45.73650500013727]]], [[[-87.33102700005726, 45.7027449998921], [-87.33023100018904, 45.702735999694085], [-87.32839199968213, 45.70270999974133], [-87.3259670002676, 45.7026760002192], [-87.32595700022185, 45.70403300011218], [-87.3259539998488, 45.70430399977925], [-87.32595200019898, 45.704507000081314], [-87.32594899982593, 45.70472700004614], [-87.32745199987389, 45.70467200013611], [-87.33101600018661, 45.704528999865836], [-87.33101700001153, 45.70432100030255], [-87.33101799983642, 45.70416599980507], [-87.33102000038457, 45.703834999983286], [-87.33102700005726, 45.7027449998921]]], [[[-87.37779399982435, 45.63298000001379], [-87.37631000004296, 45.63298600009014], [-87.3763200000887, 45.634479999734225], [-87.37778700015164, 45.63448199970623], [-87.37779399982435, 45.63298000001379]]], [[[-87.36673100006371, 45.76949500014853], [-87.36671199979713, 45.76878100013209], [-87.36465899992827, 45.768788000158196], [-87.36466599960097, 45.769499999924214], [-87.36673100006371, 45.76949500014853]]], [[[-87.34750100013517, 45.70054600004261], [-87.34749799976211, 45.70016200029877], [-87.34632899962502, 45.7001719997243], [-87.34632100012739, 45.70054600004261], [-87.34750100013517, 45.70054600004261]]]]}, "properties": {"NAME": "Hannahville (Trust Land)", "GEOID": "1410T", "_type": "trust"}}, {"type": "Feature", "geometry": {"type": "Polygon", "coordinates": [[[-88.77122800041691, 44.936096999846974], [-88.77122199967081, 44.93593399988027], [-88.76724700035268, 44.93603199997422], [-88.76612000004836, 44.9360599998795], [-88.76337800044142, 44.93611899988508], [-88.7614209999337, 44.93616200028207], [-88.76133800009303, 44.935560999725446], [-88.7610679997563, 44.93360199993059], [-88.76097900006783, 44.93295000012104], [-88.76097499986987, 44.93292100026093], [-88.76096300017431, 44.932836999728195], [-88.76095899997634, 44.93280900015926], [-88.76087699996059, 44.93280700009869], [-88.76063099991329, 44.93280099991651], [-88.76054999972243, 44.9328000002041], [-88.76013499962073, 44.93279800014318], [-88.75889000021398, 44.93279499973374], [-88.75847599993718, 44.93279499973374], [-88.75665800024495, 44.9327169998442], [-88.75677899972048, 44.92980100012525], [-88.75680999968262, 44.929080999702656], [-88.7568160004287, 44.92892900029694], [-88.75898700029833, 44.928877000273985], [-88.76075200028711, 44.92883499992757], [-88.76086199989197, 44.92537499993029], [-88.76089799987699, 44.92424899986795], [-88.7560840001346, 44.924290999751406], [-88.75134700038514, 44.924334000099954], [-88.75125100012566, 44.924333000240175], [-88.75096400007048, 44.92433000002452], [-88.75086899963593, 44.92433000002452], [-88.75087100018406, 44.92420900031387], [-88.75087899968166, 44.92384700015713], [-88.7508820000547, 44.92372699993561], [-88.7509239998875, 44.92193599999578], [-88.75093499975816, 44.921745999940796], [-88.74592199982415, 44.92171499970147], [-88.74132900001473, 44.921686999799256], [-88.73559100035763, 44.92165299980872], [-88.73559399983236, 44.92195799973387], [-88.7354979995729, 44.92201800013337], [-88.73546099976296, 44.92204300017531], [-88.73545300026535, 44.92238100025974], [-88.73545300026535, 44.922391999726614], [-88.73545200044046, 44.9229229999363], [-88.73545200044046, 44.92412999971347], [-88.73556000039548, 44.93085999998086], [-88.7355410001289, 44.931856999697764], [-88.73548800042546, 44.934849000245954], [-88.73547099980871, 44.935846999689126], [-88.73546599978584, 44.93612799995602], [-88.73545099971723, 44.9369710001372], [-88.73544599969436, 44.93725199999107], [-88.7356249997945, 44.93944800019787], [-88.73562999981738, 44.93950000018788], [-88.73564400006107, 44.93965500028226], [-88.73565900012969, 44.93980999995821], [-88.73574100014545, 44.939998999813305], [-88.73574100014545, 44.94007399995681], [-88.73571000018332, 44.94057399989352], [-88.73571000018332, 44.94066999991213], [-88.73571299965805, 44.94089499996266], [-88.73570799963518, 44.94094999989743], [-88.73570400033553, 44.940998000248314], [-88.7355479998016, 44.94317800011365], [-88.73559100035763, 44.94318099998059], [-88.73572000022907, 44.94319099974789], [-88.73576299988675, 44.94319499978146], [-88.73909600022081, 44.94320999974601], [-88.74909500032463, 44.943258000114945], [-88.75010499955478, 44.94326300031001], [-88.75242899958528, 44.94324399969354], [-88.7531120003739, 44.94323799996609], [-88.7551610000448, 44.943221000311006], [-88.75584499976, 44.94321600011224], [-88.76055700029343, 44.94317800011365], [-88.7606600002256, 44.943176999946], [-88.76076399998267, 44.94317599977833], [-88.76094499973264, 44.94317400007884], [-88.76098699956545, 44.94317599977833], [-88.7610679997563, 44.943176999946], [-88.76115099959696, 44.943179000281226], [-88.76123199978781, 44.94317999981299], [-88.76131399980359, 44.94318099998059], [-88.76260500013943, 44.94320599971349], [-88.76278099986652, 44.94320900021476], [-88.76330999977104, 44.94321799981031], [-88.76348700022136, 44.94322199984199], [-88.76381100008645, 44.943228000206965], [-88.76478299968176, 44.943246000026434], [-88.76510700044517, 44.94325199975311], [-88.76568800022824, 44.94326200014385], [-88.76743099957737, 44.94329499989504], [-88.76801300008364, 44.94330599980786], [-88.76805999993931, 44.94330599980786], [-88.76820399987935, 44.94330900030396], [-88.76825199955992, 44.94330999983347], [-88.76844400007887, 44.94331500002399], [-88.76854199998816, 44.94331399985874], [-88.76941200037453, 44.94331099999875], [-88.76970299972935, 44.94331099999875], [-88.76974499956215, 44.94331200016406], [-88.76993799990599, 44.94330999983347], [-88.77032500041858, 44.94330800013859], [-88.77120099975443, 44.9433040001129], [-88.77121199962508, 44.93955500018725], [-88.7712209998459, 44.936228000296346], [-88.77122800041691, 44.936096999846974]]]}, "properties": {"NAME": "Menominee (Trust Land)", "GEOID": "2175T", "_type": "trust"}}, {"type": "Feature", "geometry": {"type": "MultiPolygon", "coordinates": [[[[-83.93033300027054, 43.92175999996414], [-83.929359999952, 43.92176600001643], [-83.92964399963414, 43.92136200032016], [-83.92655200022283, 43.92132000030325], [-83.92649600014634, 43.917895999792826], [-83.92649600014634, 43.91774600019447], [-83.92135099996784, 43.91774400004195], [-83.92134900031803, 43.917820999717385], [-83.92133199970128, 43.91833699992917], [-83.92107599960823, 43.91831300027438], [-83.92054199968084, 43.918311000140925], [-83.9205450000539, 43.91780900011067], [-83.9205450000539, 43.91774400004195], [-83.91974900018569, 43.91774400004195], [-83.91972099969828, 43.917796999854424], [-83.91786000034837, 43.9213810002873], [-83.91764600008813, 43.92138300031755], [-83.91676999985397, 43.923066999976754], [-83.91642199969944, 43.923739999901755], [-83.91579300023581, 43.92497299992361], [-83.91416600033929, 43.92816200017889], [-83.91393299981247, 43.9286160001513], [-83.91554299999055, 43.92861399971728], [-83.91610700005516, 43.92861499993432], [-83.91703099996988, 43.9286239999459], [-83.92111499996629, 43.92865699997678], [-83.92394299978696, 43.92866299998043], [-83.92674600039157, 43.9286700001996], [-83.92723500011311, 43.9279820002309], [-83.92774300010123, 43.92723899982436], [-83.92805500027077, 43.92673899992302], [-83.92822199977704, 43.926423999722864], [-83.9283799999608, 43.92610399979363], [-83.92852499972574, 43.925735000037015], [-83.9287969997123, 43.924883000045185], [-83.92931300009634, 43.9236960003171], [-83.92971399995433, 43.922858000104355], [-83.9300560002611, 43.92220299993364], [-83.93033300027054, 43.92175999996414]]], [[[-83.91901600006669, 43.917743000289214], [-83.91616200030674, 43.91773800023116], [-83.91616099958351, 43.91784800011783], [-83.91615399991083, 43.91884300026574], [-83.91447099993782, 43.91884999969926], [-83.91447799961051, 43.91787499985892], [-83.91447799961051, 43.91773100001972], [-83.91293600010282, 43.91772399980741], [-83.91293199990484, 43.91789899969036], [-83.91289400027003, 43.91956999998779], [-83.91213500021173, 43.91954999971995], [-83.91214400043256, 43.917908999779065], [-83.91218000041758, 43.9177209999011], [-83.91112599990821, 43.917660999801214], [-83.90947600044548, 43.91765400022782], [-83.90801799970507, 43.917647999760845], [-83.90600099982122, 43.91763900002988], [-83.90596200036147, 43.91781900021449], [-83.90585799970607, 43.917947999720674], [-83.9057530001241, 43.91805900026071], [-83.90561500003183, 43.91819200016872], [-83.9053239997787, 43.91841299974284], [-83.90532999962647, 43.91904599968105], [-83.90596200036147, 43.91903099983403], [-83.90593499969896, 43.92139099979078], [-83.90605199987485, 43.92139699988028], [-83.9060350001564, 43.92310999971702], [-83.90602500011065, 43.92403800026115], [-83.90777000000794, 43.92403399973205], [-83.90777199965777, 43.9250370002288], [-83.90649299991578, 43.92504699976481], [-83.90633899993001, 43.925048000041784], [-83.90607899963902, 43.92504999994876], [-83.90605000022502, 43.92505500003937], [-83.90603400033147, 43.92505500003937], [-83.90604600002705, 43.925588000301225], [-83.90605100004993, 43.92609699991948], [-83.90649299991578, 43.92609199991641], [-83.90648700006801, 43.926329000115594], [-83.90655700038822, 43.92634400006369], [-83.90654899999231, 43.92636700010612], [-83.90655700038822, 43.926464000159086], [-83.90661900031249, 43.926513000252456], [-83.90673499976513, 43.926603999856646], [-83.90677800032117, 43.92665499968765], [-83.90682699982663, 43.926719000124216], [-83.90682799965155, 43.926955999766236], [-83.90682500017681, 43.92851699993548], [-83.90682400035192, 43.92864600018419], [-83.90820900039908, 43.92863700017593], [-83.90820799967585, 43.928507999907666], [-83.9082169998967, 43.926737000072826], [-83.90857799957172, 43.926900000258144], [-83.90867600037932, 43.92701300011254], [-83.90872099968684, 43.927112000243724], [-83.90883399966475, 43.92733299968066], [-83.90895099984061, 43.92742000031694], [-83.90894699964265, 43.927154000053534], [-83.90914300035955, 43.927154000053534], [-83.9092189996292, 43.92703099997219], [-83.90935699972147, 43.92693700028564], [-83.90955699973802, 43.92690800028354], [-83.90960399959368, 43.92695299967836], [-83.90967700028693, 43.92702299996338], [-83.90968099958657, 43.92719700007458], [-83.91017699987914, 43.92719500023978], [-83.9101600001607, 43.92693999972732], [-83.91013000002346, 43.92577400002479], [-83.90993699967962, 43.92577400002479], [-83.9098439997932, 43.92577500028959], [-83.90983100027272, 43.92577299975998], [-83.90982600024985, 43.92548699968243], [-83.90981799985394, 43.92532099998405], [-83.90981100018122, 43.92515800000095], [-83.90980500033345, 43.92502300022858], [-83.90803399959859, 43.92503500032139], [-83.90801600005524, 43.92441699983399], [-83.90918900039028, 43.92439600026057], [-83.91561699961039, 43.92436700031372], [-83.91610600023026, 43.9234069996925], [-83.91630399969864, 43.92307400020744], [-83.91715399999353, 43.92137900025698], [-83.91898500010453, 43.9178040000581], [-83.91901600006669, 43.917743000289214]]], [[[-84.72755000034472, 43.59697999970149], [-84.72754600014676, 43.59619799970998], [-84.72754600014676, 43.59612100011631], [-84.7268249997233, 43.59613300000031], [-84.72679899978405, 43.594982000177744], [-84.72754000029897, 43.594962999725766], [-84.72753699992593, 43.59422700002934], [-84.72753699992593, 43.59411800019915], [-84.72679899978405, 43.594124000015874], [-84.72679700013423, 43.593935000296995], [-84.7267750003929, 43.59353900010751], [-84.70909399964476, 43.59362500020261], [-84.70781400007787, 43.59363499997868], [-84.7078159997277, 43.59377599989817], [-84.70781699955262, 43.59399799983548], [-84.70909799984271, 43.59399799983548], [-84.70910799988847, 43.5948780001985], [-84.70910899971337, 43.59508200016341], [-84.7087170000762, 43.595094000254655], [-84.70782300029872, 43.59509600016116], [-84.70782199957549, 43.59515499997648], [-84.70782199957549, 43.5951940000542], [-84.70779599963622, 43.59725999996466], [-84.70949600022598, 43.59723599999314], [-84.71871799982985, 43.59710500022394], [-84.72755000034472, 43.59697999970149]]], [[[-83.90465199975905, 43.92578200020162], [-83.90461900014708, 43.92564399975048], [-83.90402099974729, 43.925388000081796], [-83.90388400037826, 43.92518200012974], [-83.90382900012666, 43.92446300010607], [-83.90370600010301, 43.92385499988295], [-83.90348400034517, 43.923458000323386], [-83.90300599959595, 43.92302099991923], [-83.90223200036738, 43.92189500002384], [-83.90108699962141, 43.921206000292685], [-83.9002909997532, 43.92032300010033], [-83.89995199981949, 43.92004200021565], [-83.89949400006007, 43.91988599996237], [-83.89891499992686, 43.91974300017974], [-83.89841199996162, 43.91957999979566], [-83.89832999994584, 43.919560999900455], [-83.89792300024007, 43.91946599968644], [-83.89742399957449, 43.91940199985857], [-83.89704299980795, 43.91946700005726], [-83.89669600037665, 43.91962000030442], [-83.8966009999421, 43.919679999722995], [-83.89650100038298, 43.91962599992545], [-83.89622500019844, 43.91947600015882], [-83.89609700015193, 43.91939200002079], [-83.89559900020957, 43.91984499991502], [-83.8953769995534, 43.91998100015285], [-83.89522199974269, 43.92024300000117], [-83.8954340003531, 43.920283000064195], [-83.89572300005813, 43.92027400008471], [-83.89569000044615, 43.92046599978309], [-83.89635099969684, 43.92031699990251], [-83.89635400006989, 43.92011900015254], [-83.89698500008164, 43.91994200024967], [-83.89727899980953, 43.92006399974558], [-83.89732999986315, 43.92019300020811], [-83.89736800039631, 43.9202899999754], [-83.89762199994121, 43.92054999969893], [-83.89803899969272, 43.92055799993123], [-83.89836599993086, 43.92052699999567], [-83.89863899974235, 43.92053500023108], [-83.89909300020209, 43.92058699979369], [-83.89932800037873, 43.92120400025648], [-83.89954299956557, 43.92161700015629], [-83.89980100020675, 43.92225600030355], [-83.89968400003089, 43.92251900015867], [-83.89970699959711, 43.923068999950274], [-83.89981799992519, 43.9233660001305], [-83.89965499971858, 43.92365599996064], [-83.89912400016424, 43.923652999706334], [-83.89808100042383, 43.92401400031785], [-83.89745200006189, 43.923948999910635], [-83.8968269998979, 43.92365400000679], [-83.89636699959037, 43.923370999715615], [-83.89588700008964, 43.92325699975297], [-83.89593300012041, 43.923612999967986], [-83.89594599964087, 43.923713999886395], [-83.89597599977812, 43.92408999999718], [-83.89601900033414, 43.92461599979871], [-83.89605500031914, 43.924764000277236], [-83.89611800006833, 43.92705000006975], [-83.89611700024342, 43.9271600002088], [-83.89616900012196, 43.928473000002285], [-83.8962000000841, 43.92857800030361], [-83.89612399991613, 43.92857800030361], [-83.89612599956595, 43.92869899998964], [-83.8963690001385, 43.92869700020535], [-83.89856000009962, 43.92869199977389], [-83.89859199988668, 43.92995099990822], [-83.89860500030547, 43.9304739997298], [-83.89909900004987, 43.93047099981941], [-83.89903899977541, 43.92868800020481], [-83.89975500017599, 43.928686999989], [-83.90100799997869, 43.92867900020286], [-83.90109099981937, 43.92867799998694], [-83.90141600040769, 43.92867600020194], [-83.90398099956431, 43.92866299998043], [-83.90396800004385, 43.92828100026596], [-83.9043179998482, 43.92803699978759], [-83.90416499968732, 43.928013999743904], [-83.90379300014165, 43.927810000289284], [-83.90372000034672, 43.92751300029868], [-83.90412899970231, 43.927080000245475], [-83.90425699974884, 43.92691199997232], [-83.90435100035847, 43.92636500024342], [-83.90446199978824, 43.92600999993615], [-83.90465199975905, 43.92578200020162]], [[-83.90215500037448, 43.92562800000563], [-83.90190799960398, 43.92562800000563], [-83.9018900000606, 43.92509300019671], [-83.90213699993284, 43.92509300019671], [-83.90215500037448, 43.92562800000563]]], [[[-83.99172499956283, 43.966969000266076], [-83.99168899957782, 43.96495099985639], [-83.99039099956929, 43.964937999807084], [-83.98678600014698, 43.96491900017759], [-83.98677399955311, 43.962325000036785], [-83.98676199985753, 43.9612790000271], [-83.98188100016802, 43.9612440000125], [-83.98188600019088, 43.96194200030714], [-83.98190600028238, 43.9648259998614], [-83.97945000000739, 43.96481799976482], [-83.97946800044906, 43.96667499998847], [-83.98027600001282, 43.96667199996493], [-83.98147100008919, 43.966830000135815], [-83.98231499963798, 43.96700899993629], [-83.98309999963553, 43.967144000079095], [-83.98557900037504, 43.967054000017995], [-83.9868089997132, 43.96701499994913], [-83.98723899988352, 43.96693399972435], [-83.98855100013576, 43.96687899993978], [-83.98985499999208, 43.96682400010429], [-83.99118999981054, 43.966894000003634], [-83.99172499956283, 43.966969000266076]]], [[[-84.69286999981212, 43.59725900004735], [-84.6928689999872, 43.596584999961024], [-84.69284499969775, 43.593629000113246], [-84.69210099970809, 43.59371100017476], [-84.68785000020542, 43.593722999888776], [-84.68785000020542, 43.59348599988935], [-84.6878490003805, 43.593325000290776], [-84.6878490003805, 43.59323599981458], [-84.68699499988766, 43.5932450003219], [-84.68698200036718, 43.59271999992078], [-84.68539599958024, 43.59272299989894], [-84.6839000001033, 43.59272499988425], [-84.68390099992823, 43.59275500030691], [-84.68379299997318, 43.59275600029901], [-84.68380200019402, 43.59345999975301], [-84.6838149997145, 43.59527100018351], [-84.68381399988958, 43.596752000151206], [-84.68381399988958, 43.59726899987019], [-84.68787600014468, 43.59727400010623], [-84.68849399973766, 43.5972720002721], [-84.69286999981212, 43.59725900004735]], [[-84.68785299968015, 43.59584799999402], [-84.68772600035686, 43.59584700005325], [-84.68729700001145, 43.59583899987596], [-84.68729700001145, 43.59573899984708], [-84.68729700001145, 43.59517099986132], [-84.68728899961553, 43.59509099974409], [-84.68708600012427, 43.595088999837415], [-84.68693799998626, 43.595088999837415], [-84.68693999963608, 43.59457500014136], [-84.68692899976543, 43.59409199968525], [-84.68785100003034, 43.59409199968525], [-84.68785100003034, 43.59416899992341], [-84.68785100003034, 43.59421099989352], [-84.68785199985525, 43.59457500014136], [-84.68785299968015, 43.59584799999402]]], [[[-83.99668700034152, 43.96146800026696], [-83.99663999958754, 43.95823500023218], [-83.99664200013568, 43.95784700008278], [-83.99558900034953, 43.95783099994886], [-83.99171299986725, 43.95777199994334], [-83.99020399997154, 43.9577500001345], [-83.98820700017917, 43.95771999991181], [-83.98817600021702, 43.96045899990269], [-83.98817100019416, 43.960876000070435], [-83.9867519998118, 43.960838999821895], [-83.98676199985753, 43.9612790000271], [-83.98939300003471, 43.961312999707495], [-83.99166500018669, 43.96134300005592], [-83.99532099966261, 43.96143400002865], [-83.99668700034152, 43.96146800026696]]], [[[-84.7027969999459, 43.58270799992385], [-84.70276099996092, 43.57971300014784], [-84.70274000004451, 43.57905499970223], [-84.69791299988334, 43.57906799995472], [-84.69775999972248, 43.57905799971066], [-84.6977899998597, 43.582365999858666], [-84.69779499988257, 43.582780000272244], [-84.69813800001424, 43.58272399986413], [-84.69865000020032, 43.58272200019717], [-84.69878099972158, 43.58272100003831], [-84.70203000039004, 43.582710999750304], [-84.7027969999459, 43.58270799992385]]], [[[-84.7027259998008, 43.59727400010623], [-84.70269099964071, 43.59584899993477], [-84.70262399969356, 43.59362700015794], [-84.70002900039972, 43.593632000046036], [-84.69819400009072, 43.59363499997868], [-84.69784299956315, 43.59363599995621], [-84.6978450001113, 43.5941049999436], [-84.69784900030925, 43.59491899971758], [-84.6978600001799, 43.59495400012594], [-84.69785400033211, 43.59618100016303], [-84.6978319996925, 43.597251999975235], [-84.69848500034388, 43.59725499972742], [-84.69867899961432, 43.59725600029537], [-84.69887699998104, 43.597257000212686], [-84.69887399960798, 43.596608000264084], [-84.70023299971591, 43.596608000264084], [-84.70025199998248, 43.59726299971645], [-84.7027259998008, 43.59727400010623]]], [[[-83.66486099991005, 44.358607000004326], [-83.66483999999365, 44.35598600015702], [-83.66421400000475, 44.3559889997183], [-83.65988200031123, 44.356007000294305], [-83.65990400005255, 44.35872600006991], [-83.66486099991005, 44.358607000004326]]], [[[-84.73259099986781, 43.592261000204616], [-84.7325480002101, 43.59103699967903], [-84.72752299968222, 43.591036000308954], [-84.72752299968222, 43.59112100005776], [-84.72752799970509, 43.592176000114], [-84.7316950004405, 43.59227500020802], [-84.73259099986781, 43.592261000204616]]], [[[-83.88151699993425, 43.954084999967286], [-83.88136700014641, 43.954084000178646], [-83.88136299994845, 43.95419000031354], [-83.88134299985695, 43.95445399971769], [-83.88135100025289, 43.95490899985522], [-83.88020300003217, 43.954903999687836], [-83.87952199979169, 43.954900999716564], [-83.87865700032653, 43.95494500014234], [-83.87865999980124, 43.95522899999007], [-83.87865999980124, 43.95529699978863], [-83.87880200009148, 43.955440000100204], [-83.8788459995741, 43.955605000032115], [-83.87879799989354, 43.955829999965204], [-83.87863300003707, 43.956251999695006], [-83.87815799966093, 43.95725400028412], [-83.87806899997247, 43.95739899987858], [-83.87979499960316, 43.957667000106404], [-83.8808170003255, 43.95557599978334], [-83.88106900022058, 43.95505799973424], [-83.88148799962191, 43.95506299988866], [-83.8815139995612, 43.9541930003207], [-83.88151699993425, 43.954084999967286]]], [[[-83.89618400019057, 43.9324049997276], [-83.89618300036565, 43.93233099998312], [-83.89617400014484, 43.93174499969891], [-83.89597199958015, 43.93174400018145], [-83.89533100042097, 43.931761999903316], [-83.89530399975845, 43.93106099977433], [-83.8959599998846, 43.9310530003075], [-83.89616300027419, 43.93104999977937], [-83.89615300022844, 43.930418999838764], [-83.89595599968663, 43.93041599992561], [-83.89373799996133, 43.930446999883756], [-83.89375899987773, 43.93233300029212], [-83.89377399994635, 43.9324609998752], [-83.89381199958116, 43.9324609998752], [-83.89618400019057, 43.9324049997276]]], [[[-84.73258099982208, 43.59339299972519], [-84.7325749999743, 43.59282499971678], [-84.72753000025324, 43.59279100001357], [-84.72753000025324, 43.59285900005141], [-84.72753199990305, 43.59335199981707], [-84.73258099982208, 43.59339299972519]]], [[[-84.7355969999637, 43.58420400002565], [-84.73556600000157, 43.582587000075286], [-84.734969000325, 43.58257799992628], [-84.73489800017988, 43.582576999765024], [-84.73489800017988, 43.584215999683046], [-84.7355969999637, 43.58420400002565]]], [[[-83.90038000033998, 43.931761999903316], [-83.90037699996692, 43.931366999759646], [-83.89862100019897, 43.93137300013687], [-83.89863000041981, 43.931939000220375], [-83.89894900026205, 43.931918000067746], [-83.89988499987234, 43.931907000231334], [-83.89989400009317, 43.93189800006953], [-83.89996199986523, 43.93186499989606], [-83.90005300010183, 43.931820999851865], [-83.90028900010337, 43.931776000258246], [-83.90038000033998, 43.931761999903316]]]]}, "properties": {"NAME": "Isabella (Trust Land)", "GEOID": "1610T", "_type": "trust"}}, {"type": "Feature", "geometry": {"type": "MultiPolygon", "coordinates": [[[[-84.81780400014658, 45.70191099985833], [-84.81773300000147, 45.69449400012401], [-84.81267900005959, 45.69444200007049], [-84.8102720001884, 45.694444999954236], [-84.8102649996174, 45.69536499979351], [-84.80746199991108, 45.69537600023064], [-84.80743900034487, 45.69444900000815], [-84.80468099994609, 45.69445300006171], [-84.79883799980868, 45.694472000155535], [-84.7988450003797, 45.69518900003472], [-84.79725100009513, 45.69518900003472], [-84.79733300011091, 45.701862999951686], [-84.80203600042353, 45.701870000215116], [-84.80651799990487, 45.701875999812835], [-84.81780400014658, 45.70191099985833]]], [[[-84.7258730002195, 45.77949500011617], [-84.72595799970999, 45.779244999824115], [-84.72555699985202, 45.779241000201246], [-84.72446999973067, 45.779229999983926], [-84.72442799989788, 45.77948800018086], [-84.72547099963828, 45.77949299968723], [-84.7258730002195, 45.77949500011617]]], [[[-84.73476900030846, 45.767727999718645], [-84.73477099995827, 45.76726200000981], [-84.73475800043781, 45.76716299989435], [-84.73471700042992, 45.76685900010645], [-84.73469700033843, 45.766756000010744], [-84.73464899975954, 45.76655100000871], [-84.73455900024616, 45.766244000229186], [-84.73448499972801, 45.76604200002622], [-84.73444600026826, 45.765942000108], [-84.73440199988734, 45.765842000010515], [-84.7343490001839, 45.76577699988233], [-84.73348999966817, 45.765060000047065], [-84.73328399980386, 45.76489999990732], [-84.7330059999695, 45.76479000005421], [-84.73259000004289, 45.76462599972231], [-84.73231300003346, 45.76556100026212], [-84.73206399961312, 45.765715000123365], [-84.7320610001384, 45.766086000008634], [-84.73291200025818, 45.76608499986701], [-84.73348600036853, 45.76608499986701], [-84.73349700023918, 45.76672300011018], [-84.7334980000641, 45.76680899996206], [-84.73350599956171, 45.76726200000981], [-84.73347499959958, 45.7672649997447], [-84.73325799986459, 45.76726200000981], [-84.7329280001517, 45.76725700003347], [-84.73289700018957, 45.76725700003347], [-84.73252999976845, 45.767252000056736], [-84.7325339999664, 45.76873199992481], [-84.73253899998929, 45.769008000172576], [-84.73362399956248, 45.769008000172576], [-84.73361199986691, 45.76868000001586], [-84.73399799965628, 45.76868700005463], [-84.73400600005222, 45.769008000172576], [-84.73400799970204, 45.76928400030786], [-84.73401000025018, 45.769564000021255], [-84.73401100007509, 45.76982399997355], [-84.73253999981418, 45.769820000301635], [-84.73253800016437, 45.770906000023224], [-84.73422600016025, 45.770900999747006], [-84.73441000028326, 45.76982500004818], [-84.73476900030846, 45.767727999718645]]], [[[-84.74248000036678, 45.776279000227056], [-84.74247600016884, 45.7749510001993], [-84.74247500034392, 45.774440999810324], [-84.74177499983686, 45.77444499977749], [-84.73740100031054, 45.77446900020086], [-84.73740999963306, 45.7753579998085], [-84.73487700026348, 45.77537699996398], [-84.73482399966173, 45.7754720000178], [-84.73481199996615, 45.77627199988806], [-84.73431300019888, 45.776287999856116], [-84.73410499978641, 45.77677700007245], [-84.73393400008219, 45.77748500022822], [-84.7339559998235, 45.778108000250086], [-84.73383399962476, 45.779276000023955], [-84.7356249995528, 45.77930200005701], [-84.73668900010793, 45.77861599984756], [-84.73727699956366, 45.77809100025137], [-84.73743700029554, 45.77809400003039], [-84.73743499974742, 45.7784779998598], [-84.73742999972455, 45.77934100008388], [-84.73959300009658, 45.77939800021864], [-84.73961499983788, 45.77823699996101], [-84.74126500019894, 45.77824400005332], [-84.74124799958217, 45.779469000173115], [-84.74140499994101, 45.77947099997641], [-84.74166699988183, 45.77947199987799], [-84.74166100003404, 45.77939100027116], [-84.74167000025489, 45.77629600015165], [-84.74248000036678, 45.776279000227056]]], [[[-84.78176799987912, 45.551550000056196], [-84.78177700009996, 45.551003000109446], [-84.78139999963308, 45.55100399969675], [-84.78138200008974, 45.55154599985852], [-84.78176799987912, 45.551550000056196]]], [[[-84.78973400020557, 45.558067000095384], [-84.7897219996117, 45.55756500014715], [-84.78950599970163, 45.55756899991636], [-84.78952199959515, 45.558067000095384], [-84.78973400020557, 45.558067000095384]]], [[[-84.80294199989657, 45.61568500008188], [-84.80289599986583, 45.611430000142065], [-84.8028659997286, 45.60860400030724], [-84.80286499990369, 45.6085070001634], [-84.80239100025078, 45.608512999717185], [-84.79768499956512, 45.60856899971104], [-84.79768499956512, 45.608667000194174], [-84.79768899976307, 45.61141300029884], [-84.79772100044842, 45.6157689999924], [-84.80294199989657, 45.61568500008188]]], [[[-84.90804799990272, 45.39529400018122], [-84.90806399979623, 45.39496099978341], [-84.90758900031841, 45.39498699991727], [-84.9073919997766, 45.394935000268354], [-84.90619900024835, 45.39474299988851], [-84.90605799978303, 45.39471999979268], [-84.90584400042111, 45.39483600001596], [-84.90600799955433, 45.39494999969891], [-84.90651700026568, 45.395303999738516], [-84.90804799990272, 45.39529400018122]]], [[[-84.95781999994077, 45.369113999954976], [-84.95781999994077, 45.368901000308846], [-84.95743099977835, 45.368900000012324], [-84.95742499993057, 45.369115000247724], [-84.95781999994077, 45.369113999954976]]], [[[-84.95883699974192, 45.368894999791635], [-84.95883799956682, 45.36873900000535], [-84.95821199957793, 45.368740999972964], [-84.95820999992812, 45.368894999791635], [-84.95883699974192, 45.368894999791635]]], [[[-84.96582300007715, 45.349904999901796], [-84.96583800014577, 45.348483000068306], [-84.96568699963471, 45.348486000146835], [-84.96490800038326, 45.34849999987994], [-84.96455500020583, 45.34850500000924], [-84.96421200007417, 45.348509000112394], [-84.96368999984234, 45.3485239998653], [-84.96365700023037, 45.348745000015], [-84.96361500039758, 45.349066999734156], [-84.96355099992518, 45.349279000180495], [-84.96346399988653, 45.34945700016831], [-84.963271000441, 45.34969099989652], [-84.96305100033298, 45.34984699980918], [-84.96264299990399, 45.3500279999015], [-84.96234800035118, 45.35011799973193], [-84.96219299964217, 45.350173000189166], [-84.96211900002233, 45.35025399983553], [-84.96201000024239, 45.35034299994458], [-84.96145000037573, 45.35118700003031], [-84.9612799995981, 45.351349000092576], [-84.96109800002324, 45.351449000086554], [-84.96088299993806, 45.35152100004861], [-84.9606660002031, 45.35152899982831], [-84.96046500036165, 45.351535000293616], [-84.9601099996361, 45.351554999735825], [-84.95989899974889, 45.35157599977378], [-84.9596889996866, 45.35164099978181], [-84.95952499965509, 45.35163499995901], [-84.95921199966064, 45.351625000252945], [-84.95918200042172, 45.34949699988284], [-84.95897800020722, 45.34950199992405], [-84.95897499983418, 45.35164099978181], [-84.95580600042997, 45.351698999929894], [-84.95582399997333, 45.35196699992936], [-84.95655299989437, 45.352017000033776], [-84.9588769999249, 45.35204099979046], [-84.96128399979607, 45.35205200001747], [-84.96538799988396, 45.35206800005693], [-84.96578999956688, 45.352069999982625], [-84.96579399976483, 45.351790000227474], [-84.96582300007715, 45.34999999992503], [-84.96582300007715, 45.349904999901796]]], [[[-84.9667350002963, 45.37300199980769], [-84.96673100009835, 45.372610999856434], [-84.96635000033184, 45.37261500014885], [-84.96634600013388, 45.373009999705815], [-84.9667350002963, 45.37300199980769]]], [[[-84.97165000032102, 45.34904700004417], [-84.97184100011674, 45.34853900024558], [-84.97086899962312, 45.348465000225005], [-84.96978200040009, 45.348468000304536], [-84.96911200003026, 45.34846100011879], [-84.96769000017316, 45.34844899979837], [-84.96767500010455, 45.34860800004956], [-84.96765300036326, 45.34884500019054], [-84.96916899993167, 45.34882099971], [-84.9708679997982, 45.34880500001525], [-84.9708679997982, 45.34903699988086], [-84.97165000032102, 45.34904700004417]]], [[[-84.9830110000075, 45.35625000021447], [-84.9830190004034, 45.355692000077916], [-84.98095599959049, 45.355680999927145], [-84.98062699970252, 45.355679000129065], [-84.98049799983107, 45.35567800022999], [-84.98047299971674, 45.35567800022999], [-84.97541799994994, 45.3556499998925], [-84.9754020000564, 45.35717399992057], [-84.97554799964628, 45.35717700016966], [-84.97608999996957, 45.35718100029113], [-84.97719999965715, 45.35718499978111], [-84.97767199966025, 45.3571949997672], [-84.97813500034084, 45.35718899990201], [-84.97859899994803, 45.35719700014295], [-84.98043699973172, 45.35720799999903], [-84.98043300043207, 45.3593379998315], [-84.98111700014728, 45.35934300026574], [-84.98297199964942, 45.35935500016998], [-84.9830110000075, 45.35625000021447]]], [[[-84.9975710001337, 45.42892700017067], [-84.9975700003088, 45.42887200001179], [-84.99755400041525, 45.42848299979972], [-84.99755299969205, 45.4284669999427], [-84.9975490003924, 45.42842199996578], [-84.9975579997149, 45.428015000058075], [-84.99735000020075, 45.42801799970101], [-84.99715400038218, 45.42801900021238], [-84.99696100003834, 45.428020000093326], [-84.99694299959667, 45.42837199994934], [-84.99656799967795, 45.42837199994934], [-84.99653400024106, 45.42837199994934], [-84.99637299968427, 45.42837100007463], [-84.99637900043037, 45.42848799979356], [-84.99638100008019, 45.42858499996393], [-84.99639799979863, 45.428585999834844], [-84.9964510004004, 45.428588000207036], [-84.99645700024817, 45.42883599978709], [-84.99645999972293, 45.428909000078725], [-84.99691500000759, 45.428917000260405], [-84.99713699976543, 45.42891999985542], [-84.99740999957692, 45.428924999810505], [-84.9975710001337, 45.42892700017067]]], [[[-85.01611800017194, 45.650360000009826], [-85.01607600033914, 45.650321000291186], [-85.01585799988095, 45.65011500011934], [-85.0159030000868, 45.64979900013901], [-85.01548299996222, 45.64973300022806], [-85.01532399995355, 45.6500449998641], [-85.01516800031794, 45.65031199982095], [-85.0154250002359, 45.65033699993755], [-85.01556199960494, 45.6503720002076], [-85.01570600044329, 45.65035300020722], [-85.01586700010179, 45.65034900014025], [-85.01595699961514, 45.65035199987652], [-85.01599799962302, 45.650353999909974], [-85.01611800017194, 45.650360000009826]]], [[[-85.04088300026629, 45.643736000210346], [-85.04092699974892, 45.643716000021875], [-85.03961799986973, 45.642460999979036], [-85.03919400044553, 45.64267400017308], [-85.03881399960562, 45.642309000309595], [-85.0388830001009, 45.6424699998267], [-85.03888200027598, 45.642496000146124], [-85.0387779996206, 45.64273200027141], [-85.03871599969631, 45.64279500012609], [-85.03828800007413, 45.64323899975459], [-85.03853499994636, 45.64401799984649], [-85.03845899977837, 45.644097000311795], [-85.03842699999132, 45.644129999829275], [-85.03836000004416, 45.64420099975285], [-85.03778799958363, 45.64456500004424], [-85.03802500030841, 45.64480500008131], [-85.03809700027844, 45.64486899991751], [-85.0382770002035, 45.64534799970668], [-85.03851999987774, 45.64538299995415], [-85.03866100034305, 45.64535099971078], [-85.03904600030752, 45.645139999866046], [-85.03874699965844, 45.644833999976875], [-85.03921299981377, 45.6445960003031], [-85.03931200044629, 45.644545000151766], [-85.03970999993125, 45.644339999899984], [-85.03994099990992, 45.644223000020496], [-85.04053900030972, 45.64391700014666], [-85.04074599999896, 45.64380700000522], [-85.04088300026629, 45.643736000210346]]], [[[-85.18488799962235, 45.35537899994554], [-85.18487400027696, 45.35391200002543], [-85.1787730003967, 45.35387099971245], [-85.17844000031076, 45.35392299988879], [-85.17841600002133, 45.35749999975763], [-85.17839599992983, 45.361179000201325], [-85.17877699969635, 45.36104899992914], [-85.17972300025069, 45.36071899983874], [-85.18018299965992, 45.360537000040324], [-85.18064299996745, 45.36033999988309], [-85.18101200003841, 45.360165999949174], [-85.1815190002016, 45.35991000006028], [-85.18199200002961, 45.359655000104304], [-85.18277899967698, 45.35917000025917], [-85.1831179996107, 45.35894099979455], [-85.1837019997668, 45.3585100002213], [-85.18436600028883, 45.357944000143405], [-85.18463699955218, 45.357680000129214], [-85.18168900008092, 45.357717999987194], [-85.1792310001561, 45.35775099987635], [-85.1792310001561, 45.35749800002384], [-85.1792169999124, 45.35582399982647], [-85.17987399986343, 45.355836999742024], [-85.1835040002984, 45.35576600011837], [-85.18485800038344, 45.35577599972402], [-85.18488799962235, 45.35537899994554]]], [[[-86.76784899993126, 45.508006000067404], [-86.76787900006849, 45.50520499969421], [-86.7625990001708, 45.50521299975776], [-86.76250299991132, 45.501689999748464], [-86.75728099973995, 45.501684000112455], [-86.75706200035516, 45.50236200026833], [-86.75712599992926, 45.50297999982747], [-86.75728800031096, 45.503665999769815], [-86.75738600022025, 45.50373399992915], [-86.75754799970365, 45.504122999984006], [-86.7581000000727, 45.50471699996373], [-86.75904200042908, 45.50526600022873], [-86.76001700039743, 45.505563999774054], [-86.76079800019701, 45.505632000159096], [-86.76339900023696, 45.50565600016429], [-86.76469899989532, 45.5060229998347], [-86.76577099994806, 45.50654900008784], [-86.76632099976896, 45.50695000024768], [-86.7675910001884, 45.50787600015017], [-86.76784899993126, 45.508006000067404]]]]}, "properties": {"NAME": "Little Traverse Bay (Trust Land)", "GEOID": "1963T", "_type": "trust"}}, {"type": "Feature", "geometry": {"type": "MultiPolygon", "coordinates": [[[[-88.85733299992505, 41.76102400031599], [-88.8573429999708, 41.75852900006782], [-88.85304399988924, 41.75671500033284], [-88.85248800022053, 41.756479999926114], [-88.84978599989824, 41.75405500007149], [-88.8493390000095, 41.75046200002155], [-88.84776900001441, 41.7504629999449], [-88.84766299970919, 41.75046200002155], [-88.84767100010511, 41.75209899978994], [-88.84764400034092, 41.753131000015266], [-88.84762500007436, 41.75472199996631], [-88.84762300042452, 41.75795799979728], [-88.84760900018082, 41.759023999872724], [-88.84758999991426, 41.761158000021986], [-88.85546099980616, 41.7611119998044], [-88.85733299992505, 41.761106999676834], [-88.85733299992505, 41.76102400031599]]], [[[-88.85944400041853, 41.76110500016175], [-88.85944400041853, 41.760144000134495], [-88.8586819999872, 41.76014899966705], [-88.85860400016942, 41.7601500001096], [-88.85860199962126, 41.76058399972349], [-88.85859999997145, 41.761000000069046], [-88.85859999997145, 41.761108000104386], [-88.85870000042887, 41.7611089998619], [-88.85944400041853, 41.76110500016175]]]]}, "properties": {"NAME": "Prairie Band of Potawatomi Nation (Trust Land)", "GEOID": "2980T", "_type": "trust"}}, {"type": "Feature", "geometry": {"type": "MultiPolygon", "coordinates": [[[[-88.66001099958648, 45.45076699974717], [-88.65972400042962, 45.45077100017935], [-88.65645300001985, 45.450817000087966], [-88.65509399991193, 45.450836000231064], [-88.65482699994826, 45.450840000028194], [-88.65482799977316, 45.45085400026124], [-88.64980700034155, 45.45081599998077], [-88.6495589997461, 45.45081100007461], [-88.64952899960889, 45.45175400011637], [-88.6482759998062, 45.451735000282525], [-88.64671199965888, 45.45171200007708], [-88.64674000014628, 45.45076500016114], [-88.64669800031349, 45.450764000052985], [-88.64511099970163, 45.45073700027759], [-88.64458299962203, 45.45072799992948], [-88.64462399962993, 45.451504000231814], [-88.64467200020881, 45.45150599979163], [-88.64539500028208, 45.45149999985157], [-88.64527100043352, 45.4519569998653], [-88.64464899974428, 45.45197500016786], [-88.6446579999651, 45.452153000189874], [-88.64466700018593, 45.452316999783775], [-88.64466100033816, 45.453279999865586], [-88.64465499959206, 45.45435499993793], [-88.6446649996378, 45.45538599980849], [-88.64461500030741, 45.4573170002907], [-88.64460899956131, 45.45755999969847], [-88.64435300036658, 45.45755899971084], [-88.63955700016756, 45.45754699985782], [-88.63431800027774, 45.457533000026054], [-88.63421899964523, 45.45753500000224], [-88.6342169999954, 45.45781199979857], [-88.6341810000104, 45.462517000244304], [-88.63417199978956, 45.46381400017157], [-88.6341679995916, 45.46399199999714], [-88.63582399980042, 45.46396899975043], [-88.63584700026496, 45.463965000254454], [-88.6413470002707, 45.464008999735185], [-88.64234399998033, 45.46379400011356], [-88.64248399972243, 45.46377300017104], [-88.6426219998147, 45.463745999693415], [-88.6427570004322, 45.46371299993213], [-88.64288899977838, 45.463672999737355], [-88.64301699982488, 45.463628000114404], [-88.64313999984854, 45.46357799979111], [-88.64322699988718, 45.463538000130605], [-88.64330999972786, 45.463495000164684], [-88.64337199965213, 45.463460999743425], [-88.64342299970576, 45.46343100009601], [-88.64353099966078, 45.46335900024688], [-88.64363399959295, 45.463283000131405], [-88.6437280002026, 45.463201999845836], [-88.64381500024123, 45.463116999887674], [-88.64389399988396, 45.46302900012959], [-88.64396400020415, 45.462936000142825], [-88.64402500030351, 45.462841000214745], [-88.64407700018205, 45.46274299980953], [-88.64411999983976, 45.462643000069036], [-88.64415400017496, 45.46253999982328], [-88.64417699974118, 45.4624370000194], [-88.64419099998487, 45.4623330001244], [-88.64419500018283, 45.46225099982956], [-88.64430899998565, 45.46173999972302], [-88.64431099963548, 45.46150699986452], [-88.64431700038156, 45.46089600025669], [-88.6443199998563, 45.46064200021196], [-88.64424000038868, 45.46036699970202], [-88.64425600028221, 45.459482999828126], [-88.64332999981934, 45.459479000013864], [-88.6433340000173, 45.45913599976471], [-88.64356400017108, 45.459136999724365], [-88.64426200012998, 45.459141000192986], [-88.6442639997798, 45.4589899997916], [-88.6445950002159, 45.4590059998157], [-88.64459199984286, 45.45941499979687], [-88.64459000019305, 45.459489000179026], [-88.64456400025377, 45.46079000017871], [-88.64456199970564, 45.46089800011359], [-88.64471200039178, 45.46089800011359], [-88.64585100039166, 45.46090400031392], [-88.6490990003369, 45.46091799993881], [-88.64982099968694, 45.46092099972299], [-88.65472099964303, 45.46094300002538], [-88.65472099964303, 45.460885999710975], [-88.65474999995536, 45.458122000027146], [-88.65475499997822, 45.45758699998812], [-88.65478900031343, 45.454501999981254], [-88.65479199978815, 45.45420800014158], [-88.6550560002771, 45.45420099981164], [-88.65637100000407, 45.45417000023049], [-88.65973699995008, 45.45408900008578], [-88.65996499955573, 45.45408399983966], [-88.66000200026396, 45.451393999755105], [-88.66001099958648, 45.45076699974717]]], [[[-88.61826500014932, 45.50727099990271], [-88.61826199977627, 45.50710399980269], [-88.61820300022504, 45.50370100028802], [-88.61814299995058, 45.50013600025155], [-88.61814999962328, 45.499962999943534], [-88.61559600033732, 45.499962999943534], [-88.61318199989512, 45.49996399980853], [-88.61317100002447, 45.500220999785995], [-88.61315199975789, 45.500736999701964], [-88.61315699978076, 45.50099499977553], [-88.61316199980364, 45.50125399976811], [-88.61318199989512, 45.50239599988657], [-88.61323799997162, 45.50548900030959], [-88.61324499964431, 45.50582500030457], [-88.61326700028394, 45.50696799998851], [-88.61326800010886, 45.50704099989258], [-88.61326800010886, 45.507059000233845], [-88.60880300034593, 45.50702800013217], [-88.59271900025537, 45.50690799978086], [-88.59272400027822, 45.50707100024829], [-88.59276299973799, 45.51068000009952], [-88.5927710001339, 45.51138800013217], [-88.5927769999817, 45.511975999823235], [-88.59278100017964, 45.51236300028887], [-88.59280000044622, 45.51413399991422], [-88.59280200009603, 45.514289000197415], [-88.59772399979344, 45.51432800010401], [-88.5978259999007, 45.514328999713875], [-88.5978259999007, 45.51417299992823], [-88.59782400025088, 45.51241599969325], [-88.59782300042596, 45.510749999946434], [-88.60288099966749, 45.510821000008036], [-88.60797599961727, 45.510807999861555], [-88.61101600004837, 45.51080100026574], [-88.61294300041884, 45.51079699968692], [-88.61300500034311, 45.51079699968692], [-88.61319799978864, 45.51079799998898], [-88.61821900011857, 45.51087499990621], [-88.6182569997534, 45.50792099969544], [-88.61826500014932, 45.50727099990271]], [[-88.6154409996283, 45.50961199998377], [-88.61541300003921, 45.51065100008345], [-88.61320299981152, 45.51061699978512], [-88.61301299984072, 45.51061200014687], [-88.61302500043459, 45.51033899983397], [-88.6130610004196, 45.509537999941806], [-88.61307300011518, 45.50940799978564], [-88.61323499959856, 45.50941300016037], [-88.61340299982805, 45.509409000112434], [-88.61352099982884, 45.50940999980967], [-88.61362299993608, 45.50940199971304], [-88.61367499981462, 45.50937699971858], [-88.61374699978464, 45.509340999883264], [-88.61380899970892, 45.50929800024218], [-88.61387499983115, 45.50926500008543], [-88.61400299987767, 45.50922599981798], [-88.61409199956614, 45.50919500028022], [-88.61416400043449, 45.50918500012108], [-88.61425599959767, 45.509179000024716], [-88.61435100003223, 45.50917499996015], [-88.6144129999565, 45.509177999693826], [-88.61449099977432, 45.509202000075774], [-88.61453799962997, 45.50922100005613], [-88.61461999964573, 45.50925299990917], [-88.61468400011816, 45.50925899999759], [-88.61474199984448, 45.50926599978523], [-88.61476899960864, 45.50928600007296], [-88.61481600036264, 45.509309999779305], [-88.61486700041627, 45.509336000131675], [-88.61491000007396, 45.509344999936076], [-88.6149689996252, 45.50934000018479], [-88.61500999963307, 45.509340999883264], [-88.61505800021196, 45.509351000014696], [-88.6151319998318, 45.5093670002213], [-88.61516299979395, 45.509373999995454], [-88.61518299988545, 45.509399999688725], [-88.61523599958889, 45.509450000275706], [-88.6152869996425, 45.509481000302564], [-88.6154409996283, 45.50961199998377]]], [[[-88.84052199956325, 45.561942000131964], [-88.84047399988269, 45.56146699977367], [-88.83861299963445, 45.56146899983394], [-88.83506400028864, 45.5614889998035], [-88.83017199983014, 45.56150999979533], [-88.83013400019532, 45.561485000313326], [-88.83015599993662, 45.56075600026165], [-88.83016400033256, 45.560466000310875], [-88.83017500020318, 45.56007400027126], [-88.83020899964006, 45.557787999898416], [-88.82650999960813, 45.55777700010347], [-88.82514600037567, 45.5577679998694], [-88.8251489998504, 45.55800000027145], [-88.8252259998433, 45.560170999855394], [-88.82321599963214, 45.560170999855394], [-88.82321599963214, 45.56157100029617], [-88.82037699994082, 45.56159200025734], [-88.82010900015221, 45.561594999712035], [-88.82011499999999, 45.562015999801055], [-88.82010900015221, 45.56204599977514], [-88.82011699964983, 45.562103000247795], [-88.82010499995425, 45.56353900011453], [-88.82010499995425, 45.56487699968925], [-88.82010599977917, 45.56511500008816], [-88.8203979998572, 45.565127000298226], [-88.83021399966294, 45.56513200012297], [-88.83225999985912, 45.56513500001759], [-88.83513500043375, 45.565138999876844], [-88.84044299992053, 45.56514800018805], [-88.84052199956325, 45.561942000131964]], [[-88.83461400002685, 45.563790999737314], [-88.83444400014754, 45.56415600011407], [-88.8340409997414, 45.5640639997826], [-88.83410600003873, 45.563925999946264], [-88.83416700013811, 45.56379199972609], [-88.83442200040622, 45.563790999737314], [-88.83461400002685, 45.563790999737314]]], [[[-88.84110300024463, 45.5867320002332], [-88.8410239997036, 45.58427499998367], [-88.84102000040394, 45.584169000121896], [-88.8410170000309, 45.584066999828686], [-88.84098400041893, 45.583053000296836], [-88.84086399987002, 45.57937299972712], [-88.84086300004509, 45.57931999990913], [-88.840102000337, 45.57932100025022], [-88.8379339999421, 45.579374999778565], [-88.83151099984657, 45.57946399979611], [-88.8306480000312, 45.57947600008436], [-88.82937000011415, 45.57949399988325], [-88.82887299999669, 45.57949599993039], [-88.82738500001736, 45.5795040001183], [-88.82688899972483, 45.579508000211845], [-88.8267330000892, 45.579508999920826], [-88.82626600010897, 45.57951500006044], [-88.82611100029827, 45.579517000106875], [-88.82601099984085, 45.579517000106875], [-88.8257120000901, 45.579517000106875], [-88.8256130003559, 45.57951799981564], [-88.82553999966267, 45.579513000013975], [-88.82553299998996, 45.57953800027548], [-88.82557900002072, 45.58317000023445], [-88.83061000039638, 45.58312600017369], [-88.83061000039638, 45.5830899997554], [-88.83086800013923, 45.58308500027176], [-88.8308659995911, 45.58318300000294], [-88.83086499976619, 45.58324100004551], [-88.83077199987977, 45.58677799977011], [-88.83593799997466, 45.586755000006384], [-88.83671399975137, 45.586750000220455], [-88.84110300024463, 45.5867320002332]]], [[[-88.665011, 45.46416700027949], [-88.66498199968768, 45.46073700006497], [-88.66120700038607, 45.46082399969046], [-88.65992100007311, 45.460853000165876], [-88.65991900042329, 45.46090400031392], [-88.65993399959358, 45.46420999973289], [-88.65838700006302, 45.46418899994533], [-88.6574070000718, 45.46418899994533], [-88.65741100026976, 45.46427599991435], [-88.65739700002607, 45.46479399999204], [-88.65711699964356, 45.46479099978393], [-88.6570349996278, 45.464789999924555], [-88.65618500023123, 45.4647819997887], [-88.65616900033773, 45.4647819997887], [-88.65519900039223, 45.46477299979198], [-88.65494800032207, 45.464771000072574], [-88.65493200042854, 45.46516400028356], [-88.65481000022982, 45.46806599982521], [-88.65471599962015, 45.470299000137224], [-88.65627200026988, 45.470301000290554], [-88.65839100026098, 45.47024699990597], [-88.65853799967576, 45.470243999988085], [-88.65876299980665, 45.46958700026493], [-88.65879700014183, 45.469413000206224], [-88.65904999986184, 45.46940599987397], [-88.65971400038386, 45.46938500013211], [-88.65974000032314, 45.46856700010809], [-88.65972199988147, 45.467982000073704], [-88.65971900040674, 45.467837000133194], [-88.65976299988935, 45.46783599969784], [-88.66473700036362, 45.467885000219965], [-88.66485799983913, 45.46788699982895], [-88.66485600018932, 45.467857000016814], [-88.66488200012857, 45.46428099988676], [-88.66488200012857, 45.46416599977899], [-88.665011, 45.46416700027949]]], [[[-88.85928899970953, 45.559640999975215], [-88.85923400035625, 45.55782099989926], [-88.85688500021139, 45.557824000184276], [-88.85563999990629, 45.55782599974522], [-88.85474199993085, 45.55783000012485], [-88.85205100037753, 45.55784500028798], [-88.85115400022698, 45.55785000013181], [-88.85080600007244, 45.55778199995335], [-88.8506200002996, 45.557821999994296], [-88.85044399967418, 45.557818000243095], [-88.84577700024491, 45.5578139998626], [-88.84163499962386, 45.557809000015574], [-88.84061399962476, 45.557809000015574], [-88.8405240001114, 45.557809000015574], [-88.84049800017212, 45.55780300007276], [-88.84048700030148, 45.55882300001727], [-88.84047399988269, 45.56146699977367], [-88.84051900008852, 45.56146699977367], [-88.84055500007354, 45.56146699977367], [-88.84059699990632, 45.56146599974356], [-88.85110099962523, 45.56138299969496], [-88.8530830002473, 45.5613600002206], [-88.85623999995592, 45.56133299997786], [-88.85639200029189, 45.5613319999453], [-88.85633799986522, 45.559639999912555], [-88.85928899970953, 45.559640999975215]]], [[[-88.5615400002863, 45.49222100027405], [-88.55730800015189, 45.49220900024292], [-88.55672300017088, 45.49220700023745], [-88.55639500010783, 45.49220600023472], [-88.55639599993272, 45.49198099979491], [-88.55639900030579, 45.49143599977606], [-88.55641000017644, 45.48891600024239], [-88.55641100000135, 45.488690999884334], [-88.55138800002159, 45.488676000164354], [-88.5512619996249, 45.488676000164354], [-88.5512619996249, 45.48869799971026], [-88.5512530003024, 45.49126099977796], [-88.55125199957916, 45.491485999945496], [-88.55124999992934, 45.49219000018836], [-88.55124999992934, 45.492414999793155], [-88.5512490001044, 45.49307199974152], [-88.5512490001044, 45.49331299996256], [-88.55124800027951, 45.49363899980674], [-88.55124800027951, 45.493757000154396], [-88.55124800027951, 45.493935999841575], [-88.55124599973138, 45.495522999852895], [-88.55124599973138, 45.495601999770095], [-88.55124499990646, 45.49582700022615], [-88.55398099966563, 45.495834999733276], [-88.55437400002602, 45.49583700023955], [-88.55639099990987, 45.49584299986892], [-88.55685700006518, 45.49584199993074], [-88.55720500021972, 45.49584499974526], [-88.56153699991326, 45.495858000198936], [-88.56153699991326, 45.49570300016436], [-88.56153699991326, 45.495632999866714], [-88.5615400002863, 45.49266600025357], [-88.5615400002863, 45.49222100027405]]], [[[-88.84392900041547, 45.553991999951435], [-88.84407400018043, 45.55386799970932], [-88.84389599990519, 45.55386499984209], [-88.84397999957078, 45.553747999863795], [-88.84309300036429, 45.553749000031324], [-88.84308699961818, 45.5526319999738], [-88.84308599979329, 45.55252200001249], [-88.84343899997069, 45.55251499994475], [-88.8434330001229, 45.550574000007536], [-88.84050099964686, 45.550580999687945], [-88.84050900004279, 45.55046699984145], [-88.83959299962568, 45.55048800017817], [-88.83548900043608, 45.5505789998692], [-88.83548600006303, 45.550714999962345], [-88.83547900039034, 45.55112600016811], [-88.8354779996671, 45.55126299977847], [-88.8354779996671, 45.551276000013445], [-88.83548100004015, 45.551854999976825], [-88.83549299973573, 45.553634000150645], [-88.83549799975859, 45.55422700006557], [-88.83548600006303, 45.554429999895014], [-88.83534700014586, 45.55606799969081], [-88.83522599977204, 45.556865000295296], [-88.83520499985565, 45.55777999976188], [-88.83619700044073, 45.557784000144785], [-88.84049800017212, 45.55780300007276], [-88.84051999991344, 45.55602100002826], [-88.84071099970915, 45.55594400025533], [-88.84080399959555, 45.55590400013556], [-88.84090200040318, 45.55586199972755], [-88.8409049998779, 45.555673000019176], [-88.84090300022807, 45.555085999870656], [-88.84116400034398, 45.55508499972692], [-88.8411650001689, 45.555562999719875], [-88.84116000014603, 45.55575199979825], [-88.8435300002073, 45.554746000302224], [-88.84361300004798, 45.554709999931475], [-88.84386199957, 45.5546040002435], [-88.8439460001339, 45.554568999934716], [-88.84385999992018, 45.55435900014027], [-88.84392900041547, 45.553991999951435]]], [[[-88.82016299968058, 45.56886200007921], [-88.82012199967271, 45.566249000127065], [-88.82011900019795, 45.566030999740704], [-88.82010900015221, 45.56530799995929], [-88.82010699960408, 45.56518999994414], [-88.82010599977917, 45.56511500008816], [-88.81954599991252, 45.56510499980628], [-88.81577999993341, 45.56509999997912], [-88.81541699971025, 45.56509800004817], [-88.8151239998073, 45.56509700008264], [-88.8131310002129, 45.56508999969462], [-88.8114559997375, 45.56508999969462], [-88.81000100026846, 45.565083999900416], [-88.81000100026846, 45.565111000227205], [-88.8092659996013, 45.56510599977167], [-88.80901899972909, 45.565113000157695], [-88.80486899961045, 45.56509800004817], [-88.80486799978553, 45.56572899989635], [-88.80486100011284, 45.567331000025284], [-88.80486100011284, 45.567529999992125], [-88.80485799973978, 45.56761500023392], [-88.8049849999614, 45.56760299992641], [-88.8059070002263, 45.56752100006255], [-88.80646100024516, 45.56747200007143], [-88.8077030001772, 45.567433999830676], [-88.80933199972354, 45.56755300008502], [-88.80946700034106, 45.567546000003055], [-88.80986900002397, 45.56752600030312], [-88.80996799975817, 45.56751399997659], [-88.80996000026056, 45.56873399971849], [-88.81515300011962, 45.568795999821546], [-88.81714499988912, 45.56882199972271], [-88.82016299968058, 45.56886200007921]]], [[[-88.63584700026496, 45.40739199996537], [-88.63572500006622, 45.40739599968895], [-88.63561600028628, 45.40740000004284], [-88.63409700034481, 45.40740199990439], [-88.62921400010714, 45.407411999841585], [-88.62758700021064, 45.40741600019439], [-88.6264799999978, 45.407418000055365], [-88.62454500012973, 45.407421000161996], [-88.62315800043274, 45.40742400026846], [-88.62205200004482, 45.40742699974414], [-88.62172599963156, 45.407414999948585], [-88.62147600028464, 45.40740600025789], [-88.62072999974683, 45.407372999698005], [-88.62449599972592, 45.41082799992399], [-88.62530199963986, 45.41084099981033], [-88.63043400029787, 45.410929000271864], [-88.63556600005757, 45.41101899969917], [-88.63577699994477, 45.40828700010762], [-88.63584700026496, 45.40739199996537]]], [[[-88.60268599967382, 45.467252999898335], [-88.59814300009312, 45.467398999894264], [-88.5932420003121, 45.46738199991851], [-88.59299899973954, 45.46738100010504], [-88.59299200006686, 45.4675520000754], [-88.59284800012679, 45.470982999924566], [-88.5928409995558, 45.471154000306804], [-88.59275500024039, 45.47325200020785], [-88.5925879998358, 45.47382900023776], [-88.59446699962739, 45.47373799983175], [-88.59517600035527, 45.47370399991923], [-88.59577100038202, 45.473676000087046], [-88.59755700028718, 45.473595000246654], [-88.59777800022013, 45.47358500006387], [-88.59774899990781, 45.47321100014248], [-88.597811999657, 45.470110000133104], [-88.60119699986959, 45.47007899984864], [-88.60264899986392, 45.47006700014034], [-88.60268599967382, 45.467252999898335]]], [[[-88.93155200004016, 45.60496299992737], [-88.92741600016521, 45.60482199974979], [-88.92701199993418, 45.60480800007829], [-88.92355200027684, 45.60469099999374], [-88.92327899956705, 45.60468099984627], [-88.92318599968061, 45.60467900006795], [-88.92318599968061, 45.60472699975567], [-88.92319900009942, 45.60835399969926], [-88.9232190001909, 45.61189400030606], [-88.9232190001909, 45.61190500018482], [-88.92337599965143, 45.6118979999766], [-88.92572300014646, 45.61196699974672], [-88.92751800027246, 45.61202000015917], [-88.92722299982137, 45.608406999755296], [-88.93111000017427, 45.608525999900294], [-88.93155200004016, 45.60496299992737]]], [[[-88.34066100034853, 43.570607999726604], [-88.33562599977492, 43.57053700015346], [-88.33563499999573, 43.56917999970506], [-88.33563800036879, 43.5687640000253], [-88.33564000001861, 43.5684940000224], [-88.33564300039167, 43.567846000154226], [-88.33564900023944, 43.56691499969106], [-88.3306339997573, 43.56683699996583], [-88.33063200010749, 43.567127000136146], [-88.33062200006175, 43.56871900000037], [-88.33061200001598, 43.57206299969886], [-88.33061100019108, 43.57220699973569], [-88.33060299979516, 43.572316000194505], [-88.33562999997288, 43.572365000157326], [-88.34064899975465, 43.572412999750235], [-88.34066100034853, 43.570607999726604]]], [[[-88.82514600037567, 45.5577679998694], [-88.82493700013829, 45.55531800002349], [-88.82485599994746, 45.55417499995095], [-88.8248040000689, 45.55256499996008], [-88.82473399974872, 45.55052499970393], [-88.82443400017306, 45.55052599992882], [-88.82360300014474, 45.55052599992882], [-88.82111099988475, 45.55052899997423], [-88.82012800041879, 45.55053000019905], [-88.82009999993139, 45.55233999985533], [-88.82011300035018, 45.557839999814725], [-88.82514600037567, 45.5577679998694]]], [[[-88.85664500001187, 45.57241899996649], [-88.85664400018698, 45.57224500007781], [-88.8565260001862, 45.572246999754356], [-88.85612600015311, 45.57225099973599], [-88.85105899979243, 45.57230399993784], [-88.85105899979243, 45.57558200016924], [-88.85105799996751, 45.575930999881294], [-88.85130700038786, 45.57593899994834], [-88.8565839999125, 45.576057999789576], [-88.85658800011046, 45.57582100025837], [-88.85664500001187, 45.57241899996649]]], [[[-88.58236399960107, 45.5392309998117], [-88.58228499995836, 45.536243999982936], [-88.58226800023992, 45.53560999979195], [-88.57884399966927, 45.53561399986521], [-88.57871499979784, 45.53561399986521], [-88.5785840002766, 45.535614999726164], [-88.5775080000259, 45.53561600021631], [-88.57718800035876, 45.53561700007723], [-88.5771909998335, 45.53584199979386], [-88.57719500003147, 45.536040000058314], [-88.57724799973491, 45.539233999830785], [-88.5774860002846, 45.539233999830785], [-88.57780599995175, 45.539233999830785], [-88.57888300002733, 45.53923300003418], [-88.57901500027181, 45.53923300003418], [-88.57914400014324, 45.53923300003418], [-88.58204300010902, 45.5392309998117], [-88.58236399960107, 45.5392309998117]]], [[[-88.58240499960895, 45.49962899996327], [-88.58239799993626, 45.498801999874914], [-88.58232699979115, 45.49617100004463], [-88.58233199981402, 45.49601600024194], [-88.58207300024625, 45.49601199987168], [-88.57843899961333, 45.49597000005993], [-88.57843500031369, 45.49598499972643], [-88.57841699987202, 45.49879300027384], [-88.57841299967406, 45.499589999945755], [-88.58211000005618, 45.499625999720735], [-88.58240499960895, 45.49962899996327]]], [[[-88.84579599961317, 45.57591199979604], [-88.84578599956743, 45.574140999764], [-88.8457849997425, 45.57399499981693], [-88.84071300025728, 45.57407500005029], [-88.8407280003259, 45.57458600030603], [-88.84076400031091, 45.57584299969716], [-88.84090900007585, 45.57584499987435], [-88.84127599959866, 45.57585000000269], [-88.84579599961317, 45.57591199979604]]], [[[-87.9552059996633, 43.04078800018147], [-87.9543670001374, 43.04079600024158], [-87.95436200011451, 43.04099400024724], [-87.95435799991655, 43.041170000080555], [-87.95424599976357, 43.041170999999835], [-87.95424699958849, 43.041136000189404], [-87.95363999986617, 43.041133999693194], [-87.95355600020058, 43.04112100007696], [-87.95343400000185, 43.04112100007696], [-87.95343300017693, 43.041177000171686], [-87.95342300013118, 43.041563999839475], [-87.95346400013908, 43.041563999839475], [-87.95346300031416, 43.04166099984524], [-87.95346099976604, 43.041761000083184], [-87.95345800029128, 43.04198900006878], [-87.95345499991824, 43.04217400011398], [-87.95334100011543, 43.04217300021105], [-87.95326599977236, 43.0421720003081], [-87.95300600037969, 43.042168000039624], [-87.95300399983154, 43.04227099981182], [-87.95300200018173, 43.04238500027595], [-87.95334100011543, 43.042387000074875], [-87.9534520004435, 43.04238799997431], [-87.95345099972027, 43.04249700007643], [-87.95344900007045, 43.04260599998493], [-87.95344800024554, 43.04271399980562], [-87.95344599969741, 43.04282299998508], [-87.95344400004758, 43.042933999751966], [-87.95334100011543, 43.042931000080294], [-87.95299100031106, 43.042936000189535], [-87.9529870001131, 43.04316199997407], [-87.95299299996088, 43.04325700030887], [-87.95335299981099, 43.04325700030887], [-87.95335100016116, 43.043354000264024], [-87.95365099973682, 43.043356000031366], [-87.95364499988904, 43.043805999859956], [-87.95369299956961, 43.043805999859956], [-87.9536919997447, 43.0438599997226], [-87.95368300042219, 43.044362000134434], [-87.95418700021234, 43.04436300000168], [-87.95418700021234, 43.044328999910455], [-87.95418700021234, 43.0442180000415], [-87.95418700021234, 43.044199999759904], [-87.95418700021234, 43.044157000087125], [-87.95418700021234, 43.043852999937634], [-87.95429099996942, 43.04385200006208], [-87.95494100024774, 43.043842999868225], [-87.95492399963099, 43.04454099974678], [-87.95519499979265, 43.04454200026763], [-87.95519499979265, 43.04428499980307], [-87.95519800016571, 43.04351700012748], [-87.95519899999061, 43.043260999849814], [-87.95519899999061, 43.04294200018879], [-87.95520200036366, 43.041985999694354], [-87.9552040000135, 43.04166799988031], [-87.9552040000135, 43.04139300005823], [-87.9552059996633, 43.04078800018147]]], [[[-87.93590299993983, 43.02986399986424], [-87.93586399958177, 43.02985300003785], [-87.93517300019387, 43.029713999912644], [-87.93505199982005, 43.029692000204086], [-87.9350340002767, 43.029689999991405], [-87.93500300031455, 43.02968500011609], [-87.93464000009139, 43.02960500008553], [-87.93386900033755, 43.02959500032064], [-87.933224999907, 43.02958700011355], [-87.93321900005921, 43.029956000126006], [-87.93320999983838, 43.0305300001867], [-87.934146000347, 43.0305300001867], [-87.93428000024129, 43.0305300001867], [-87.93427699986823, 43.031271000029584], [-87.93426000014979, 43.031435999973084], [-87.93588299984836, 43.03143900020674], [-87.93589000041936, 43.031273000190744], [-87.93589999956679, 43.03019300020795], [-87.93590299993983, 43.02988299985826], [-87.93590299993983, 43.02986399986424]]]]}, "properties": {"NAME": "Forest County Potawatomi (Trust Land)", "GEOID": "1135T", "_type": "trust"}}, {"type": "Feature", "geometry": {"type": "MultiPolygon", "coordinates": [[[[-89.01465399982543, 45.50362300020071], [-89.01474900025998, 45.50096800013068], [-89.01185699996691, 45.50097499969008], [-89.00626400007476, 45.50103899993848], [-89.00529699960403, 45.50105000013128], [-89.00012499966135, 45.50111100013102], [-88.98949000042121, 45.501320999851785], [-88.98435000026561, 45.501422999901315], [-88.9838990001789, 45.50142799972612], [-88.98387900008741, 45.50142799972612], [-88.98382200018601, 45.50143000003374], [-88.98380299991943, 45.50143099987269], [-88.98171599971538, 45.501469999874274], [-88.97545699965137, 45.50158599988074], [-88.97337100017056, 45.50162600024003], [-88.96996199966854, 45.50162099980319], [-88.96363400000756, 45.50159399982895], [-88.96343900001389, 45.50499400020471], [-88.97260299989145, 45.50499200002377], [-88.97373400039372, 45.50499200002377], [-88.97349400019421, 45.50872199993554], [-88.97862900032695, 45.508704999835835], [-88.97856800022758, 45.51944900018345], [-88.98137900032981, 45.51945999992584], [-88.98355199984927, 45.51945999992584], [-88.98365700032956, 45.515841000117014], [-88.98877599967047, 45.5157520000204], [-88.98870200005062, 45.519349999887254], [-88.99374400029694, 45.519273000235785], [-88.9938820003892, 45.519269999781294], [-88.99445499977634, 45.519269999781294], [-88.99527800030701, 45.5192590000017], [-88.99663900006476, 45.51924099978561], [-88.99774600027757, 45.519227000173], [-88.99889600014812, 45.51921199977498], [-88.9990149999738, 45.51557800027362], [-89.00375000007345, 45.515494999814166], [-89.00413400021301, 45.515488000171786], [-89.00399299974771, 45.51914000007462], [-89.00926000012491, 45.5191059998694], [-89.00939099964619, 45.51180899983326], [-89.00631900032636, 45.51182499997064], [-89.00427499978001, 45.51183599994441], [-89.0044420001846, 45.50820400011022], [-89.00795700009351, 45.50818400006758], [-89.01449499981678, 45.508136000313954], [-89.01465399982543, 45.50362300020071]]], [[[-88.96413199994991, 45.4871310000576], [-88.96408099989631, 45.48699900024069], [-88.96404900010926, 45.48655300009787], [-88.96401899997201, 45.48613899996811], [-88.96394399962895, 45.48612699990072], [-88.96328400020317, 45.48602900030435], [-88.96312000017166, 45.486005000120144], [-88.96310799957776, 45.4865910002251], [-88.96232699977818, 45.486585999712624], [-88.9623140002577, 45.48672299973851], [-88.96055199974369, 45.48671199989582], [-88.95883799980852, 45.48669999995048], [-88.95886799994575, 45.48699300029894], [-88.9588579999, 45.488273000063224], [-88.95825600020056, 45.48817499979188], [-88.95772599957282, 45.48823100014775], [-88.95710299995699, 45.48845599982424], [-88.95668500038056, 45.48875899986617], [-88.95641000002094, 45.488900999952605], [-88.95634700027175, 45.48913800015986], [-88.95650999958005, 45.48945300030277], [-88.95654999976301, 45.48953299996858], [-88.95708799988837, 45.490219000011], [-88.95373500036115, 45.49021799997297], [-88.95374899970653, 45.49221600026138], [-88.95376499960005, 45.49348599992168], [-88.95376799997311, 45.49377299975558], [-88.95596599960692, 45.4937580001296], [-88.95953900014048, 45.493733000114375], [-88.95967399985969, 45.49355900030558], [-88.9598279998455, 45.493379000067904], [-88.95992900012783, 45.493263000155665], [-88.96030300022163, 45.492782000136025], [-88.96030900006942, 45.4927730002026], [-88.96150199959767, 45.49134600011482], [-88.96186999984369, 45.49090799996249], [-88.96189900015601, 45.49087000022861], [-88.96134099993918, 45.49087599975744], [-88.96088599965451, 45.49088199991534], [-88.96083600032411, 45.48966600019275], [-88.96081399968449, 45.48910999980996], [-88.96077400039984, 45.48875300011189], [-88.96065499967582, 45.4876820000369], [-88.96064299998027, 45.48756599972682], [-88.96062999956146, 45.487446000088426], [-88.96061600021608, 45.48732600019446], [-88.96060299979729, 45.487217999882326], [-88.96059299975155, 45.48713499979913], [-88.96083499960089, 45.48713699998471], [-88.96094400027916, 45.487138000077444], [-88.96110499993763, 45.48713699998471], [-88.96114900031856, 45.48713699998471], [-88.96135400035796, 45.48713499979913], [-88.96153500010793, 45.487133999706344], [-88.96158799981139, 45.487133999706344], [-88.96164200023806, 45.487133999706344], [-88.96174900036817, 45.48713300024332], [-88.96189599978297, 45.487133999706344], [-88.96204800011893, 45.48713200015045], [-88.96294500026947, 45.487121999850906], [-88.96324400002021, 45.48711900020153], [-88.96342099957222, 45.487120999757884], [-88.96395399967469, 45.48712799977892], [-88.96413199994991, 45.4871310000576]]], [[[-88.98009100036701, 45.482826000075306], [-88.98109999977223, 45.48212899995421], [-88.97905299975116, 45.481897999714946], [-88.977667999704, 45.4816839998642], [-88.97692799991226, 45.481297000124414], [-88.97578300006462, 45.48083699984362], [-88.97568099995738, 45.480796999833416], [-88.97536299994003, 45.480720999924756], [-88.97525699963484, 45.4806959997915], [-88.97503999989985, 45.48064300012736], [-88.97476200006552, 45.480577000214446], [-88.97439100034475, 45.48048799978956], [-88.97422399994016, 45.48044800016145], [-88.97417500043468, 45.48046000017882], [-88.97363899995916, 45.48058799999533], [-88.97326300021551, 45.480704999765145], [-88.97319700009328, 45.480033999885954], [-88.972698000326, 45.480111000308966], [-88.97260500043959, 45.48013300005056], [-88.97247999986779, 45.480177999724326], [-88.97220000038364, 45.48030999977777], [-88.97198100010051, 45.48042499970104], [-88.97179500032767, 45.48054600001874], [-88.9713890004468, 45.480777000132576], [-88.97127999976854, 45.48082399970173], [-88.97104700014003, 45.48092500014404], [-88.97089099960613, 45.48094799977048], [-88.97077400032859, 45.48094799977048], [-88.97059500022843, 45.48089299993618], [-88.9705650000912, 45.480898999897825], [-88.97002199994299, 45.48101099990401], [-88.97000100002658, 45.48101500008007], [-88.96934700044861, 45.4809060000622], [-88.96916800034846, 45.480860999710146], [-88.96904100012686, 45.48082799989106], [-88.96885500035401, 45.480735000296875], [-88.96855099968208, 45.48051600001624], [-88.96841799961268, 45.48035099971712], [-88.96837099975703, 45.480262999779896], [-88.96834300016793, 45.48017100009936], [-88.96798499996765, 45.480166999863386], [-88.9678200001112, 45.480165000060246], [-88.96779800036991, 45.48016600027676], [-88.9674960002461, 45.480163000256994], [-88.96723699978003, 45.480160999823845], [-88.96721500003872, 45.47988700027497], [-88.96721699968853, 45.479794999980534], [-88.96733899988728, 45.4797579999019], [-88.96730100025245, 45.47969800030157], [-88.96400499972832, 45.479734999789734], [-88.96400399990341, 45.47976599980182], [-88.96399899988053, 45.480061000119896], [-88.96401999979693, 45.48033600029579], [-88.96404699956112, 45.481075000167515], [-88.96391299966682, 45.48184399973509], [-88.96387300038216, 45.481975000109884], [-88.96385199956745, 45.48233400029218], [-88.96385499994048, 45.483315000118715], [-88.96444099974642, 45.48295300001805], [-88.97160700000671, 45.48294200006905], [-88.97222499959967, 45.48318899989524], [-88.97942500019515, 45.48329600021303], [-88.97972599959571, 45.483053000257485], [-88.98009100036701, 45.482826000075306]]]]}, "properties": {"NAME": "Sokaogon Chippewa (Trust Land)", "GEOID": "3885T", "_type": "trust"}}, {"type": "Feature", "geometry": {"type": "Polygon", "coordinates": [[[-89.87355900036624, 47.888434999717006], [-89.87355900036624, 47.88498600001493], [-89.86850200005131, 47.88498600001493], [-89.8684519998226, 47.888434999717006], [-89.87355900036624, 47.888434999717006]]]}, "properties": {"NAME": "Grand Portage (Trust Land)", "GEOID": "1355T", "_type": "trust"}}, {"type": "Feature", "geometry": {"type": "MultiPolygon", "coordinates": [[[[-85.66207199966999, 42.637943000032664], [-85.66207400021811, 42.63762600007212], [-85.66158999962113, 42.63762399968576], [-85.65528700007452, 42.63762799979761], [-85.65524799971645, 42.639167000121645], [-85.65248000017023, 42.63918400000841], [-85.65252899967572, 42.64483200003235], [-85.65491700017866, 42.64483999998977], [-85.6549270002244, 42.645676000112054], [-85.65500599986711, 42.652105999850065], [-85.65751499984556, 42.652105999850065], [-85.65753400011214, 42.653315000012356], [-85.65864100032496, 42.65331100024837], [-85.65863299992904, 42.652105999850065], [-85.66131500015983, 42.652105999850065], [-85.66192400043029, 42.6521039999292], [-85.6620020002481, 42.645683000227685], [-85.6620089999208, 42.64486600000949], [-85.66207199966999, 42.637943000032664]]], [[[-85.58887000025433, 42.614411999833294], [-85.58882400022357, 42.608828000324856], [-85.58564900007327, 42.60882699999946], [-85.58566599979171, 42.60928200026458], [-85.58520399983435, 42.60927399970302], [-85.5851929999637, 42.60882699999946], [-85.58468699962539, 42.60882699999946], [-85.58439299989752, 42.608828999989015], [-85.58439399972244, 42.60924000011489], [-85.58419600025402, 42.60924000011489], [-85.58323899982902, 42.60924000011489], [-85.58334799960897, 42.61358700025217], [-85.58383499968069, 42.61372899973747], [-85.58410500001744, 42.61402999986652], [-85.5846160003786, 42.614299000204866], [-85.58506300026735, 42.614529999764706], [-85.58561300008827, 42.61482000011396], [-85.58578100031775, 42.61490799972038], [-85.5867639997837, 42.615015999758505], [-85.58691699994458, 42.61496699990521], [-85.58700399998322, 42.61493900016061], [-85.58734600028998, 42.614942999747115], [-85.58745699971975, 42.61491800001334], [-85.58786799962348, 42.614826000166204], [-85.58837499978668, 42.6146170002096], [-85.58887000025433, 42.614411999833294]]], [[[-85.61904699959254, 42.62174399970689], [-85.61885900016989, 42.62161799992699], [-85.61724200031912, 42.61967000024321], [-85.61721700020477, 42.617863999743044], [-85.61537799969783, 42.617864999923256], [-85.61541100020811, 42.61966600029926], [-85.61535799960636, 42.61966500014794], [-85.6148050003107, 42.619662999845325], [-85.61487399990767, 42.62328699990106], [-85.61538799974358, 42.623283000189474], [-85.61596299967884, 42.623284000282624], [-85.6174590000541, 42.62328799999415], [-85.61761200021496, 42.62324900031699], [-85.6176980004287, 42.62320500014344], [-85.61777600024651, 42.6231449997365], [-85.61781999972912, 42.6230530001459], [-85.61786999995783, 42.62276399990107], [-85.61790099991998, 42.62268300021845], [-85.61827800038685, 42.62217299989416], [-85.61838299996883, 42.62203799996443], [-85.61849199974877, 42.621943999830705], [-85.6186420004349, 42.621856000251995], [-85.61883300023061, 42.62178399978303], [-85.61904699959254, 42.62174399970689]]], [[[-85.65200099959614, 42.629027000073975], [-85.65189199981619, 42.626236999792475], [-85.6518850001435, 42.62605699989383], [-85.65176999961746, 42.623130999721354], [-85.65146300036909, 42.623131999816955], [-85.65140399991955, 42.62406099974046], [-85.65090199977921, 42.62483200032815], [-85.65054699995198, 42.625513000150626], [-85.65000100032904, 42.62534999984146], [-85.64954900041741, 42.62543600031325], [-85.6496189998393, 42.62575100012747], [-85.64917399960038, 42.62636799969631], [-85.64866499978736, 42.62734799970193], [-85.6477669998119, 42.62799199978427], [-85.64774099987262, 42.62803699989607], [-85.64774099987262, 42.63030000010724], [-85.64774800044364, 42.63042400020379], [-85.6494649998535, 42.630423000225335], [-85.64946900005148, 42.630268000063516], [-85.64945900000572, 42.62995799990378], [-85.65044599966966, 42.62995799990378], [-85.65046900013418, 42.63042200024686], [-85.65193199999916, 42.63042100026837], [-85.65188799961822, 42.629026000073075], [-85.65200099959614, 42.629027000073975]]], [[[-85.66217999962501, 42.62764299995697], [-85.66222499983087, 42.623171000228425], [-85.65709899991896, 42.62312300027783], [-85.6545199996203, 42.62314300020667], [-85.65217100037377, 42.623130999721354], [-85.65217399984849, 42.626298999952894], [-85.65216800000071, 42.63042100026837], [-85.65217100037377, 42.630990999949894], [-85.65218300006931, 42.63136499992181], [-85.65246699975145, 42.63131099989501], [-85.653215999764, 42.6313030001808], [-85.65319099964962, 42.630414999736054], [-85.65710499976673, 42.63039300020282], [-85.65718799960739, 42.63039300020282], [-85.65848499979103, 42.63038599968876], [-85.65892900020505, 42.630383999730604], [-85.6590100003959, 42.630383999730604], [-85.65901200004572, 42.63024699979869], [-85.65902399974128, 42.6301540001459], [-85.65903399978704, 42.63010199969667], [-85.65904899985563, 42.6300410000041], [-85.65905399987852, 42.62999799998981], [-85.65905700025156, 42.62994800004346], [-85.65905700025156, 42.62957200016487], [-85.65996000024988, 42.629570000180514], [-85.65996400044784, 42.629241999897545], [-85.66077500038467, 42.62923999990264], [-85.66076899963858, 42.63037899983489], [-85.66138499958173, 42.63037799985571], [-85.66175700002572, 42.62938300003959], [-85.66194100014873, 42.62880300012885], [-85.66217799997519, 42.628203999835705], [-85.66217999962501, 42.62764299995697]]], [[[-85.67270500015863, 42.630634999928276], [-85.67269699976269, 42.62933100026814], [-85.67267699967121, 42.6282790001892], [-85.67267800039444, 42.62345400002467], [-85.67267900021935, 42.6233809999901], [-85.66776300036972, 42.62335699976993], [-85.66774300027824, 42.62519400020424], [-85.66283800029927, 42.6251420002383], [-85.66284999999483, 42.62660000013107], [-85.66352799986227, 42.62659800005127], [-85.66354200010596, 42.62768100016379], [-85.66308099997352, 42.62759500014962], [-85.66285900021568, 42.62762100010497], [-85.66294799990413, 42.62795599980359], [-85.66305400020934, 42.628272000098335], [-85.66343999999872, 42.629416999866635], [-85.66375499964298, 42.63038700032879], [-85.66521199966017, 42.630529999813376], [-85.66617699958279, 42.63060000012993], [-85.66878000017086, 42.630616999713446], [-85.66896199974575, 42.63061799968879], [-85.6689509998751, 42.629733000014774], [-85.67022700014233, 42.62973899995185], [-85.67022799996722, 42.630105000308454], [-85.6702749998229, 42.630625000176714], [-85.67270500015863, 42.630634999928276]]], [[[-85.75144599993806, 42.60154099998824], [-85.75155100041836, 42.59857300031122], [-85.74552400015794, 42.59854200032183], [-85.74391099960683, 42.59988099999454], [-85.74352300016763, 42.600202000281264], [-85.74351099957374, 42.6002139998953], [-85.7434939998553, 42.60261699985454], [-85.74349300003038, 42.60264900022477], [-85.74198499995957, 42.602625999712345], [-85.74199099980736, 42.60395899978494], [-85.74199099980736, 42.60397699977281], [-85.74184400039256, 42.60397600003078], [-85.74185000024038, 42.605333000214536], [-85.74185000024038, 42.60534599988285], [-85.74178699959283, 42.60534599988285], [-85.74161300041389, 42.60534399978146], [-85.74161300041389, 42.60538099999356], [-85.74160900021593, 42.60602499984343], [-85.74156700038314, 42.60941700008167], [-85.74636799970672, 42.60944900026476], [-85.74644800007266, 42.60580099978832], [-85.74850400031457, 42.60581800019265], [-85.74936700012994, 42.605827999961626], [-85.74958899988778, 42.60582899967398], [-85.7509079998127, 42.60583799972898], [-85.75129500032533, 42.60584100018784], [-85.75131000039394, 42.60541899990261], [-85.75133999963283, 42.60458499998139], [-85.75134899985368, 42.60431800013985], [-85.75144000009028, 42.601726000220054], [-85.75144599993806, 42.60154099998824]]]]}, "properties": {"NAME": "Match-e-be-nash-she-wish Band of Pottawatomi (Trust Land)", "GEOID": "2150T", "_type": "trust"}}, {"type": "Feature", "geometry": {"type": "MultiPolygon", "coordinates": [[[[-89.30993900037438, 46.329614000134114], [-89.30993900037438, 46.329393999852236], [-89.30862799994705, 46.3293949997709], [-89.30839100012058, 46.32939800014722], [-89.30837400040215, 46.329215999766014], [-89.30831300030277, 46.32877099980759], [-89.30827800014268, 46.31505099972279], [-89.29777799972342, 46.315085999837855], [-89.29781299988353, 46.31883100006593], [-89.29347299979409, 46.318866000244995], [-89.29357800027438, 46.32261099985148], [-89.29805800010593, 46.3225760002069], [-89.298197999848, 46.32632100020964], [-89.30309799980411, 46.32632100020964], [-89.30320199956117, 46.331810000066135], [-89.30435399997984, 46.33182500004294], [-89.30550999969816, 46.331836999773344], [-89.30567299990477, 46.33183900014166], [-89.30717099992987, 46.33186199972012], [-89.30737500014435, 46.33186499996106], [-89.30754300037384, 46.331868000201844], [-89.30960200009049, 46.33191399994489], [-89.30993900037438, 46.329614000134114]], [[-89.30666600031479, 46.32201200015253], [-89.30665700009396, 46.32208000003616], [-89.30662500030691, 46.32216199992935], [-89.30658199975089, 46.32225300014359], [-89.30645799990232, 46.322412999723795], [-89.30629600041894, 46.32262299974217], [-89.30624799984004, 46.32279499995439], [-89.30624100016735, 46.32291200008911], [-89.30628300000015, 46.32314999973943], [-89.30628200017523, 46.3232259997016], [-89.30626499955848, 46.32330300020863], [-89.30622899957346, 46.323389000243935], [-89.30614999993075, 46.32347200006329], [-89.3058360001114, 46.32374399989671], [-89.30580900034722, 46.323769999841915], [-89.30571800011063, 46.32386299990266], [-89.30550800004833, 46.32402499977096], [-89.30543699990322, 46.324053000235686], [-89.30513200030468, 46.324221000241685], [-89.3049980004104, 46.32424699996016], [-89.30486199996795, 46.32421300013495], [-89.30478900017303, 46.32417900028856], [-89.30471200018015, 46.324131000213995], [-89.30467199999717, 46.324123000094076], [-89.30453899992777, 46.32406699984233], [-89.30424000017703, 46.324000999981585], [-89.30403199976456, 46.323964999967565], [-89.30395200029695, 46.323948000280126], [-89.3038440003419, 46.323918999742865], [-89.30375599958003, 46.32390300006024], [-89.3036600002189, 46.323873000099866], [-89.30351499955562, 46.32381700021257], [-89.3034149999965, 46.323800999879744], [-89.30312100026863, 46.32377599997069], [-89.30303400023, 46.323782000098774], [-89.30296300008489, 46.32379299971158], [-89.30290899965821, 46.3238160001919], [-89.30282699964245, 46.32384000006243], [-89.3027809996117, 46.32386800000152], [-89.30272700008334, 46.32391000019336], [-89.30233899974583, 46.32410199977378], [-89.30222199956995, 46.32413999972714], [-89.30208799967565, 46.324175000232266], [-89.30199399996432, 46.324194999890466], [-89.30187599996354, 46.32420099997263], [-89.30180399999354, 46.32420299999984], [-89.30137499964812, 46.324167000118784], [-89.30130400040133, 46.32415900000414], [-89.30121599963947, 46.32413799969762], [-89.30115200006536, 46.324131000213995], [-89.30108000009535, 46.32411399995782], [-89.3010280002168, 46.324088000176104], [-89.30100300010244, 46.324070999906525], [-89.300986000384, 46.324053000235686], [-89.30097700016319, 46.32401700025592], [-89.30095399969865, 46.323842000102886], [-89.30087699970575, 46.32372200002887], [-89.30077399977358, 46.32362500025229], [-89.30073399959063, 46.323599000238225], [-89.3007040003517, 46.32355899985832], [-89.30061399994003, 46.32348399976514], [-89.30058899982568, 46.32344900005868], [-89.30059300002364, 46.323260000140266], [-89.30060100041955, 46.323169999772354], [-89.30059899987141, 46.32313399983187], [-89.30058600035092, 46.32308400001313], [-89.3005279997263, 46.3229369997726], [-89.30048500006859, 46.322856999876684], [-89.30046300032728, 46.32280300026851], [-89.3002409996711, 46.32242100009377], [-89.30015100015774, 46.322256000291226], [-89.30007199961672, 46.32216800023445], [-89.29972099998743, 46.32191799999177], [-89.29965400004028, 46.32184300013048], [-89.29935399956632, 46.321282000165496], [-89.29935299974142, 46.32116500026731], [-89.29937899968067, 46.321120000239794], [-89.29942800008448, 46.32097000008777], [-89.29944900000088, 46.32092000015249], [-89.29947499994014, 46.320879000221105], [-89.29951799959784, 46.32076599976692], [-89.299768999668, 46.320409999939805], [-89.2998170002469, 46.32033200023989], [-89.2998370003384, 46.320259999702394], [-89.2999589996388, 46.320049999919995], [-89.30006099974605, 46.319823000223614], [-89.30009599990616, 46.31953499978913], [-89.30012699986831, 46.31942200028169], [-89.30014299976182, 46.319326999911276], [-89.3001200001956, 46.31925999981207], [-89.30008199966245, 46.319206999860675], [-89.29994600011834, 46.31906500028803], [-89.29971599996456, 46.31886699973573], [-89.29953799968935, 46.31878999981001], [-89.29923700028877, 46.318696999811635], [-89.29915600009792, 46.31865399984569], [-89.29915299972487, 46.318636000253875], [-89.29915799974773, 46.31860900023469], [-89.29915699992281, 46.31857700024061], [-89.29919799993071, 46.31851300019635], [-89.29940499961994, 46.31834700027555], [-89.29946700044252, 46.31832799984138], [-89.29959299994091, 46.31830299991311], [-89.3004309996419, 46.3181819999748], [-89.30069500013087, 46.318123000092434], [-89.30100800012532, 46.31805400012827], [-89.30122300021047, 46.31798699971116], [-89.30132399959449, 46.317948999827024], [-89.30142599970176, 46.31790099987039], [-89.30163199956607, 46.31781600002478], [-89.30174200006924, 46.31779599989599], [-89.30191600014652, 46.31778800009055], [-89.30199499978924, 46.31779099986264], [-89.30207500015517, 46.317803000190054], [-89.30216300001872, 46.31782399982612], [-89.30232799987516, 46.31788800005582], [-89.30238399995166, 46.31792300021764], [-89.30242599978445, 46.31795799973664], [-89.3027730001141, 46.31831100026364], [-89.30285299958172, 46.31841699998962], [-89.30310700002494, 46.3187270001286], [-89.30314899985771, 46.31878899969744], [-89.3031909996905, 46.31883300028951], [-89.30324400029227, 46.31887700022576], [-89.30330100019368, 46.318907999934], [-89.3033499996992, 46.318943000063776], [-89.3034989996621, 46.31900299979106], [-89.30358700042396, 46.31902300009915], [-89.30389700004535, 46.319066999882615], [-89.30397300021333, 46.31907000020497], [-89.30415200031347, 46.3190980001036], [-89.3042879998576, 46.319134999703984], [-89.3044560000871, 46.31926200001991], [-89.30450600031581, 46.31931100012652], [-89.3046889997156, 46.319540999761955], [-89.30473599957126, 46.31961199990729], [-89.30488200005946, 46.319776000144195], [-89.30491200019667, 46.31985199983007], [-89.3049909998394, 46.320218999896845], [-89.3050410000681, 46.32028100025669], [-89.30517800033545, 46.320413000188495], [-89.30550700022343, 46.320708000266734], [-89.30556400012482, 46.32074800024951], [-89.30571300008775, 46.32081200016114], [-89.30588299996705, 46.320903000139246], [-89.30609100037952, 46.321033999739726], [-89.30616900019733, 46.32110000007786], [-89.30635199959711, 46.321308000039956], [-89.3065340000703, 46.3216010001334], [-89.30665399972092, 46.32191399977016], [-89.30666600031479, 46.32201200015253]]], [[[-89.17332899981086, 46.29699299984749], [-89.17332299996308, 46.29667399980529], [-89.17331799994021, 46.29645399989196], [-89.17325900038897, 46.29333999977767], [-89.1732400001224, 46.292341000195265], [-89.1732259998787, 46.29159400000798], [-89.17322400022887, 46.29149499978694], [-89.17322500005378, 46.29141799983611], [-89.17323500009952, 46.28980100007157], [-89.17324799961999, 46.28612700013575], [-89.17305299962634, 46.28612700013575], [-89.17273700015716, 46.28612700013575], [-89.17182999996086, 46.28612700013575], [-89.1705439996479, 46.286128000224345], [-89.17022800017872, 46.286128000224345], [-89.16809400011901, 46.286128000224345], [-89.16809999996678, 46.289805000157536], [-89.16805899995892, 46.289805000157536], [-89.16809099974594, 46.29212000027543], [-89.16810800036271, 46.29215300019931], [-89.16811199966234, 46.29224999989814], [-89.1680930002941, 46.292262000239255], [-89.16810300033984, 46.292952000225284], [-89.16812099988319, 46.29423900021376], [-89.16812400025624, 46.29445899971539], [-89.16816000024126, 46.296997000028846], [-89.16879700010078, 46.296996000138705], [-89.16942800011256, 46.296996000138705], [-89.17207699983308, 46.29699399973769], [-89.17218399996321, 46.29699399973769], [-89.17332899981086, 46.29699299984749]]], [[[-89.17333800003169, 46.26817200004388], [-89.17333399983372, 46.26806800011411], [-89.17332999963575, 46.26797600005951], [-89.1721980002069, 46.267997000180074], [-89.17217599956727, 46.26678400010642], [-89.17215999967375, 46.26636099980754], [-89.17215300000106, 46.26619599992912], [-89.1721349995594, 46.265750000030394], [-89.17329299982585, 46.265727999830055], [-89.17329299982585, 46.26570399994023], [-89.17326900043473, 46.26452899978034], [-89.17326699988658, 46.26442499977022], [-89.17153500040808, 46.26442799998225], [-89.16812000005828, 46.26443399978489], [-89.16821600031774, 46.268180000269155], [-89.16991099998631, 46.26817700026242], [-89.17014799981278, 46.26817700026242], [-89.1722049998796, 46.268174000255556], [-89.17244199970607, 46.268174000255556], [-89.17333800003169, 46.26817200004388]]], [[[-89.17822299991917, 46.26829800019598], [-89.17824499966049, 46.268147999982034], [-89.17814199972833, 46.26814700018624], [-89.17794799955956, 46.26815099999036], [-89.17776599998469, 46.26815399999848], [-89.17697599996427, 46.26814899977786], [-89.17675800040438, 46.26815099999036], [-89.17675500003132, 46.26885200011944], [-89.17821399969836, 46.26883899983453], [-89.1782110002236, 46.2685019998282], [-89.17822299991917, 46.26829800019598]]], [[[-89.1833720002956, 46.26446099981995], [-89.1833229998918, 46.26444400028244], [-89.18327600003616, 46.26442700011861], [-89.18274100028385, 46.26424800000995], [-89.18240800019794, 46.26413800025343], [-89.18190500023267, 46.2639860000912], [-89.18125999997721, 46.26380800028067], [-89.18077999957819, 46.263684999997174], [-89.18028900020683, 46.263567000076804], [-89.17999299993083, 46.263505999949956], [-89.17969400018006, 46.26344499975523], [-89.17938500038359, 46.263629000014], [-89.17927200040567, 46.26371599990781], [-89.17926999985754, 46.263994000306354], [-89.17929300032208, 46.26443600013295], [-89.17910199962805, 46.26453500019291], [-89.17887200037259, 46.26463099987332], [-89.17873500010525, 46.264687999933955], [-89.17875199982369, 46.26470300029965], [-89.17884700025824, 46.264805999925635], [-89.17894000014466, 46.264908000124265], [-89.17903700022903, 46.265014000166104], [-89.17909599978027, 46.265078000033554], [-89.17932099991117, 46.26533899985463], [-89.17941600034573, 46.26544900030639], [-89.17960999961616, 46.26536699991153], [-89.18007900014454, 46.265172000305014], [-89.18037899972019, 46.26505200015464], [-89.17985300018873, 46.26444199993466], [-89.1833720002956, 46.26446099981995]]]]}, "properties": {"NAME": "Lac Vieux Desert (Trust Land)", "GEOID": "1830T", "_type": "trust"}}]}